ℹ [2/106] Replayed SegmentedResidualRole
info: SegmentedResidualRole.lean:791:0: 'SegmentedResidualRole.ExactInternalRealization' does not depend on any axioms
info: SegmentedResidualRole.lean:792:0: 'SegmentedResidualRole.ResidualUniquenessKernel' does not depend on any axioms
info: SegmentedResidualRole.lean:793:0: 'SegmentedResidualRole.ResidualDeterminationCore' does not depend on any axioms
info: SegmentedResidualRole.lean:794:0: 'SegmentedResidualRole.ResidualDeterminationCore.label_is_residual' does not depend on any axioms
info: SegmentedResidualRole.lean:795:0: 'SegmentedResidualRole.ResidualDeterminationCore.occurrences_unique' does not depend on any axioms
info: SegmentedResidualRole.lean:796:0: 'SegmentedResidualRole.CoreUniqueResidualOccurrence' does not depend on any axioms
info: SegmentedResidualRole.lean:797:0: 'SegmentedResidualRole.positiveCore_hasUniqueResidualOccurrence' does not depend on any axioms
info: SegmentedResidualRole.lean:798:0: 'SegmentedResidualRole.CoreUniqueResidualOccurrence.toKernel' does not depend on any axioms
info: SegmentedResidualRole.lean:799:0: 'SegmentedResidualRole.FaithfulExtension.toResidualUniquenessKernel' does not depend on any axioms
info: SegmentedResidualRole.lean:800:0: 'SegmentedResidualRole.ResidualUniquenessKernel.newOccurrence_cannotReuseInternalRole' does not depend on any axioms
info: SegmentedResidualRole.lean:801:0: 'SegmentedResidualRole.ResidualUniquenessKernel.toDeterminationCore' does not depend on any axioms
info: SegmentedResidualRole.lean:802:0: 'SegmentedResidualRole.ResidualUniquenessKernel.newOccurrence_label_is_residual' does not depend on any axioms
info: SegmentedResidualRole.lean:803:0: 'SegmentedResidualRole.ResidualUniquenessKernel.newOccurrences_unique' does not depend on any axioms
info: SegmentedResidualRole.lean:804:0: 'SegmentedResidualRole.FaithfulExtension.newOccurrence_cannotReuseInternalRole' does not depend on any axioms
info: SegmentedResidualRole.lean:805:0: 'SegmentedResidualRole.FaithfulExtension.newOccurrence_label_is_residual' does not depend on any axioms
info: SegmentedResidualRole.lean:806:0: 'SegmentedResidualRole.FaithfulExtension.newOccurrences_unique' does not depend on any axioms
info: SegmentedResidualRole.lean:807:0: 'SegmentedResidualRole.KernelUniqueResidualOccurrence' does not depend on any axioms
info: SegmentedResidualRole.lean:808:0: 'SegmentedResidualRole.positiveKernel_hasUniqueResidualOccurrence' does not depend on any axioms
info: SegmentedResidualRole.lean:809:0: 'SegmentedResidualRole.OldLabelsInternal' does not depend on any axioms
info: SegmentedResidualRole.lean:810:0: 'SegmentedResidualRole.ExactInternalCompletion' does not depend on any axioms
info: SegmentedResidualRole.lean:811:0: 'SegmentedResidualRole.ExactReconstructionConditions' does not depend on any axioms
info: SegmentedResidualRole.lean:812:0: 'SegmentedResidualRole.ExactReconstructionConditions.toExactInternalCompletion' does not depend on any axioms
info: SegmentedResidualRole.lean:813:0: 'SegmentedResidualRole.ExactInternalCompletion.toExactInternalRealization' does not depend on any axioms
info: SegmentedResidualRole.lean:814:0: 'SegmentedResidualRole.ExactInternalCompletion.toReconstructionConditions' does not depend on any axioms
info: SegmentedResidualRole.lean:815:0: 'SegmentedResidualRole.ExactInternalCompletion.occurrenceToRole_pointwise_unique' does not depend on any axioms
info: SegmentedResidualRole.lean:816:0: 'SegmentedResidualRole.ResidualUniquenessKernel.oldLabelsInternal_of_positive' does not depend on any axioms
info: SegmentedResidualRole.lean:817:0: 'SegmentedResidualRole.ResidualUniquenessKernel.toExactInternalCompletion_of_positive' does not depend on any axioms
info: SegmentedResidualRole.lean:818:0: 'SegmentedResidualRole.FaithfulExtension.internalCompletion' does not depend on any axioms
info: SegmentedResidualRole.lean:819:0: 'SegmentedResidualRole.FaithfulExtension.embedOld_injective' does not depend on any axioms
info: SegmentedResidualRole.lean:820:0: 'SegmentedResidualRole.FaithfulExtension.reconstructInternalCompletion' does not depend on any axioms
info: SegmentedResidualRole.lean:821:0: 'SegmentedResidualRole.FaithfulExtension.reconstructed_roleToOccurrence_eq' does not depend on any axioms
info: SegmentedResidualRole.lean:822:0: 'SegmentedResidualRole.FaithfulExtension.reconstructed_roleToOccurrence_agrees' does not depend on any axioms
info: SegmentedResidualRole.lean:823:0: 'SegmentedResidualRole.FaithfulExtension.reconstructed_occurrenceToRole_agrees' does not depend on any axioms
info: SegmentedResidualRole.lean:824:0: 'SegmentedResidualRole.positiveExtension_hasUniqueResidualOccurrence' does not depend on any axioms
info: SegmentedResidualRole.lean:825:0: 'SegmentedResidualRole.CoreUniqueResidualOccurrence.toRich' does not depend on any axioms
info: SegmentedResidualRole.lean:826:0: 'SegmentedResidualRole.positiveExtension_result_occurrence' does not depend on any axioms
ℹ [3/106] Replayed AbstractSegmentedTurning
info: AbstractSegmentedTurning.lean:1177:0: 'AbstractSegmentedTurning.BoundaryGenerator.continuation_ne_boundary' does not depend on any axioms
info: AbstractSegmentedTurning.lean:1178:0: 'AbstractSegmentedTurning.ObstructedRegime.exactClassification' does not depend on any axioms
info: AbstractSegmentedTurning.lean:1179:0: 'AbstractSegmentedTurning.ObstructedRegime.continuation_outside_regime' does not depend on any axioms
info: AbstractSegmentedTurning.lean:1180:0: 'AbstractSegmentedTurning.ObstructedRegime.no_strict_regime_extension' does not depend on any axioms
info: AbstractSegmentedTurning.lean:1181:0: 'AbstractSegmentedTurning.CoreSegmentedBoundary' does not depend on any axioms
info: AbstractSegmentedTurning.lean:1182:0: 'AbstractSegmentedTurning.SegmentedBoundary.toCoreBoundary' does not depend on any axioms
info: AbstractSegmentedTurning.lean:1183:0: 'AbstractSegmentedTurning.CoreTurningConclusion' does not depend on any axioms
info: AbstractSegmentedTurning.lean:1184:0: 'AbstractSegmentedTurning.coreTurning' does not depend on any axioms
info: AbstractSegmentedTurning.lean:1185:0: 'AbstractSegmentedTurning.CorePositiveResidualBoundary' does not depend on any axioms
info: AbstractSegmentedTurning.lean:1186:0: 'AbstractSegmentedTurning.CorePositiveResidualBoundary.uniqueResidualOccurrence' does not depend on any axioms
info: AbstractSegmentedTurning.lean:1187:0: 'AbstractSegmentedTurning.PositiveResidualBoundary.toCoreBoundary' does not depend on any axioms
info: AbstractSegmentedTurning.lean:1188:0: 'AbstractSegmentedTurning.CoreCoupledObstructedRegime' does not depend on any axioms
info: AbstractSegmentedTurning.lean:1189:0: 'AbstractSegmentedTurning.CoreCoupledObstructedRegime.exactClassification' does not depend on any axioms
info: AbstractSegmentedTurning.lean:1190:0: 'AbstractSegmentedTurning.CoreCoupledObstructedRegime.toObstructedRegime' does not depend on any axioms
info: AbstractSegmentedTurning.lean:1191:0: 'AbstractSegmentedTurning.CoreCoupledObstructedRegime.admittedPositiveBoundary_rejected' does not depend on any axioms
info: AbstractSegmentedTurning.lean:1192:0: 'AbstractSegmentedTurning.CoreCoupledObstructedRegime.continuation_outside_regime' does not depend on any axioms
info: AbstractSegmentedTurning.lean:1193:0: 'AbstractSegmentedTurning.CoreCoupledObstructedRegime.no_strict_regime_extension' does not depend on any axioms
info: AbstractSegmentedTurning.lean:1194:0: 'AbstractSegmentedTurning.CoreCoupledTurningConclusion' does not depend on any axioms
info: AbstractSegmentedTurning.lean:1195:0: 'AbstractSegmentedTurning.coreCoupledTurning' does not depend on any axioms
info: AbstractSegmentedTurning.lean:1196:0: 'AbstractSegmentedTurning.CoupledObstructedRegime.toCoreCoupled' does not depend on any axioms
info: AbstractSegmentedTurning.lean:1197:0: 'AbstractSegmentedTurning.abstractTurning' does not depend on any axioms
info: AbstractSegmentedTurning.lean:1198:0: 'AbstractSegmentedTurning.PositiveResidualBoundary.uniqueResidualOccurrence' does not depend on any axioms
info: AbstractSegmentedTurning.lean:1199:0: 'AbstractSegmentedTurning.CoupledObstructedRegime.exactClassification' does not depend on any axioms
info: AbstractSegmentedTurning.lean:1200:0: 'AbstractSegmentedTurning.CoupledObstructedRegime.toObstructedRegime' does not depend on any axioms
info: AbstractSegmentedTurning.lean:1201:0: 'AbstractSegmentedTurning.CoupledObstructedRegime.admittedPositiveBoundary_rejected' does not depend on any axioms
info: AbstractSegmentedTurning.lean:1202:0: 'AbstractSegmentedTurning.coupledTurning' does not depend on any axioms
info: AbstractSegmentedTurning.lean:1203:0: 'AbstractSegmentedTurning.RegimeExit' does not depend on any axioms
info: AbstractSegmentedTurning.lean:1204:0: 'AbstractSegmentedTurning.RegimeExit.mapFaithful' does not depend on any axioms
info: AbstractSegmentedTurning.lean:1205:0: 'AbstractSegmentedTurning.RegimeExit.restrictRegime' does not depend on any axioms
info: AbstractSegmentedTurning.lean:1206:0: 'AbstractSegmentedTurning.RegimeExit.refutesFaithfulToRegime' does not depend on any axioms
info: AbstractSegmentedTurning.lean:1207:0: 'AbstractSegmentedTurning.RegimeExit.mapFaithful_id' does not depend on any axioms
info: AbstractSegmentedTurning.lean:1208:0: 'AbstractSegmentedTurning.RegimeExit.mapFaithful_comp' does not depend on any axioms
info: AbstractSegmentedTurning.lean:1209:0: 'AbstractSegmentedTurning.RegimeExit.restrictRegime_id' does not depend on any axioms
info: AbstractSegmentedTurning.lean:1210:0: 'AbstractSegmentedTurning.RegimeExit.restrictRegime_comp' does not depend on any axioms
info: AbstractSegmentedTurning.lean:1211:0: 'AbstractSegmentedTurning.RegimeExit.mapFaithful_restrictRegime' does not depend on any axioms
info: AbstractSegmentedTurning.lean:1212:0: 'AbstractSegmentedTurning.UniformRegimeExit' does not depend on any axioms
info: AbstractSegmentedTurning.lean:1213:0: 'AbstractSegmentedTurning.UniformRegimeExit.atImplementation' does not depend on any axioms
info: AbstractSegmentedTurning.lean:1214:0: 'AbstractSegmentedTurning.UniformRegimeExit.reindexImplementation' does not depend on any axioms
info: AbstractSegmentedTurning.lean:1215:0: 'AbstractSegmentedTurning.UniformRegimeExit.reindex_id' does not depend on any axioms
info: AbstractSegmentedTurning.lean:1216:0: 'AbstractSegmentedTurning.UniformRegimeExit.reindex_comp' does not depend on any axioms
info: AbstractSegmentedTurning.lean:1217:0: 'AbstractSegmentedTurning.UniformRegimeExit.reindex_at' does not depend on any axioms
ℹ [4/106] Replayed ExactTypeTransport
info: ExactTypeTransport.lean:120:0: 'ExactTypeTransport' does not depend on any axioms
info: ExactTypeTransport.lean:121:0: 'ExactTypeTransport.reflexive' does not depend on any axioms
info: ExactTypeTransport.lean:122:0: 'ExactTypeTransport.ofEquality' does not depend on any axioms
info: ExactTypeTransport.lean:123:0: 'ExactTypeTransport.reverse' does not depend on any axioms
info: ExactTypeTransport.lean:124:0: 'ExactTypeTransport.compose' does not depend on any axioms
info: ExactTypeTransport.lean:125:0: 'ExactTypeTransport.sumUnit' does not depend on any axioms
info: ExactTypeTransport.lean:126:0: 'ExactTypeTransport.backward_eq_of_forward_eq' does not depend on any axioms
ℹ [5/106] Replayed RelationalPerimeter.Constitution.Primitives
info: RelationalPerimeter/Constitution/Primitives.lean:212:0: 'StrongPerimetralTurning.LocalNode' does not depend on any axioms
info: RelationalPerimeter/Constitution/Primitives.lean:213:0: 'StrongPerimetralTurning.PerimeterSpine' does not depend on any axioms
info: RelationalPerimeter/Constitution/Primitives.lean:214:0: 'StrongPerimetralTurning.PerimeterSpine.startNode' does not depend on any axioms
info: RelationalPerimeter/Constitution/Primitives.lean:215:0: 'StrongPerimetralTurning.PerimeterSpine.finalNode' does not depend on any axioms
info: RelationalPerimeter/Constitution/Primitives.lean:216:0: 'StrongPerimetralTurning.NonClosingPosition' does not depend on any axioms
info: RelationalPerimeter/Constitution/Primitives.lean:217:0: 'StrongPerimetralTurning.NonClosingPrecedes' does not depend on any axioms
info: RelationalPerimeter/Constitution/Primitives.lean:218:0: 'StrongPerimetralTurning.NonClosingNext' does not depend on any axioms
info: RelationalPerimeter/Constitution/Primitives.lean:219:0: 'StrongPerimetralTurning.NonClosingPrecedes.ne' does not depend on any axioms
info: RelationalPerimeter/Constitution/Primitives.lean:220:0: 'StrongPerimetralTurning.NonClosingNext.toPrecedes' does not depend on any axioms
ℹ [6/106] Replayed RelationalPerimeter.Constitution.PositivePresentation
info: RelationalPerimeter/Constitution/PositivePresentation.lean:79:0: 'StrongPerimetralTurning.PositiveCircularPresentation' does not depend on any axioms
info: RelationalPerimeter/Constitution/PositivePresentation.lean:80:0: 'StrongPerimetralTurning.EndpointBoundary' does not depend on any axioms
info: RelationalPerimeter/Constitution/PositivePresentation.lean:81:0: 'StrongPerimetralTurning.CircularClosureObstruction' does not depend on any axioms
info: RelationalPerimeter/Constitution/PositivePresentation.lean:82:0: 'StrongPerimetralTurning.CircularClosureObstruction.rejectTotalLoop' does not depend on any axioms
info: RelationalPerimeter/Constitution/PositivePresentation.lean:83:0: 'StrongPerimetralTurning.CircularClosureObstruction.endpointsSeparated' does not depend on any axioms
info: RelationalPerimeter/Constitution/PositivePresentation.lean:84:0: 'StrongPerimetralTurning.CircularClosureObstruction.noObstructionOfIdentifiedEndpoints' does not depend on any axioms
ℹ [7/106] Replayed StrongPerimetralTurning
info: StrongPerimetralTurning.lean:8686:0: 'StrongPerimetralTurning.CircularPresentation.rejectTotalLoop' does not depend on any axioms
info: StrongPerimetralTurning.lean:8687:0: 'StrongPerimetralTurning.CircularPresentation.positiveClosureObstruction' does not depend on any axioms
info: StrongPerimetralTurning.lean:8688:0: 'StrongPerimetralTurning.RawJunctionWithSeparatedEndpoints' does not depend on any axioms
info: StrongPerimetralTurning.lean:8689:0: 'StrongPerimetralTurning.ExplicitTotalization.toContractionKernel' does not depend on any axioms
info: StrongPerimetralTurning.lean:8690:0: 'StrongPerimetralTurning.ImplicitTotalization.toContractionKernel' does not depend on any axioms
info: StrongPerimetralTurning.lean:8691:0: 'StrongPerimetralTurning.explicitKernelContractsClosureDifference' does not depend on any axioms
info: StrongPerimetralTurning.lean:8692:0: 'StrongPerimetralTurning.implicitKernelContractsClosureDifference' does not depend on any axioms
info: StrongPerimetralTurning.lean:8693:0: 'StrongPerimetralTurning.explicitContractionKernelRejected' does not depend on any axioms
info: StrongPerimetralTurning.lean:8694:0: 'StrongPerimetralTurning.implicitContractionKernelRejected' does not depend on any axioms
info: StrongPerimetralTurning.lean:8695:0: 'StrongPerimetralTurning.ContractedClosureDifference.endpointContraction' does not depend on any axioms
info: StrongPerimetralTurning.lean:8696:0: 'StrongPerimetralTurning.ContractedClosureDifference.reject' does not depend on any axioms
info: StrongPerimetralTurning.lean:8697:0: 'StrongPerimetralTurning.explicitTotalizationContractsClosureDifference' does not depend on any axioms
info: StrongPerimetralTurning.lean:8698:0: 'StrongPerimetralTurning.implicitTotalizationContractsClosureDifference' does not depend on any axioms
info: StrongPerimetralTurning.lean:8699:0: 'StrongPerimetralTurning.explicitTotalizationRejected' does not depend on any axioms
info: StrongPerimetralTurning.lean:8700:0: 'StrongPerimetralTurning.implicitTotalizationRejected' does not depend on any axioms
info: StrongPerimetralTurning.lean:8701:0: 'StrongPerimetralTurning.FreeConstitution.formed_boundaryCode_exact' does not depend on any axioms
info: StrongPerimetralTurning.lean:8702:0: 'StrongPerimetralTurning.FreeConstitution.formed_core_exact' does not depend on any axioms
info: StrongPerimetralTurning.lean:8703:0: 'StrongPerimetralTurning.FreeConstitution.root_inheritedClosureObstruction_exact' does not depend on any axioms
info: StrongPerimetralTurning.lean:8704:0: 'StrongPerimetralTurning.FreeConstitution.formed_inheritedClosureObstruction_exact' does not depend on any axioms
info: StrongPerimetralTurning.lean:8705:0: 'StrongPerimetralTurning.FreeConstitution.formed_integratedClosureObstruction_exact' does not depend on any axioms
info: StrongPerimetralTurning.lean:8706:0: 'StrongPerimetralTurning.FreeConstitution.formed_integratedProvenance_exact' does not depend on any axioms
info: StrongPerimetralTurning.lean:8707:0: 'StrongPerimetralTurning.canonicalTarget_inheritedClosureObstruction_exact' does not depend on any axioms
info: StrongPerimetralTurning.lean:8708:0: 'StrongPerimetralTurning.generate' does not depend on any axioms
info: StrongPerimetralTurning.lean:8709:0: 'StrongPerimetralTurning.canonicalFormationEliminator_exact' does not depend on any axioms
info: StrongPerimetralTurning.lean:8710:0: 'StrongPerimetralTurning.formationEliminator_is_free_fold' does not depend on any axioms
info: StrongPerimetralTurning.lean:8711:0: 'StrongPerimetralTurning.canonicalFreeLayer_is_free_elimination' does not depend on any axioms
info: StrongPerimetralTurning.lean:8712:0: 'StrongPerimetralTurning.HistoricalProvenanceRecord' does not depend on any axioms
info: StrongPerimetralTurning.lean:8713:0: 'StrongPerimetralTurning.HistoricalProvenanceRecord.ofIntegration' does not depend on any axioms
info: StrongPerimetralTurning.lean:8714:0: 'StrongPerimetralTurning.HistoricalProvenanceRecord.recordedProvenance' does not depend on any axioms
info: StrongPerimetralTurning.lean:8715:0: 'StrongPerimetralTurning.HistoricalProvenanceRecord.recordedProvenance_is_origin' does not depend on any axioms
info: StrongPerimetralTurning.lean:8716:0: 'StrongPerimetralTurning.PreservesProvenance.inscribedInTarget' does not depend on any axioms
info: StrongPerimetralTurning.lean:8717:0: 'StrongPerimetralTurning.PreservesProvenance.exactProvenance_is_origin' does not depend on any axioms
info: StrongPerimetralTurning.lean:8718:0: 'StrongPerimetralTurning.canonicalSourceProvenanceInscribed' does not depend on any axioms
info: StrongPerimetralTurning.lean:8719:0: 'StrongPerimetralTurning.recoverImmediateOriginFromFormation' does not depend on any axioms
info: StrongPerimetralTurning.lean:8720:0: 'StrongPerimetralTurning.RecoveredImmediateOrigin.provenance' does not depend on any axioms
info: StrongPerimetralTurning.lean:8721:0: 'StrongPerimetralTurning.GeneratedStep.compatibilityWitnessExact' does not depend on any axioms
info: StrongPerimetralTurning.lean:8722:0: 'StrongPerimetralTurning.GeneratedStep.provenanceWitnessExact' does not depend on any axioms
info: StrongPerimetralTurning.lean:8723:0: 'StrongPerimetralTurning.GeneratedStep.integratesClosureObstruction' does not depend on any axioms
info: StrongPerimetralTurning.lean:8724:0: 'StrongPerimetralTurning.GeneratedStep.inheritedClosureObstructionExact' does not depend on any axioms
info: StrongPerimetralTurning.lean:8725:0: 'StrongPerimetralTurning.GeneratedStep.sourceProvenanceInscribedInTarget' does not depend on any axioms
info: StrongPerimetralTurning.lean:8726:0: 'StrongPerimetralTurning.GeneratedStep.currentFormationRecord' does not depend on any axioms
info: StrongPerimetralTurning.lean:8727:0: 'StrongPerimetralTurning.GeneratedStep.rejectsAlternativeCompatibility' does not depend on any axioms
info: StrongPerimetralTurning.lean:8728:0: 'StrongPerimetralTurning.GeneratedStep.rejectsAlternativeProvenance' does not depend on any axioms
info: StrongPerimetralTurning.lean:8729:0: 'StrongPerimetralTurning.generatedHistory_preservesClosureObstruction' does not depend on any axioms
info: StrongPerimetralTurning.lean:8730:0: 'StrongPerimetralTurning.preserveFormationRecordAlongHistory' does not depend on any axioms
info: StrongPerimetralTurning.lean:8731:0: 'StrongPerimetralTurning.preserveHistoricalProvenanceAlongStep' does not depend on any axioms
info: StrongPerimetralTurning.lean:8732:0: 'StrongPerimetralTurning.preserveHistoricalProvenanceAlongHistory' does not depend on any axioms
info: StrongPerimetralTurning.lean:8733:0: 'StrongPerimetralTurning.positiveGeneratedHistory_hasFreshFormation' does not depend on any axioms
info: StrongPerimetralTurning.lean:8734:0: 'StrongPerimetralTurning.FreshFormationRecord.notFromSource' does not depend on any axioms
info: StrongPerimetralTurning.lean:8735:0: 'StrongPerimetralTurning.append_positive_ne' does not depend on any axioms
info: StrongPerimetralTurning.lean:8736:0: 'StrongPerimetralTurning.positiveGeneratedHistory_source_ne_target' does not depend on any axioms
info: StrongPerimetralTurning.lean:8737:0: 'StrongPerimetralTurning.positiveGeneratedHistory_cursorAdvance' does not depend on any axioms
info: StrongPerimetralTurning.lean:8738:0: 'StrongPerimetralTurning.positiveCursorAdvance_irreflexive' does not depend on any axioms
info: StrongPerimetralTurning.lean:8739:0: 'StrongPerimetralTurning.CursorFuture.irreflexive' does not depend on any axioms
info: StrongPerimetralTurning.lean:8740:0: 'StrongPerimetralTurning.ProperSpineSuffix.irreflexive' does not depend on any axioms
info: StrongPerimetralTurning.lean:8741:0: 'StrongPerimetralTurning.ProperFreeTail.irreflexive' does not depend on any axioms
info: StrongPerimetralTurning.lean:8742:0: 'StrongPerimetralTurning.ProperStructuralDepth.irreflexive' does not depend on any axioms
info: StrongPerimetralTurning.lean:8743:0: 'StrongPerimetralTurning.partial_is_prefix_of_perimeter' does not depend on any axioms
info: StrongPerimetralTurning.lean:8744:0: 'StrongPerimetralTurning.rootedOccurrence_source_eq_of_cursor_eq' does not depend on any axioms
info: StrongPerimetralTurning.lean:8745:0: 'StrongPerimetralTurning.RequirementOccurrenceAgreement.locatedStepExact' does not depend on any axioms
info: StrongPerimetralTurning.lean:8746:0: 'StrongPerimetralTurning.RequirementOccurrenceAgreement.compatibilityTransport' does not depend on any axioms
info: StrongPerimetralTurning.lean:8747:0: 'StrongPerimetralTurning.RequirementOccurrenceAgreement.provenanceWitnessExact' does not depend on any axioms
info: StrongPerimetralTurning.lean:8748:0: 'StrongPerimetralTurning.History.embedLeftOccurrence_injective' does not depend on any axioms
info: StrongPerimetralTurning.lean:8749:0: 'StrongPerimetralTurning.locatedStep_transportOccurrence' does not depend on any axioms
info: StrongPerimetralTurning.lean:8750:0: 'StrongPerimetralTurning.PerimeterExtension.oldOccurrenceAgreement' does not depend on any axioms
info: StrongPerimetralTurning.lean:8751:0: 'StrongPerimetralTurning.PerimeterExtension.oldOccurrence_injective' does not depend on any axioms
info: StrongPerimetralTurning.lean:8752:0: 'StrongPerimetralTurning.PerimeterExtension.toExactNonClosingRealization' does not depend on any axioms
info: StrongPerimetralTurning.lean:8753:0: 'StrongPerimetralTurning.identityCircularRefinement' does not depend on any axioms
info: StrongPerimetralTurning.lean:8754:0: 'StrongPerimetralTurning.CoreCircularResidualContext' does not depend on any axioms
info: StrongPerimetralTurning.lean:8755:0: 'StrongPerimetralTurning.coreCircularBoundaryType' does not depend on any axioms
info: StrongPerimetralTurning.lean:8756:0: 'StrongPerimetralTurning.coreCircularPositiveResidualBoundary' does not depend on any axioms
info: StrongPerimetralTurning.lean:8757:0: 'StrongPerimetralTurning.CoreResidualClosureInterpretation' does not depend on any axioms
info: StrongPerimetralTurning.lean:8758:0: 'StrongPerimetralTurning.coreInterpretResidual' does not depend on any axioms
info: StrongPerimetralTurning.lean:8759:0: 'StrongPerimetralTurning.CoreResidualClosureAttempt' does not depend on any axioms
info: StrongPerimetralTurning.lean:8760:0: 'StrongPerimetralTurning.rejectCoreResidualClosureAttempt' does not depend on any axioms
info: StrongPerimetralTurning.lean:8761:0: 'StrongPerimetralTurning.CoreCircularPositiveBranch' does not depend on any axioms
info: StrongPerimetralTurning.lean:8762:0: 'StrongPerimetralTurning.CoreCircularRefinement' does not depend on any axioms
info: StrongPerimetralTurning.lean:8763:0: 'StrongPerimetralTurning.identityCoreCircularRefinement' does not depend on any axioms
info: StrongPerimetralTurning.lean:8764:0: 'StrongPerimetralTurning.CircularRefinement.toCoreCircularRefinement' does not depend on any axioms
info: StrongPerimetralTurning.lean:8765:0: 'StrongPerimetralTurning.coreCircularRefinement_history_eq_perimeter' does not depend on any axioms
info: StrongPerimetralTurning.lean:8766:0: 'StrongPerimetralTurning.circularRefinement_nonempty_iff_coreCircularRefinement_nonempty' does not depend on any axioms
info: StrongPerimetralTurning.lean:8767:0: 'StrongPerimetralTurning.oneStepAfterPerimeter_is_extension' does not depend on any axioms
info: StrongPerimetralTurning.lean:8768:0: 'StrongPerimetralTurning.oneStepResidualDeterminationCore' does not depend on any axioms
info: StrongPerimetralTurning.lean:8769:0: 'StrongPerimetralTurning.oneStepCorePositive' does not depend on any axioms
info: StrongPerimetralTurning.lean:8770:0: 'StrongPerimetralTurning.oneStepCoreResidualOccurrence' does not depend on any axioms
info: StrongPerimetralTurning.lean:8771:0: 'StrongPerimetralTurning.oneStepCoreSegmentedBoundary' does not depend on any axioms
info: StrongPerimetralTurning.lean:8772:0: 'StrongPerimetralTurning.oneStepAfterPerimeter_nonClosingRealization' does not depend on any axioms
info: StrongPerimetralTurning.lean:8773:0: 'StrongPerimetralTurning.CircularClosureMeaning' does not depend on any axioms
info: StrongPerimetralTurning.lean:8774:0: 'StrongPerimetralTurning.perimeterDeployment_closureMeaning' does not depend on any axioms
info: StrongPerimetralTurning.lean:8775:0: 'StrongPerimetralTurning.oneStepAfterPerimeter_notClosureMeaning' does not depend on any axioms
info: StrongPerimetralTurning.lean:8776:0: 'StrongPerimetralTurning.CircularSpecificationSatisfaction' does not depend on any axioms
info: StrongPerimetralTurning.lean:8777:0: 'StrongPerimetralTurning.perimeterDeployment_specificationSatisfaction' does not depend on any axioms
info: StrongPerimetralTurning.lean:8778:0: 'StrongPerimetralTurning.oneStepAfterPerimeter_notSpecificationSatisfaction' does not depend on any axioms
info: StrongPerimetralTurning.lean:8779:0: 'StrongPerimetralTurning.oneStepAfterPerimeterStrict' does not depend on any axioms
info: StrongPerimetralTurning.lean:8780:0: 'StrongPerimetralTurning.oneStepAfterPerimeter_ne' does not depend on any axioms
info: StrongPerimetralTurning.lean:8781:0: 'StrongPerimetralTurning.perimetralBoundaryGenerator' does not depend on any axioms
info: StrongPerimetralTurning.lean:8782:0: 'StrongPerimetralTurning.occurrenceToRequirement_toOccurrence' does not depend on any axioms
info: StrongPerimetralTurning.lean:8783:0: 'StrongPerimetralTurning.requirementToOccurrence_toRequirement' does not depend on any axioms
info: StrongPerimetralTurning.lean:8784:0: 'StrongPerimetralTurning.deployOccurrence_position_roundTrip' does not depend on any axioms
info: StrongPerimetralTurning.lean:8785:0: 'StrongPerimetralTurning.classifyDeploymentOccurrence' does not depend on any axioms
info: StrongPerimetralTurning.lean:8786:0: 'StrongPerimetralTurning.decodeDeploymentOccurrence' does not depend on any axioms
info: StrongPerimetralTurning.lean:8787:0: 'StrongPerimetralTurning.deployPosition_occurrence_roundTrip' does not depend on any axioms
info: StrongPerimetralTurning.lean:8788:0: 'StrongPerimetralTurning.deployPositionToOccurrence_injective' does not depend on any axioms
info: StrongPerimetralTurning.lean:8789:0: 'StrongPerimetralTurning.requirementToOccurrence_injective' does not depend on any axioms
info: StrongPerimetralTurning.lean:8790:0: 'StrongPerimetralTurning.ExactNonClosingRealization' does not depend on any axioms
info: StrongPerimetralTurning.lean:8791:0: 'StrongPerimetralTurning.SemanticTrace' does not depend on any axioms
info: StrongPerimetralTurning.lean:8792:0: 'StrongPerimetralTurning.SemanticTrace.locatedStep' does not depend on any axioms
info: StrongPerimetralTurning.lean:8793:0: 'StrongPerimetralTurning.LocatedRequirementAgreement' does not depend on any axioms
info: StrongPerimetralTurning.lean:8794:0: 'StrongPerimetralTurning.SemanticExactNonClosingRealization' does not depend on any axioms
info: StrongPerimetralTurning.lean:8795:0: 'StrongPerimetralTurning.NonClosingPrecedes' does not depend on any axioms
info: StrongPerimetralTurning.lean:8796:0: 'StrongPerimetralTurning.SemanticOrderPreserved' does not depend on any axioms
info: StrongPerimetralTurning.lean:8797:0: 'StrongPerimetralTurning.perimeterRealization' does not depend on any axioms
info: StrongPerimetralTurning.lean:8798:0: 'StrongPerimetralTurning.finalRequirementContractible' does not depend on any axioms
info: StrongPerimetralTurning.lean:8799:0: 'StrongPerimetralTurning.perimeterInternalRoleRealization' does not depend on any axioms
info: StrongPerimetralTurning.lean:8800:0: 'StrongPerimetralTurning.FaithfullyLabelledPerimeterExtension.toSegmentedResidualExtension' does not depend on any axioms
info: StrongPerimetralTurning.lean:8801:0: 'StrongPerimetralTurning.FaithfullyLabelledPerimeterExtension.segmentedResidualExtension_embedOld_injective' does not depend on any axioms
info: StrongPerimetralTurning.lean:8802:0: 'StrongPerimetralTurning.FaithfullyLabelledPerimeterExtension.newOccurrence_cannotReuseNonClosingRequirement' does not depend on any axioms
info: StrongPerimetralTurning.lean:8803:0: 'StrongPerimetralTurning.FaithfullyLabelledPerimeterExtension.newOccurrence_label_is_final' does not depend on any axioms
info: StrongPerimetralTurning.lean:8804:0: 'StrongPerimetralTurning.FaithfullyLabelledPerimeterExtension.continuation_occurrences_unique' does not depend on any axioms
info: StrongPerimetralTurning.lean:8805:0: 'StrongPerimetralTurning.PositiveContinuation.toResidualPositive' does not depend on any axioms
info: StrongPerimetralTurning.lean:8806:0: 'StrongPerimetralTurning.FaithfullyLabelledPerimeterExtension.reconstructedInternalCompletion' does not depend on any axioms
info: StrongPerimetralTurning.lean:8807:0: 'StrongPerimetralTurning.FaithfullyLabelledPerimeterExtension.reconstructed_roleToOccurrence_agrees' does not depend on any axioms
info: StrongPerimetralTurning.lean:8808:0: 'StrongPerimetralTurning.FaithfullyLabelledPerimeterExtension.reconstructed_occurrenceToRole_agrees' does not depend on any axioms
info: StrongPerimetralTurning.lean:8809:0: 'StrongPerimetralTurning.oneStepSegmentedBoundary' does not depend on any axioms
info: StrongPerimetralTurning.lean:8810:0: 'StrongPerimetralTurning.oneStepResidualPositive' does not depend on any axioms
info: StrongPerimetralTurning.lean:8811:0: 'StrongPerimetralTurning.oneStepResidualPositive_agrees_with_segmentedBoundary' does not depend on any axioms
info: StrongPerimetralTurning.lean:8812:0: 'StrongPerimetralTurning.oneStepReconstructedInternalCompletion' does not depend on any axioms
info: StrongPerimetralTurning.lean:8813:0: 'StrongPerimetralTurning.oneStepReconstructedInternalRealization' does not depend on any axioms
info: StrongPerimetralTurning.lean:8814:0: 'StrongPerimetralTurning.oneStepReconstructed_roleToOccurrence_agrees' does not depend on any axioms
info: StrongPerimetralTurning.lean:8815:0: 'StrongPerimetralTurning.oneStepReconstructed_occurrenceToRole_agrees' does not depend on any axioms
info: StrongPerimetralTurning.lean:8816:0: 'StrongPerimetralTurning.oneStepWeakResidualOccurrence' does not depend on any axioms
info: StrongPerimetralTurning.lean:8817:0: 'StrongPerimetralTurning.oneStepPublicResidualOccurrence' does not depend on any axioms
info: StrongPerimetralTurning.lean:8818:0: 'StrongPerimetralTurning.oneStepResidualOccurrence_agrees' does not depend on any axioms
info: StrongPerimetralTurning.lean:8819:0: 'StrongPerimetralTurning.oneStepWeakResidualOccurrence_label_is_final' does not depend on any axioms
info: StrongPerimetralTurning.lean:8820:0: 'StrongPerimetralTurning.oneStepWeakResidualOccurrence_unique' does not depend on any axioms
info: StrongPerimetralTurning.lean:8821:0: 'StrongPerimetralTurning.positiveContinuation_exactlyOne' does not depend on any axioms
info: StrongPerimetralTurning.lean:8822:0: 'StrongPerimetralTurning.finalBoundaryOccurrence' does not depend on any axioms
info: StrongPerimetralTurning.lean:8823:0: 'StrongPerimetralTurning.FinalBoundaryOccurrence.compatibility_is_leaveBoundary' does not depend on any axioms
info: StrongPerimetralTurning.lean:8824:0: 'StrongPerimetralTurning.finalClosureInterpretation' does not depend on any axioms
info: StrongPerimetralTurning.lean:8825:0: 'StrongPerimetralTurning.FinalClosureInterpretation.sourceObstructionIsInitial' does not depend on any axioms
info: StrongPerimetralTurning.lean:8826:0: 'StrongPerimetralTurning.ConstitutiveClosureAttachment.formationRecordIsStepExact' does not depend on any axioms
info: StrongPerimetralTurning.lean:8827:0: 'StrongPerimetralTurning.ConstitutiveClosureAttachment.provenanceRecordIsStepExact' does not depend on any axioms
info: StrongPerimetralTurning.lean:8828:0: 'StrongPerimetralTurning.ConstitutiveClosureAttachment.obstructionIsInitial' does not depend on any axioms
info: StrongPerimetralTurning.lean:8829:0: 'StrongPerimetralTurning.BilateralClosureAttemptAt.explicitContraction' does not depend on any axioms
info: StrongPerimetralTurning.lean:8830:0: 'StrongPerimetralTurning.BilateralClosureAttemptAt.implicitContraction' does not depend on any axioms
info: StrongPerimetralTurning.lean:8831:0: 'StrongPerimetralTurning.BilateralClosureAttemptAt.rejectExplicit' does not depend on any axioms
info: StrongPerimetralTurning.lean:8832:0: 'StrongPerimetralTurning.BilateralClosureAttemptAt.rejectImplicit' does not depend on any axioms
info: StrongPerimetralTurning.lean:8833:0: 'StrongPerimetralTurning.refinementOutcome' does not depend on any axioms
info: StrongPerimetralTurning.lean:8834:0: 'StrongPerimetralTurning.NormativeAdequacy' does not depend on any axioms
info: StrongPerimetralTurning.lean:8835:0: 'StrongPerimetralTurning.AdequateAlong' does not depend on any axioms
info: StrongPerimetralTurning.lean:8836:0: 'StrongPerimetralTurning.SpecRelativeHistoryExit' does not depend on any axioms
info: StrongPerimetralTurning.lean:8837:0: 'StrongPerimetralTurning.RootedGeneratedHistory.terminalClosureObstruction' does not depend on any axioms
info: StrongPerimetralTurning.lean:8838:0: 'StrongPerimetralTurning.RootedGeneratedHistory.terminalClosureObstruction_is_initial' does not depend on any axioms
info: StrongPerimetralTurning.lean:8839:0: 'StrongPerimetralTurning.FinalJunctionRealization.toBilateralContractions' does not depend on any axioms
info: StrongPerimetralTurning.lean:8840:0: 'StrongPerimetralTurning.FinalJunctionRealization.toExplicitContractedClosureDifference' does not depend on any axioms
info: StrongPerimetralTurning.lean:8841:0: 'StrongPerimetralTurning.FinalJunctionRealization.toImplicitContractedClosureDifference' does not depend on any axioms
info: StrongPerimetralTurning.lean:8842:0: 'StrongPerimetralTurning.FinalJunctionRealization.toContractedClosureDifference' does not depend on any axioms
info: StrongPerimetralTurning.lean:8843:0: 'StrongPerimetralTurning.FinalJunctionRealization.endpointEquality' does not depend on any axioms
info: StrongPerimetralTurning.lean:8844:0: 'StrongPerimetralTurning.FinalJunctionRealization.toTotalLoop' does not depend on any axioms
info: StrongPerimetralTurning.lean:8845:0: 'StrongPerimetralTurning.rejectFinalJunctionRealization' does not depend on any axioms
info: StrongPerimetralTurning.lean:8846:0: 'StrongPerimetralTurning.rejectFinalJunctionRealizationImplicit' does not depend on any axioms
info: StrongPerimetralTurning.lean:8847:0: 'StrongPerimetralTurning.circularPositiveResidualBoundary' does not depend on any axioms
info: StrongPerimetralTurning.lean:8848:0: 'StrongPerimetralTurning.analyzeCircularRefinementThroughResidual' does not depend on any axioms
info: StrongPerimetralTurning.lean:8849:0: 'StrongPerimetralTurning.interpretCircularResidual' does not depend on any axioms
info: StrongPerimetralTurning.lean:8850:0: 'StrongPerimetralTurning.circularResidualBranch' does not depend on any axioms
info: StrongPerimetralTurning.lean:8851:0: 'StrongPerimetralTurning.rejectResidualBilateralClosureAttempt' does not depend on any axioms
info: StrongPerimetralTurning.lean:8852:0: 'StrongPerimetralTurning.analyzeCircularRegimeWithResidualAttempt' does not depend on any axioms
info: StrongPerimetralTurning.lean:8853:0: 'StrongPerimetralTurning.perimetralCoreCoupledRegime' does not depend on any axioms
info: StrongPerimetralTurning.lean:8854:0: 'StrongPerimetralTurning.perimetralCoreCoupledInterpretation_occurrence' does not depend on any axioms
info: StrongPerimetralTurning.lean:8855:0: 'StrongPerimetralTurning.perimetralCoreObstructedRegime' does not depend on any axioms
info: StrongPerimetralTurning.lean:8856:0: 'StrongPerimetralTurning.perimetralCoupledRegime' does not depend on any axioms
info: StrongPerimetralTurning.lean:8857:0: 'StrongPerimetralTurning.perimetralObstructedRegime' does not depend on any axioms
info: StrongPerimetralTurning.lean:8858:0: 'StrongPerimetralTurning.oneStepCoreTurning' does not depend on any axioms
info: StrongPerimetralTurning.lean:8859:0: 'StrongPerimetralTurning.oneStepCoreTurning_toPublic' does not depend on any axioms
info: StrongPerimetralTurning.lean:8860:0: 'StrongPerimetralTurning.perimetralCoreCoupledTurning' does not depend on any axioms
info: StrongPerimetralTurning.lean:8861:0: 'StrongPerimetralTurning.historicalCoupledTurningOfCircularPresentation' does not depend on any axioms
info: StrongPerimetralTurning.lean:8862:0: 'StrongPerimetralTurning.coupledTurningOfCircularPresentation' does not depend on any axioms
info: StrongPerimetralTurning.lean:8863:0: 'StrongPerimetralTurning.historicalAbstractTurningOfCircularPresentation' does not depend on any axioms
info: StrongPerimetralTurning.lean:8864:0: 'StrongPerimetralTurning.abstractTurningOfCircularPresentation' does not depend on any axioms
info: StrongPerimetralTurning.lean:8865:0: 'StrongPerimetralTurning.oneStepCoreResidualOccurrence_agrees_with_weak' does not depend on any axioms
info: StrongPerimetralTurning.lean:8866:0: 'StrongPerimetralTurning.oneStepCoreResidualOccurrence_agrees_with_consumedTurning' does not depend on any axioms
info: StrongPerimetralTurning.lean:8867:0: 'StrongPerimetralTurning.oneStepWeakResidualOccurrence_agrees_with_consumedTurning' does not depend on any axioms
info: StrongPerimetralTurning.lean:8868:0: 'StrongPerimetralTurning.strictRefinementProducesFinalJunctionRealization' does not depend on any axioms
info: StrongPerimetralTurning.lean:8869:0: 'StrongPerimetralTurning.FinalLoopRealization.endpointEquality' does not depend on any axioms
info: StrongPerimetralTurning.lean:8870:0: 'StrongPerimetralTurning.FinalLoopRealization.toFinalIdentification' does not depend on any axioms
info: StrongPerimetralTurning.lean:8871:0: 'StrongPerimetralTurning.strictRefinementProducesFinalLoopRealization' does not depend on any axioms
info: StrongPerimetralTurning.lean:8872:0: 'StrongPerimetralTurning.rejectFinalLoopRealization' does not depend on any axioms
info: StrongPerimetralTurning.lean:8873:0: 'StrongPerimetralTurning.CircularRefinement.newOccurrence_cannotReuseNonClosingRequirement' does not depend on any axioms
info: StrongPerimetralTurning.lean:8874:0: 'StrongPerimetralTurning.strictRefinementProducesFinalIdentification' does not depend on any axioms
info: StrongPerimetralTurning.lean:8875:0: 'StrongPerimetralTurning.strictRefinementProducesTotalLoop' does not depend on any axioms
info: StrongPerimetralTurning.lean:8876:0: 'StrongPerimetralTurning.noIntermediateRefinement' does not depend on any axioms
info: StrongPerimetralTurning.lean:8877:0: 'StrongPerimetralTurning.exactCircularRefinementClassification' does not depend on any axioms
info: StrongPerimetralTurning.lean:8878:0: 'StrongPerimetralTurning.oneStepAfterPerimeter_notCircularRefinement' does not depend on any axioms
info: StrongPerimetralTurning.lean:8879:0: 'StrongPerimetralTurning.noStrictSamePerimeterExtension' does not depend on any axioms
info: StrongPerimetralTurning.lean:8880:0: 'StrongPerimetralTurning.admissible_is_prefix_of_perimeter' does not depend on any axioms
info: StrongPerimetralTurning.lean:8881:0: 'StrongPerimetralTurning.strongPerimetralTurning' does not depend on any axioms
info: StrongPerimetralTurning.lean:8882:0: 'StrongPerimetralTurning.partial_length_le_perimeter' does not depend on any axioms
info: StrongPerimetralTurning.lean:8883:0: 'StrongPerimetralTurning.prefix_length_le' does not depend on any axioms
info: StrongPerimetralTurning.lean:8884:0: 'StrongPerimetralTurning.History.length_append' does not depend on any axioms
info: StrongPerimetralTurning.lean:8885:0: 'StrongPerimetralTurning.History.OccurrenceReadout' does not depend on any axioms
info: StrongPerimetralTurning.lean:8886:0: 'StrongPerimetralTurning.perimeterReadout' does not depend on any axioms
info: StrongPerimetralTurning.lean:8887:0: 'StrongPerimetralTurning.occurrenceReadoutOfPerimeter' does not depend on any axioms
info: StrongPerimetralTurning.lean:8888:0: 'StrongPerimetralTurning.occurrenceReadoutOfPerimeter_perimeterReadout' does not depend on any axioms
info: StrongPerimetralTurning.lean:8889:0: 'StrongPerimetralTurning.perimeterReadout_occurrenceReadoutOfPerimeter' does not depend on any axioms
info: StrongPerimetralTurning.lean:8890:0: 'StrongPerimetralTurning.admissible_length_le_perimeter' does not depend on any axioms
info: StrongPerimetralTurning.lean:8891:0: 'StrongPerimetralTurning.ConcreteContinuationAlgebra.realizeHistory' does not depend on any axioms
info: StrongPerimetralTurning.lean:8892:0: 'StrongPerimetralTurning.concreteForwardOccurrence' does not depend on any axioms
info: StrongPerimetralTurning.lean:8893:0: 'StrongPerimetralTurning.concreteBackwardOccurrence' does not depend on any axioms
info: StrongPerimetralTurning.lean:8894:0: 'StrongPerimetralTurning.concreteOccurrenceAgreement' does not depend on any axioms
info: StrongPerimetralTurning.lean:8895:0: 'StrongPerimetralTurning.exactlyInterpretHistory' does not depend on any axioms
info: StrongPerimetralTurning.lean:8896:0: 'StrongPerimetralTurning.ExactHistoryInterpretation.forwardOccurrence_injective' does not depend on any axioms
info: StrongPerimetralTurning.lean:8897:0: 'StrongPerimetralTurning.ExactHistoryInterpretation.pullbackReadout' does not depend on any axioms
info: StrongPerimetralTurning.lean:8898:0: 'StrongPerimetralTurning.ExactHistoryInterpretation.pushforwardReadout' does not depend on any axioms
info: StrongPerimetralTurning.lean:8899:0: 'StrongPerimetralTurning.ExactHistoryInterpretation.pullbackReadout_pushforwardReadout' does not depend on any axioms
info: StrongPerimetralTurning.lean:8900:0: 'StrongPerimetralTurning.ExactHistoryInterpretation.pushforwardReadout_pullbackReadout' does not depend on any axioms
info: StrongPerimetralTurning.lean:8901:0: 'StrongPerimetralTurning.ConcreteFaithfulPartialPath.reconstruct' does not depend on any axioms
info: StrongPerimetralTurning.lean:8902:0: 'StrongPerimetralTurning.interpretEveryFaithfulPartialRealization' does not depend on any axioms
info: StrongPerimetralTurning.lean:8903:0: 'StrongPerimetralTurning.Example.permutedExampleTrace' does not depend on any axioms
info: StrongPerimetralTurning.lean:8904:0: 'StrongPerimetralTurning.Example.permutedExampleRealization' does not depend on any axioms
info: StrongPerimetralTurning.lean:8905:0: 'StrongPerimetralTurning.Example.permutedExample_realizes_p1_at_one' does not depend on any axioms
info: StrongPerimetralTurning.lean:8906:0: 'StrongPerimetralTurning.Example.permutedExample_realizes_p2_at_zero' does not depend on any axioms
info: StrongPerimetralTurning.lean:8907:0: 'StrongPerimetralTurning.Example.permutedExample_realizes_p3_at_two' does not depend on any axioms
info: StrongPerimetralTurning.lean:8908:0: 'StrongPerimetralTurning.Example.permutedExample_reverses_first_two' does not depend on any axioms
info: StrongPerimetralTurning.lean:8909:0: 'StrongPerimetralTurning.Example.exampleP1_precedes_exampleP2' does not depend on any axioms
info: StrongPerimetralTurning.lean:8910:0: 'StrongPerimetralTurning.Example.permutedExample_not_order_preserved' does not depend on any axioms
info: StrongPerimetralTurning.lean:8911:0: 'StrongPerimetralTurning.Example.exampleExtra1Source' does not depend on any axioms
info: StrongPerimetralTurning.lean:8912:0: 'StrongPerimetralTurning.Example.exampleExtra1' does not depend on any axioms
info: StrongPerimetralTurning.lean:8913:0: 'StrongPerimetralTurning.Example.exampleExtra2Source' does not depend on any axioms
info: StrongPerimetralTurning.lean:8914:0: 'StrongPerimetralTurning.Example.exampleExtra2' does not depend on any axioms
info: StrongPerimetralTurning.lean:8915:0: 'StrongPerimetralTurning.Example.interleavedExampleTrace' does not depend on any axioms
info: StrongPerimetralTurning.lean:8916:0: 'StrongPerimetralTurning.Example.interleavedExampleRealization' does not depend on any axioms
info: StrongPerimetralTurning.lean:8917:0: 'StrongPerimetralTurning.Example.interleavedExample_realizes_p1_at_zero' does not depend on any axioms
info: StrongPerimetralTurning.lean:8918:0: 'StrongPerimetralTurning.Example.interleavedExample_realizes_p2_at_two' does not depend on any axioms
info: StrongPerimetralTurning.lean:8919:0: 'StrongPerimetralTurning.Example.interleavedExample_realizes_p3_at_four' does not depend on any axioms
info: StrongPerimetralTurning.lean:8920:0: 'StrongPerimetralTurning.Example.interleavedExample_order_preserved' does not depend on any axioms
info: StrongPerimetralTurning.lean:8921:0: 'StrongPerimetralTurning.Example.exampleCertificate' does not depend on any axioms
info: StrongPerimetralTurning.lean:8922:0: 'StrongPerimetralTurning.Example.exampleBeyondIsNotSamePerimeter' does not depend on any axioms
info: StrongPerimetralTurning.lean:8923:0: 'StrongPerimetralTurning.Example.exampleConcreteFirstPath' does not depend on any axioms
info: StrongPerimetralTurning.lean:8924:0: 'StrongPerimetralTurning.Example.exampleConcreteFirstRealization' does not depend on any axioms
info: StrongPerimetralTurning.lean:8925:0: 'StrongPerimetralTurning.Example.exampleConcreteInterpretation' does not depend on any axioms
info: StrongPerimetralTurning.lean:8926:0: 'StrongPerimetralTurning.Example.exampleFreshFormationRejectsPreviousRecord' does not depend on any axioms
info: StrongPerimetralTurning.lean:8927:0: 'StrongPerimetralTurning.Example.exampleHistoricalFirstProvenancePreserved' does not depend on any axioms
info: StrongPerimetralTurning.lean:8928:0: 'StrongPerimetralTurning.Example.exampleHistoricalRecordReadsFirst' does not depend on any axioms
info: StrongPerimetralTurning.lean:8929:0: 'StrongPerimetralTurning.Example.exampleCurrentTargetReadsSecond' does not depend on any axioms
info: StrongPerimetralTurning.lean:8930:0: 'StrongPerimetralTurning.Example.exampleHistoricalRecordAfterSecondStillReadsFirst' does not depend on any axioms
info: StrongPerimetralTurning.lean:8931:0: 'StrongPerimetralTurning.Example.exampleInitialObstructionStored' does not depend on any axioms
info: StrongPerimetralTurning.lean:8932:0: 'StrongPerimetralTurning.Example.exampleAfterFirstObstructionPreserved' does not depend on any axioms
info: StrongPerimetralTurning.lean:8933:0: 'StrongPerimetralTurning.Example.exampleFormationConsumesInitialObstruction' does not depend on any axioms
info: StrongPerimetralTurning.lean:8934:0: 'StrongPerimetralTurning.Example.exampleIntegratedProvenanceStored' does not depend on any axioms
info: StrongPerimetralTurning.lean:8935:0: 'StrongPerimetralTurning.Example.exampleRecoveredAfterFirstReadsStoredProvenance' does not depend on any axioms
info: StrongPerimetralTurning.lean:8936:0: 'StrongPerimetralTurning.Example.exampleRawFinalJunctionCompatibility' does not depend on any axioms
info: StrongPerimetralTurning.lean:8937:0: 'StrongPerimetralTurning.Example.exampleRawJunctionWithSeparatedEndpoints' does not depend on any axioms
info: StrongPerimetralTurning.lean:8938:0: 'StrongPerimetralTurning.Example.exampleFinalBoundaryOccurrence' does not depend on any axioms
info: StrongPerimetralTurning.lean:8939:0: 'StrongPerimetralTurning.Example.exampleFinalClosureInterpretation' does not depend on any axioms
info: StrongPerimetralTurning.lean:8940:0: 'StrongPerimetralTurning.Example.exampleActualFreeStep_source_is_fourth' does not depend on any axioms
info: StrongPerimetralTurning.lean:8941:0: 'StrongPerimetralTurning.Example.exampleActualFreeStep_target_is_beyondFirst' does not depend on any axioms
info: StrongPerimetralTurning.lean:8942:0: 'StrongPerimetralTurning.Example.exampleActualFreeStep_is_leaveBoundary' does not depend on any axioms
info: StrongPerimetralTurning.lean:8943:0: 'StrongPerimetralTurning.Example.exampleInvokedJunction_is_fourthToFirst' does not depend on any axioms
info: StrongPerimetralTurning.lean:8944:0: 'StrongPerimetralTurning.Example.exampleFinalObstruction_is_initial' does not depend on any axioms
info: StrongPerimetralTurning.lean:8945:0: 'StrongPerimetralTurning.Example.exampleFinalProvenance_is_origin' does not depend on any axioms
info: StrongPerimetralTurning.lean:8946:0: 'StrongPerimetralTurning.Example.exampleFinalFormationRecord_is_current' does not depend on any axioms
info: StrongPerimetralTurning.lean:8947:0: 'StrongPerimetralTurning.Example.exampleNoBilateralClosureAttemptAt' does not depend on any axioms
info: StrongPerimetralTurning.lean:8948:0: 'StrongPerimetralTurning.Example.exampleNoImplicitBilateralClosureAttemptAt' does not depend on any axioms
info: StrongPerimetralTurning.lean:8949:0: 'StrongPerimetralTurning.ExactConcreteRealization' does not depend on any axioms
info: StrongPerimetralTurning.lean:8950:0: 'StrongPerimetralTurning.ConcreteRegimeExit' does not depend on any axioms
info: StrongPerimetralTurning.lean:8951:0: 'StrongPerimetralTurning.PerimetralRegimeExit' does not depend on any axioms
info: StrongPerimetralTurning.lean:8952:0: 'StrongPerimetralTurning.PerimetralRegimeExit.toRegimeExit' does not depend on any axioms
info: StrongPerimetralTurning.lean:8953:0: 'StrongPerimetralTurning.UniformConcreteRegimeExit' does not depend on any axioms
info: StrongPerimetralTurning.lean:8954:0: 'StrongPerimetralTurning.UniformPerimetralRegimeExit' does not depend on any axioms
info: StrongPerimetralTurning.lean:8955:0: 'StrongPerimetralTurning.UniformPerimetralRegimeExit.toUniformRegimeExit' does not depend on any axioms
info: StrongPerimetralTurning.lean:8956:0: 'StrongPerimetralTurning.UniformPerimetralRegimeExit.atImplementation' does not depend on any axioms
info: StrongPerimetralTurning.lean:8957:0: 'StrongPerimetralTurning.UniformPerimetralRegimeExit.at_forget' does not depend on any axioms
info: StrongPerimetralTurning.lean:8958:0: 'StrongPerimetralTurning.UniformPerimetralRegimeExit.at_forget_named' does not depend on any axioms
info: StrongPerimetralTurning.lean:8959:0: 'StrongPerimetralTurning.oneStepUniformPerimetralRegimeExit' does not depend on any axioms
info: StrongPerimetralTurning.lean:8960:0: 'StrongPerimetralTurning.oneStepPerimetralRegimeExit' does not depend on any axioms
info: StrongPerimetralTurning.lean:8961:0: 'StrongPerimetralTurning.oneStepConcreteRegimeExit' does not depend on any axioms
info: StrongPerimetralTurning.lean:8962:0: 'StrongPerimetralTurning.HistoryAlignmentSpec' does not depend on any axioms
info: StrongPerimetralTurning.lean:8963:0: 'StrongPerimetralTurning.circularNormativeAdequacy' does not depend on any axioms
info: StrongPerimetralTurning.lean:8964:0: 'StrongPerimetralTurning.circularRefinement_adequateAlong' does not depend on any axioms
info: StrongPerimetralTurning.lean:8965:0: 'StrongPerimetralTurning.oneStepSpecRelativeHistoryExit' does not depend on any axioms
info: StrongPerimetralTurning.lean:8966:0: 'StrongPerimetralTurning.oneStepSpecRelativeHistoryExit_notSpecification' does not depend on any axioms
info: StrongPerimetralTurning.lean:8968:0: 'StrongPerimetralTurning.NonClosingNext' does not depend on any axioms
info: StrongPerimetralTurning.lean:8969:0: 'StrongPerimetralTurning.NonClosingNext.target_eq_source' does not depend on any axioms
info: StrongPerimetralTurning.lean:8970:0: 'StrongPerimetralTurning.generatedHistory_equalEndpoints_noOccurrence' does not depend on any axioms
info: StrongPerimetralTurning.lean:8971:0: 'StrongPerimetralTurning.SemanticTrace.Between' does not depend on any axioms
info: StrongPerimetralTurning.lean:8972:0: 'StrongPerimetralTurning.ExactSemanticBridgeSegment' does not depend on any axioms
info: StrongPerimetralTurning.lean:8973:0: 'StrongPerimetralTurning.EffectiveConstitutiveBridge' does not depend on any axioms
info: StrongPerimetralTurning.lean:8974:0: 'StrongPerimetralTurning.bridgeParticipation_between_empty_of_next' does not depend on any axioms
info: StrongPerimetralTurning.lean:8975:0: 'StrongPerimetralTurning.effectiveBridge_between_empty_of_next' does not depend on any axioms
info: StrongPerimetralTurning.lean:8976:0: 'StrongPerimetralTurning.Example.exampleP1_next_exampleP2' does not depend on any axioms
info: StrongPerimetralTurning.lean:8977:0: 'StrongPerimetralTurning.Example.exampleP2_next_exampleP3' does not depend on any axioms
info: StrongPerimetralTurning.lean:8978:0: 'StrongPerimetralTurning.Example.interleavedExample_extra1_between' does not depend on any axioms
info: StrongPerimetralTurning.lean:8979:0: 'StrongPerimetralTurning.Example.interleavedExample_extra2_between' does not depend on any axioms
info: StrongPerimetralTurning.lean:8980:0: 'StrongPerimetralTurning.Example.interleavedExample_no_effective_bridge_p1_p2' does not depend on any axioms
info: StrongPerimetralTurning.lean:8981:0: 'StrongPerimetralTurning.Example.interleavedExample_no_effective_bridge_p2_p3' does not depend on any axioms
info: StrongPerimetralTurning.lean:8983:0: 'StrongPerimetralTurning.History.OccurrencePrecedes' does not depend on any axioms
info: StrongPerimetralTurning.lean:8984:0: 'StrongPerimetralTurning.History.OccurrenceNext' does not depend on any axioms
info: StrongPerimetralTurning.lean:8985:0: 'StrongPerimetralTurning.History.OccurrenceNext.toPrecedes' does not depend on any axioms
info: StrongPerimetralTurning.lean:8986:0: 'StrongPerimetralTurning.History.OccurrencePrecedes.ne' does not depend on any axioms
info: StrongPerimetralTurning.lean:8987:0: 'StrongPerimetralTurning.History.OccurrencePrecedes.trichotomy' does not depend on any axioms
info: StrongPerimetralTurning.lean:8988:0: 'StrongPerimetralTurning.CursorReach.trans' does not depend on any axioms
info: StrongPerimetralTurning.lean:8989:0: 'StrongPerimetralTurning.CursorFuture.transReach' does not depend on any axioms
info: StrongPerimetralTurning.lean:8990:0: 'StrongPerimetralTurning.occurrenceSource_to_historyEndpoint_future' does not depend on any axioms
info: StrongPerimetralTurning.lean:8991:0: 'StrongPerimetralTurning.occurrenceTarget_to_historyEndpoint_reach' does not depend on any axioms
info: StrongPerimetralTurning.lean:8992:0: 'StrongPerimetralTurning.History.OccurrencePrecedes.sourceCursorFuture' does not depend on any axioms
info: StrongPerimetralTurning.lean:8993:0: 'StrongPerimetralTurning.History.OccurrencePrecedes.next_or_positiveGap' does not depend on any axioms
info: StrongPerimetralTurning.lean:8994:0: 'StrongPerimetralTurning.NonClosingPrecedes.ne' does not depend on any axioms
info: StrongPerimetralTurning.lean:8995:0: 'StrongPerimetralTurning.NonClosingNext.toPrecedes' does not depend on any axioms
info: StrongPerimetralTurning.lean:8996:0: 'StrongPerimetralTurning.positionSourceCursorReach' does not depend on any axioms
info: StrongPerimetralTurning.lean:8997:0: 'StrongPerimetralTurning.NonClosingPrecedes.sourceCursorFuture' does not depend on any axioms
info: StrongPerimetralTurning.lean:8998:0: 'StrongPerimetralTurning.ExactNonClosingRealization.realize_injective' does not depend on any axioms
info: StrongPerimetralTurning.lean:8999:0: 'StrongPerimetralTurning.ExactNonClosingRealization.preservesPrecedence' does not depend on any axioms
info: StrongPerimetralTurning.lean:9000:0: 'StrongPerimetralTurning.ExactNonClosingRealization.preservesNext' does not depend on any axioms
info: StrongPerimetralTurning.lean:9001:0: 'StrongPerimetralTurning.ExactNonClosingRealization.embedPerimeterOccurrence' does not depend on any axioms
info: StrongPerimetralTurning.lean:9002:0: 'StrongPerimetralTurning.ExactNonClosingRealization.embedPerimeterOccurrence_locatedStep' does not depend on any axioms
info: StrongPerimetralTurning.lean:9003:0: 'StrongPerimetralTurning.ExactNonClosingRealization.embedPerimeterOccurrence_injective' does not depend on any axioms
info: StrongPerimetralTurning.lean:9004:0: 'StrongPerimetralTurning.History.factorInitialGeneratedStep' does not depend on any axioms
info: StrongPerimetralTurning.lean:9005:0: 'StrongPerimetralTurning.History.extractRightOccurrenceAfterSingle' does not depend on any axioms
info: StrongPerimetralTurning.lean:9006:0: 'StrongPerimetralTurning.factorDeployRemainingFromExactOccurrences' does not depend on any axioms
info: StrongPerimetralTurning.lean:9007:0: 'StrongPerimetralTurning.ExactNonClosingRealization.toPerimeterExtension' does not depend on any axioms
info: StrongPerimetralTurning.lean:9008:0: 'StrongPerimetralTurning.CircularSpecificationSatisfaction.eq_perimeter' does not depend on any axioms
info: StrongPerimetralTurning.lean:9009:0: 'StrongPerimetralTurning.circularSpecification_complete' does not depend on any axioms
info: StrongPerimetralTurning.lean:9010:0: 'StrongPerimetralTurning.circularRefinement_soundSpecification' does not depend on any axioms
ℹ [8/106] Replayed RelationalPerimeter.Constitution.BoundaryTransport
info: RelationalPerimeter/Constitution/BoundaryTransport.lean:291:0: 'RelationalPerimeter.Constitution.ConstitutiveBoundary' does not depend on any axioms
info: RelationalPerimeter/Constitution/BoundaryTransport.lean:292:0: 'RelationalPerimeter.Constitution.closingBoundary' does not depend on any axioms
info: RelationalPerimeter/Constitution/BoundaryTransport.lean:293:0: 'RelationalPerimeter.Constitution.BoundaryCarrierTransport' does not depend on any axioms
info: RelationalPerimeter/Constitution/BoundaryTransport.lean:294:0: 'RelationalPerimeter.Constitution.BoundaryTransport' does not depend on any axioms
info: RelationalPerimeter/Constitution/BoundaryTransport.lean:295:0: 'RelationalPerimeter.Constitution.BoundaryTransport.identity' does not depend on any axioms
info: RelationalPerimeter/Constitution/BoundaryTransport.lean:296:0: 'RelationalPerimeter.Constitution.BoundaryTransport.reverse' does not depend on any axioms
info: RelationalPerimeter/Constitution/BoundaryTransport.lean:297:0: 'RelationalPerimeter.Constitution.BoundaryTransport.compose' does not depend on any axioms
info: RelationalPerimeter/Constitution/BoundaryTransport.lean:298:0: 'RelationalPerimeter.Constitution.BoundaryTransport.ForwardAgreement' does not depend on any axioms
info: RelationalPerimeter/Constitution/BoundaryTransport.lean:299:0: 'RelationalPerimeter.Constitution.BoundaryTransport.identity_left' does not depend on any axioms
info: RelationalPerimeter/Constitution/BoundaryTransport.lean:300:0: 'RelationalPerimeter.Constitution.BoundaryTransport.identity_right' does not depend on any axioms
info: RelationalPerimeter/Constitution/BoundaryTransport.lean:301:0: 'RelationalPerimeter.Constitution.BoundaryTransport.compose_associative' does not depend on any axioms
info: RelationalPerimeter/Constitution/BoundaryTransport.lean:302:0: 'RelationalPerimeter.Constitution.BoundaryTransport.reverse_left' does not depend on any axioms
info: RelationalPerimeter/Constitution/BoundaryTransport.lean:303:0: 'RelationalPerimeter.Constitution.BoundaryTransport.reverse_right' does not depend on any axioms
info: RelationalPerimeter/Constitution/BoundaryTransport.lean:304:0: 'RelationalPerimeter.Constitution.BoundaryTransport.reverse_reverse' does not depend on any axioms
info: RelationalPerimeter/Constitution/BoundaryTransport.lean:305:0: 'RelationalPerimeter.Constitution.BoundaryTransport.reverse_compose' does not depend on any axioms
info: RelationalPerimeter/Constitution/BoundaryTransport.lean:306:0: 'RelationalPerimeter.Constitution.BoundaryTransport.BackwardAgreement' does not depend on any axioms
info: RelationalPerimeter/Constitution/BoundaryTransport.lean:307:0: 'RelationalPerimeter.Constitution.BoundaryTransport.backward_of_forward' does not depend on any axioms
info: RelationalPerimeter/Constitution/BoundaryTransport.lean:308:0: 'RelationalPerimeter.Constitution.BoundaryTransport.exists_identity' does not depend on any axioms
info: RelationalPerimeter/Constitution/BoundaryTransport.lean:309:0: 'RelationalPerimeter.Constitution.BoundaryTransport.exists_reverse' does not depend on any axioms
info: RelationalPerimeter/Constitution/BoundaryTransport.lean:310:0: 'RelationalPerimeter.Constitution.BoundaryTransport.exists_compose' does not depend on any axioms
info: RelationalPerimeter/Constitution/BoundaryTransport.lean:311:0: 'RelationalPerimeter.Constitution.EquippedFinalRole' does not depend on any axioms
info: RelationalPerimeter/Constitution/BoundaryTransport.lean:312:0: 'RelationalPerimeter.Constitution.EquippedFinalRole.ext' does not depend on any axioms
info: RelationalPerimeter/Constitution/BoundaryTransport.lean:313:0: 'RelationalPerimeter.Constitution.EquippedFinalRole.unique' does not depend on any axioms
info: RelationalPerimeter/Constitution/BoundaryTransport.lean:314:0: 'RelationalPerimeter.Constitution.EquippedFinalRole.canonical' does not depend on any axioms
info: RelationalPerimeter/Constitution/BoundaryTransport.lean:315:0: 'RelationalPerimeter.Constitution.EquippedFinalRole.source' does not depend on any axioms
info: RelationalPerimeter/Constitution/BoundaryTransport.lean:316:0: 'RelationalPerimeter.Constitution.EquippedFinalRole.target' does not depend on any axioms
info: RelationalPerimeter/Constitution/BoundaryTransport.lean:317:0: 'RelationalPerimeter.Constitution.EquippedFinalRole.provenance' does not depend on any axioms
info: RelationalPerimeter/Constitution/BoundaryTransport.lean:318:0: 'RelationalPerimeter.Constitution.EquippedFinalRole.transport' does not depend on any axioms
info: RelationalPerimeter/Constitution/BoundaryTransport.lean:319:0: 'RelationalPerimeter.Constitution.EquippedFinalRole.source_preserved' does not depend on any axioms
info: RelationalPerimeter/Constitution/BoundaryTransport.lean:320:0: 'RelationalPerimeter.Constitution.EquippedFinalRole.target_preserved' does not depend on any axioms
info: RelationalPerimeter/Constitution/BoundaryTransport.lean:321:0: 'RelationalPerimeter.Constitution.EquippedFinalRole.provenance_preserved' does not depend on any axioms
info: RelationalPerimeter/Constitution/BoundaryTransport.lean:322:0: 'RelationalPerimeter.Constitution.EquippedFinalRole.transport_identity' does not depend on any axioms
info: RelationalPerimeter/Constitution/BoundaryTransport.lean:323:0: 'RelationalPerimeter.Constitution.EquippedFinalRole.transport_compose' does not depend on any axioms
info: RelationalPerimeter/Constitution/BoundaryTransport.lean:324:0: 'RelationalPerimeter.Constitution.EquippedFinalRole.transport_reverse' does not depend on any axioms
info: RelationalPerimeter/Constitution/BoundaryTransport.lean:325:0: 'RelationalPerimeter.Constitution.EquippedFinalRole.transport_reverse_right' does not depend on any axioms
info: RelationalPerimeter/Constitution/BoundaryTransport.lean:326:0: 'RelationalPerimeter.Constitution.EquippedFinalRole.exactTransport' does not depend on any axioms
ℹ [9/106] Replayed RelationalPerimeter.Constitution.ClosingBoundary
info: RelationalPerimeter/Constitution/ClosingBoundary.lean:147:0: 'RelationalPerimeter.Constitution.ClosingBoundaryShape' does not depend on any axioms
info: RelationalPerimeter/Constitution/ClosingBoundary.lean:148:0: 'RelationalPerimeter.Constitution.ClosingWitness' does not depend on any axioms
info: RelationalPerimeter/Constitution/ClosingBoundary.lean:149:0: 'RelationalPerimeter.Constitution.PointedClosingBoundary' does not depend on any axioms
info: RelationalPerimeter/Constitution/ClosingBoundary.lean:150:0: 'RelationalPerimeter.Constitution.ClosingBoundaryShape.point' does not depend on any axioms
info: RelationalPerimeter/Constitution/ClosingBoundary.lean:151:0: 'RelationalPerimeter.Constitution.ClosingBoundaryShape.pointingTransport' does not depend on any axioms
info: RelationalPerimeter/Constitution/ClosingBoundary.lean:152:0: 'RelationalPerimeter.Constitution.ClosingBoundaryShape.nonempty_pointed_iff' does not depend on any axioms
info: RelationalPerimeter/Constitution/ClosingBoundary.lean:153:0: 'RelationalPerimeter.Constitution.ClosingBoundaryShape.noPointingOfEmpty' does not depend on any axioms
info: RelationalPerimeter/Constitution/ClosingBoundary.lean:154:0: 'RelationalPerimeter.Constitution.ConstitutiveBoundary.toClosingBoundaryShape' does not depend on any axioms
info: RelationalPerimeter/Constitution/ClosingBoundary.lean:155:0: 'RelationalPerimeter.Constitution.ConstitutiveBoundary.toPointedClosingBoundary' does not depend on any axioms
info: RelationalPerimeter/Constitution/ClosingBoundary.lean:156:0: 'RelationalPerimeter.Constitution.ConstitutiveBoundary.shape_fibre_nonempty' does not depend on any axioms
info: RelationalPerimeter/Constitution/ClosingBoundary.lean:157:0: 'RelationalPerimeter.Constitution.PointedClosingBoundary.toConstitutiveBoundary' does not depend on any axioms
info: RelationalPerimeter/Constitution/ClosingBoundary.lean:158:0: 'RelationalPerimeter.Constitution.PointedClosingBoundary.shape_roundTrip' does not depend on any axioms
info: RelationalPerimeter/Constitution/ClosingBoundary.lean:159:0: 'RelationalPerimeter.Constitution.PointedClosingBoundary.pointing_roundTrip' does not depend on any axioms
info: RelationalPerimeter/Constitution/ClosingBoundary.lean:160:0: 'RelationalPerimeter.Constitution.PointedClosingBoundary.FinalRole' does not depend on any axioms
info: RelationalPerimeter/Constitution/ClosingBoundary.lean:161:0: 'RelationalPerimeter.Constitution.PointedClosingBoundary.finalRole' does not depend on any axioms
info: RelationalPerimeter/Constitution/ClosingBoundary.lean:162:0: 'RelationalPerimeter.Constitution.PointedClosingBoundary.finalRole_unique' does not depend on any axioms
info: RelationalPerimeter/Constitution/ClosingBoundary.lean:163:0: 'RelationalPerimeter.Constitution.PointedClosingBoundary.finalRole_junction' does not depend on any axioms
info: RelationalPerimeter/Constitution/ClosingBoundary.lean:164:0: 'RelationalPerimeter.Constitution.ConstitutiveBoundary.boundary_roundTrip' does not depend on any axioms
info: RelationalPerimeter/Constitution/ClosingBoundary.lean:165:0: 'RelationalPerimeter.Constitution.ClosingBoundaryShape.nonempty_finalRole_iff' does not depend on any axioms
info: RelationalPerimeter/Constitution/ClosingBoundary.lean:166:0: 'RelationalPerimeter.Constitution.ClosingBoundaryShape.noFinalRoleOfEmpty' does not depend on any axioms
ℹ [10/106] Replayed RelationalPerimeter.Constitution.ClosingBoundaryExamples
info: RelationalPerimeter/Constitution/ClosingBoundaryExamples.lean:102:0: 'RelationalPerimeter.Constitution.ClosingBoundaryExamples.fibreShape' does not depend on any axioms
info: RelationalPerimeter/Constitution/ClosingBoundaryExamples.lean:103:0: 'RelationalPerimeter.Constitution.ClosingBoundaryExamples.emptyShape' does not depend on any axioms
info: RelationalPerimeter/Constitution/ClosingBoundaryExamples.lean:104:0: 'RelationalPerimeter.Constitution.ClosingBoundaryExamples.empty_has_no_junction' does not depend on any axioms
info: RelationalPerimeter/Constitution/ClosingBoundaryExamples.lean:105:0: 'RelationalPerimeter.Constitution.ClosingBoundaryExamples.empty_no_pointing' does not depend on any axioms
info: RelationalPerimeter/Constitution/ClosingBoundaryExamples.lean:106:0: 'RelationalPerimeter.Constitution.ClosingBoundaryExamples.empty_no_final_role' does not depend on any axioms
info: RelationalPerimeter/Constitution/ClosingBoundaryExamples.lean:107:0: 'RelationalPerimeter.Constitution.ClosingBoundaryExamples.empty_not_from_constitutive' does not depend on any axioms
info: RelationalPerimeter/Constitution/ClosingBoundaryExamples.lean:108:0: 'RelationalPerimeter.Constitution.ClosingBoundaryExamples.unitShape' does not depend on any axioms
info: RelationalPerimeter/Constitution/ClosingBoundaryExamples.lean:109:0: 'RelationalPerimeter.Constitution.ClosingBoundaryExamples.unitPointing' does not depend on any axioms
info: RelationalPerimeter/Constitution/ClosingBoundaryExamples.lean:110:0: 'RelationalPerimeter.Constitution.ClosingBoundaryExamples.unit_fibre_unique' does not depend on any axioms
info: RelationalPerimeter/Constitution/ClosingBoundaryExamples.lean:111:0: 'RelationalPerimeter.Constitution.ClosingBoundaryExamples.unitRole' does not depend on any axioms
info: RelationalPerimeter/Constitution/ClosingBoundaryExamples.lean:112:0: 'RelationalPerimeter.Constitution.ClosingBoundaryExamples.unit_role_unique' does not depend on any axioms
info: RelationalPerimeter/Constitution/ClosingBoundaryExamples.lean:113:0: 'RelationalPerimeter.Constitution.ClosingBoundaryExamples.boolShape' does not depend on any axioms
info: RelationalPerimeter/Constitution/ClosingBoundaryExamples.lean:114:0: 'RelationalPerimeter.Constitution.ClosingBoundaryExamples.falsePointing' does not depend on any axioms
info: RelationalPerimeter/Constitution/ClosingBoundaryExamples.lean:115:0: 'RelationalPerimeter.Constitution.ClosingBoundaryExamples.truePointing' does not depend on any axioms
info: RelationalPerimeter/Constitution/ClosingBoundaryExamples.lean:116:0: 'RelationalPerimeter.Constitution.ClosingBoundaryExamples.bool_witnesses_distinct' does not depend on any axioms
info: RelationalPerimeter/Constitution/ClosingBoundaryExamples.lean:117:0: 'RelationalPerimeter.Constitution.ClosingBoundaryExamples.bool_pointings_distinct' does not depend on any axioms
info: RelationalPerimeter/Constitution/ClosingBoundaryExamples.lean:118:0: 'RelationalPerimeter.Constitution.ClosingBoundaryExamples.bool_same_shape' does not depend on any axioms
info: RelationalPerimeter/Constitution/ClosingBoundaryExamples.lean:119:0: 'RelationalPerimeter.Constitution.ClosingBoundaryExamples.falseRole' does not depend on any axioms
info: RelationalPerimeter/Constitution/ClosingBoundaryExamples.lean:120:0: 'RelationalPerimeter.Constitution.ClosingBoundaryExamples.trueRole' does not depend on any axioms
info: RelationalPerimeter/Constitution/ClosingBoundaryExamples.lean:121:0: 'RelationalPerimeter.Constitution.ClosingBoundaryExamples.bool_per_choice_role_unique' does not depend on any axioms
info: RelationalPerimeter/Constitution/ClosingBoundaryExamples.lean:122:0: 'RelationalPerimeter.Constitution.ClosingBoundaryExamples.bool_role_witnesses_distinct' does not depend on any axioms
info: RelationalPerimeter/Constitution/ClosingBoundaryExamples.lean:123:0: 'RelationalPerimeter.Constitution.ClosingBoundaryExamples.bool_pointing_fibre_not_unique' does not depend on any axioms
info: RelationalPerimeter/Constitution/ClosingBoundaryExamples.lean:124:0: 'RelationalPerimeter.Constitution.ClosingBoundaryExamples.bool_closing_fibre_not_unique' does not depend on any axioms
ℹ [11/106] Replayed RelationalPerimeter.Constitution.CircularPresentationBridge
info: RelationalPerimeter/Constitution/CircularPresentationBridge.lean:80:0: 'StrongPerimetralTurning.CircularPresentation.endpointBoundary' does not depend on any axioms
info: RelationalPerimeter/Constitution/CircularPresentationBridge.lean:81:0: 'StrongPerimetralTurning.CircularPresentation.closureObstruction' does not depend on any axioms
info: RelationalPerimeter/Constitution/CircularPresentationBridge.lean:82:0: 'StrongPerimetralTurning.CircularPresentation.ofPositive' does not depend on any axioms
info: RelationalPerimeter/Constitution/CircularPresentationBridge.lean:83:0: 'StrongPerimetralTurning.CircularPresentation.positive_roundTrip' does not depend on any axioms
info: RelationalPerimeter/Constitution/CircularPresentationBridge.lean:84:0: 'StrongPerimetralTurning.CircularPresentation.boundary_roundTrip' does not depend on any axioms
info: RelationalPerimeter/Constitution/CircularPresentationBridge.lean:85:0: 'StrongPerimetralTurning.CircularPresentation.obstruction_roundTrip' does not depend on any axioms
info: RelationalPerimeter/Constitution/CircularPresentationBridge.lean:86:0: 'StrongPerimetralTurning.CircularPresentation.historical_roundTrip' does not depend on any axioms
ℹ [12/106] Replayed RelationalPerimeter.Constitution.Examples
info: RelationalPerimeter/Constitution/Examples.lean:125:0: 'RelationalPerimeter.Constitution.Examples.node' does not depend on any axioms
info: RelationalPerimeter/Constitution/Examples.lean:126:0: 'RelationalPerimeter.Constitution.Examples.positive' does not depend on any axioms
info: RelationalPerimeter/Constitution/Examples.lean:127:0: 'RelationalPerimeter.Constitution.Examples.identifiedBoundary' does not depend on any axioms
info: RelationalPerimeter/Constitution/Examples.lean:128:0: 'RelationalPerimeter.Constitution.Examples.identifiedBoundary_eq' does not depend on any axioms
info: RelationalPerimeter/Constitution/Examples.lean:129:0: 'RelationalPerimeter.Constitution.Examples.identifiedBoundary_no_obstruction' does not depend on any axioms
info: RelationalPerimeter/Constitution/Examples.lean:130:0: 'RelationalPerimeter.Constitution.Examples.separatedBoundary' does not depend on any axioms
info: RelationalPerimeter/Constitution/Examples.lean:131:0: 'RelationalPerimeter.Constitution.Examples.obstruction' does not depend on any axioms
info: RelationalPerimeter/Constitution/Examples.lean:132:0: 'RelationalPerimeter.Constitution.Examples.obstructed' does not depend on any axioms
info: RelationalPerimeter/Constitution/Examples.lean:133:0: 'RelationalPerimeter.Constitution.Examples.same_positive_data' does not depend on any axioms
info: RelationalPerimeter/Constitution/Examples.lean:134:0: 'RelationalPerimeter.Constitution.Examples.raw_node_return' does not depend on any axioms
info: RelationalPerimeter/Constitution/Examples.lean:135:0: 'RelationalPerimeter.Constitution.Examples.boundary' does not depend on any axioms
info: RelationalPerimeter/Constitution/Examples.lean:136:0: 'RelationalPerimeter.Constitution.Examples.boolFlip' does not depend on any axioms
info: RelationalPerimeter/Constitution/Examples.lean:137:0: 'RelationalPerimeter.Constitution.Examples.closingSwap' does not depend on any axioms
info: RelationalPerimeter/Constitution/Examples.lean:138:0: 'RelationalPerimeter.Constitution.Examples.closingSwap_preserves_indices' does not depend on any axioms
info: RelationalPerimeter/Constitution/Examples.lean:139:0: 'RelationalPerimeter.Constitution.Examples.closingSwap_does_not_preserve_witness' does not depend on any axioms
info: RelationalPerimeter/Constitution/Examples.lean:140:0: 'RelationalPerimeter.Constitution.Examples.closingSwap_cannot_lift' does not depend on any axioms
info: RelationalPerimeter/Constitution/Examples.lean:141:0: 'RelationalPerimeter.Constitution.Examples.exampleEquippedFinalRole' does not depend on any axioms
info: RelationalPerimeter/Constitution/Examples.lean:142:0: 'RelationalPerimeter.Constitution.Examples.exampleRole_provenance' does not depend on any axioms
info: RelationalPerimeter/Constitution/Examples.lean:143:0: 'RelationalPerimeter.Constitution.Examples.historicalExample_recovered' does not depend on any axioms
ℹ [13/106] Replayed RelationalPerimeter.Constitution
info: RelationalPerimeter/Constitution.lean:17:0: 'StrongPerimetralTurning.PositiveCircularPresentation' does not depend on any axioms
info: RelationalPerimeter/Constitution.lean:18:0: 'RelationalPerimeter.Constitution.BoundaryTransport' does not depend on any axioms
info: RelationalPerimeter/Constitution.lean:19:0: 'RelationalPerimeter.Constitution.ClosingBoundaryShape' does not depend on any axioms
info: RelationalPerimeter/Constitution.lean:20:0: 'RelationalPerimeter.Constitution.ClosingWitness' does not depend on any axioms
info: RelationalPerimeter/Constitution.lean:21:0: 'RelationalPerimeter.Constitution.PointedClosingBoundary' does not depend on any axioms
info: RelationalPerimeter/Constitution.lean:22:0: 'StrongPerimetralTurning.CircularPresentation.historical_roundTrip' does not depend on any axioms
ℹ [14/106] Replayed RelationalPerimeter.Computation.ConstitutiveGeneration
info: RelationalPerimeter/Computation/ConstitutiveGeneration.lean:136:0: 'ConstitutiveSearch.ConstitutiveGeneration.positiveDepth_canonicalTarget' does not depend on any axioms
info: RelationalPerimeter/Computation/ConstitutiveGeneration.lean:137:0: 'ConstitutiveSearch.ConstitutiveGeneration.iteratedHistory' does not depend on any axioms
info: RelationalPerimeter/Computation/ConstitutiveGeneration.lean:138:0: 'ConstitutiveSearch.ConstitutiveGeneration.appendExactlyOneOccurrenceTransport' does not depend on any axioms
info: RelationalPerimeter/Computation/ConstitutiveGeneration.lean:139:0: 'ConstitutiveSearch.ConstitutiveGeneration.successorOccurrenceSplit' does not depend on any axioms
info: RelationalPerimeter/Computation/ConstitutiveGeneration.lean:140:0: 'ConstitutiveSearch.ConstitutiveGeneration.successorOccurrenceSplit_old' does not depend on any axioms
info: RelationalPerimeter/Computation/ConstitutiveGeneration.lean:141:0: 'ConstitutiveSearch.ConstitutiveGeneration.successorOccurrenceSplit_fresh' does not depend on any axioms
ℹ [15/106] Replayed RelationalPerimeter.Computation.ConstitutiveSearch.SearchSystem
info: RelationalPerimeter/Computation/ConstitutiveSearch/SearchSystem.lean:65:0: 'ConstitutiveSearch.SearchSystem' does not depend on any axioms
info: RelationalPerimeter/Computation/ConstitutiveSearch/SearchSystem.lean:66:0: 'ConstitutiveSearch.SearchSystem.Viable' does not depend on any axioms
info: RelationalPerimeter/Computation/ConstitutiveSearch/SearchSystem.lean:67:0: 'ConstitutiveSearch.SearchSystem.AcceptedContinuation' does not depend on any axioms
info: RelationalPerimeter/Computation/ConstitutiveSearch/SearchSystem.lean:68:0: 'ConstitutiveSearch.SearchSystem.viable_iff_nonempty_accepted' does not depend on any axioms
ℹ [16/106] Replayed RelationalPerimeter.Computation.ConstitutiveSearch.ContinuationTransport
info: RelationalPerimeter/Computation/ConstitutiveSearch/ContinuationTransport.lean:169:0: 'ConstitutiveSearch.ContinuationTransport' does not depend on any axioms
info: RelationalPerimeter/Computation/ConstitutiveSearch/ContinuationTransport.lean:170:0: 'ConstitutiveSearch.ContinuationTransport.trans' does not depend on any axioms
info: RelationalPerimeter/Computation/ConstitutiveSearch/ContinuationTransport.lean:171:0: 'ConstitutiveSearch.ContinuationTransport.preservesExistence' does not depend on any axioms
info: RelationalPerimeter/Computation/ConstitutiveSearch/ContinuationTransport.lean:172:0: 'ConstitutiveSearch.ExactBinarySplit' does not depend on any axioms
info: RelationalPerimeter/Computation/ConstitutiveSearch/ContinuationTransport.lean:173:0: 'ConstitutiveSearch.ExactBinarySplit.eliminateLeft' does not depend on any axioms
info: RelationalPerimeter/Computation/ConstitutiveSearch/ContinuationTransport.lean:174:0: 'ConstitutiveSearch.ExactBinarySplit.eliminateRight' does not depend on any axioms
ℹ [17/106] Replayed RelationalPerimeter.Computation.ConstitutiveSearch.AcceptingTransport
info: RelationalPerimeter/Computation/ConstitutiveSearch/AcceptingTransport.lean:102:0: 'ConstitutiveSearch.AcceptingContinuationTransport' does not depend on any axioms
info: RelationalPerimeter/Computation/ConstitutiveSearch/AcceptingTransport.lean:103:0: 'ConstitutiveSearch.AcceptingContinuationTransport.identity' does not depend on any axioms
info: RelationalPerimeter/Computation/ConstitutiveSearch/AcceptingTransport.lean:104:0: 'ConstitutiveSearch.AcceptingContinuationTransport.trans' does not depend on any axioms
info: RelationalPerimeter/Computation/ConstitutiveSearch/AcceptingTransport.lean:105:0: 'ConstitutiveSearch.AcceptingContinuationTransport.toStructuralTransport' does not depend on any axioms
info: RelationalPerimeter/Computation/ConstitutiveSearch/AcceptingTransport.lean:106:0: 'ConstitutiveSearch.AcceptingContinuationTransport.preservesViable' does not depend on any axioms
info: RelationalPerimeter/Computation/ConstitutiveSearch/AcceptingTransport.lean:107:0: 'ConstitutiveSearch.AcceptingContinuationTransport.toAcceptedTransport' does not depend on any axioms
ℹ [18/106] Replayed RelationalPerimeter.Computation.ConstitutiveSearch.AcceptedSplit
info: RelationalPerimeter/Computation/ConstitutiveSearch/AcceptedSplit.lean:121:0: 'ConstitutiveSearch.BinaryAccept' does not depend on any axioms
info: RelationalPerimeter/Computation/ConstitutiveSearch/AcceptedSplit.lean:122:0: 'ConstitutiveSearch.AcceptingExactBinarySplit' does not depend on any axioms
info: RelationalPerimeter/Computation/ConstitutiveSearch/AcceptedSplit.lean:123:0: 'ConstitutiveSearch.AcceptingExactBinarySplit.toStructuralSplit' does not depend on any axioms
info: RelationalPerimeter/Computation/ConstitutiveSearch/AcceptedSplit.lean:124:0: 'ConstitutiveSearch.AcceptingExactBinarySplit.viable_iff' does not depend on any axioms
ℹ [19/106] Replayed RelationalPerimeter.Computation.ConstitutiveSearch.FrontierReduction
info: RelationalPerimeter/Computation/ConstitutiveSearch/FrontierReduction.lean:156:0: 'ConstitutiveSearch.FrontierCompletion' does not depend on any axioms
info: RelationalPerimeter/Computation/ConstitutiveSearch/FrontierReduction.lean:157:0: 'ConstitutiveSearch.FrontierCompletion.expandHead' does not depend on any axioms
info: RelationalPerimeter/Computation/ConstitutiveSearch/FrontierReduction.lean:158:0: 'ConstitutiveSearch.FrontierCompletion.absorbFirstIntoSecond' does not depend on any axioms
info: RelationalPerimeter/Computation/ConstitutiveSearch/FrontierReduction.lean:159:0: 'ConstitutiveSearch.FrontierCompletion.absorbSecondIntoFirst' does not depend on any axioms
info: RelationalPerimeter/Computation/ConstitutiveSearch/FrontierReduction.lean:160:0: 'ConstitutiveSearch.FrontierCompletion.expandThenAbsorbLeft' does not depend on any axioms
info: RelationalPerimeter/Computation/ConstitutiveSearch/FrontierReduction.lean:161:0: 'ConstitutiveSearch.FrontierCompletion.expandThenAbsorbRight' does not depend on any axioms
ℹ [20/106] Replayed RelationalPerimeter.Computation.ConstitutiveSearch.AcceptedFrontier
info: RelationalPerimeter/Computation/ConstitutiveSearch/AcceptedFrontier.lean:270:0: 'ConstitutiveSearch.FrontierAccept' does not depend on any axioms
info: RelationalPerimeter/Computation/ConstitutiveSearch/AcceptedFrontier.lean:271:0: 'ConstitutiveSearch.SearchSystem.frontierSystem' does not depend on any axioms
info: RelationalPerimeter/Computation/ConstitutiveSearch/AcceptedFrontier.lean:272:0: 'ConstitutiveSearch.FrontierViable' does not depend on any axioms
info: RelationalPerimeter/Computation/ConstitutiveSearch/AcceptedFrontier.lean:273:0: 'ConstitutiveSearch.AcceptingFrontierTransport.expandHead' does not depend on any axioms
info: RelationalPerimeter/Computation/ConstitutiveSearch/AcceptedFrontier.lean:274:0: 'ConstitutiveSearch.AcceptingFrontierTransport.contractExpandedHead' does not depend on any axioms
info: RelationalPerimeter/Computation/ConstitutiveSearch/AcceptedFrontier.lean:275:0: 'ConstitutiveSearch.AcceptingFrontierTransport.absorbFirstIntoSecond' does not depend on any axioms
info: RelationalPerimeter/Computation/ConstitutiveSearch/AcceptedFrontier.lean:276:0: 'ConstitutiveSearch.AcceptingFrontierTransport.absorbSecondIntoFirst' does not depend on any axioms
info: RelationalPerimeter/Computation/ConstitutiveSearch/AcceptedFrontier.lean:277:0: 'ConstitutiveSearch.AcceptingFrontierTransport.includeAfterAbsorbFirst' does not depend on any axioms
info: RelationalPerimeter/Computation/ConstitutiveSearch/AcceptedFrontier.lean:278:0: 'ConstitutiveSearch.AcceptingFrontierTransport.includeAfterAbsorbSecond' does not depend on any axioms
ℹ [21/106] Replayed RelationalPerimeter.Computation.ConstitutiveSearch.AcceptedFrontierPreservation
info: RelationalPerimeter/Computation/ConstitutiveSearch/AcceptedFrontierPreservation.lean:108:0: 'ConstitutiveSearch.AcceptedFrontierPreservation' does not depend on any axioms
info: RelationalPerimeter/Computation/ConstitutiveSearch/AcceptedFrontierPreservation.lean:109:0: 'ConstitutiveSearch.AcceptedFrontierPreservation.identity' does not depend on any axioms
info: RelationalPerimeter/Computation/ConstitutiveSearch/AcceptedFrontierPreservation.lean:110:0: 'ConstitutiveSearch.AcceptedFrontierPreservation.trans' does not depend on any axioms
info: RelationalPerimeter/Computation/ConstitutiveSearch/AcceptedFrontierPreservation.lean:111:0: 'ConstitutiveSearch.AcceptedFrontierPreservation.viable_iff' does not depend on any axioms
info: RelationalPerimeter/Computation/ConstitutiveSearch/AcceptedFrontierPreservation.lean:112:0: 'ConstitutiveSearch.AcceptedFrontierPreservation.expandHead' does not depend on any axioms
info: RelationalPerimeter/Computation/ConstitutiveSearch/AcceptedFrontierPreservation.lean:113:0: 'ConstitutiveSearch.AcceptedFrontierPreservation.absorbFirstIntoSecond' does not depend on any axioms
info: RelationalPerimeter/Computation/ConstitutiveSearch/AcceptedFrontierPreservation.lean:114:0: 'ConstitutiveSearch.AcceptedFrontierPreservation.absorbSecondIntoFirst' does not depend on any axioms
ℹ [22/106] Replayed RelationalPerimeter.Computation.ConstitutiveSearch.RelationalTransport
info: RelationalPerimeter/Computation/ConstitutiveSearch/RelationalTransport.lean:186:0: 'ConstitutiveSearch.RelationalContinuationAction' does not depend on any axioms
info: RelationalPerimeter/Computation/ConstitutiveSearch/RelationalTransport.lean:187:0: 'ConstitutiveSearch.RelationalContinuationAction.toTransport' does not depend on any axioms
info: RelationalPerimeter/Computation/ConstitutiveSearch/RelationalTransport.lean:188:0: 'ConstitutiveSearch.RelationSearch' does not depend on any axioms
info: RelationalPerimeter/Computation/ConstitutiveSearch/RelationalTransport.lean:189:0: 'ConstitutiveSearch.RelationSearch.findTransport' does not depend on any axioms
info: RelationalPerimeter/Computation/ConstitutiveSearch/RelationalTransport.lean:190:0: 'ConstitutiveSearch.PairSearchResult' does not depend on any axioms
info: RelationalPerimeter/Computation/ConstitutiveSearch/RelationalTransport.lean:191:0: 'ConstitutiveSearch.RelationSearch.classifyPair' does not depend on any axioms
ℹ [23/106] Replayed RelationalPerimeter.Computation.ConstitutiveSearch.IrreducibleFrontier
info: RelationalPerimeter/Computation/ConstitutiveSearch/IrreducibleFrontier.lean:221:0: 'ConstitutiveSearch.SearchIrreducible' does not depend on any axioms
info: RelationalPerimeter/Computation/ConstitutiveSearch/IrreducibleFrontier.lean:222:0: 'ConstitutiveSearch.CertifiedPairSearchResult' does not depend on any axioms
info: RelationalPerimeter/Computation/ConstitutiveSearch/IrreducibleFrontier.lean:223:0: 'ConstitutiveSearch.RelationSearch.classifyPairCertified' does not depend on any axioms
info: RelationalPerimeter/Computation/ConstitutiveSearch/IrreducibleFrontier.lean:224:0: 'ConstitutiveSearch.PairFrontierReduction' does not depend on any axioms
info: RelationalPerimeter/Computation/ConstitutiveSearch/IrreducibleFrontier.lean:225:0: 'ConstitutiveSearch.reduceCertifiedPair' does not depend on any axioms
info: RelationalPerimeter/Computation/ConstitutiveSearch/IrreducibleFrontier.lean:226:0: 'ConstitutiveSearch.reducePair' does not depend on any axioms
ℹ [24/106] Replayed RelationalPerimeter.Computation.ConstitutiveSearch.AcceptedRelationalTransport
info: RelationalPerimeter/Computation/ConstitutiveSearch/AcceptedRelationalTransport.lean:129:0: 'ConstitutiveSearch.AcceptedRelationalAction' does not depend on any axioms
info: RelationalPerimeter/Computation/ConstitutiveSearch/AcceptedRelationalTransport.lean:130:0: 'ConstitutiveSearch.AcceptedRelationalAction.preservesViable' does not depend on any axioms
info: RelationalPerimeter/Computation/ConstitutiveSearch/AcceptedRelationalTransport.lean:131:0: 'ConstitutiveSearch.AcceptedRelationalAction.absorbFirstIntoSecond' does not depend on any axioms
info: RelationalPerimeter/Computation/ConstitutiveSearch/AcceptedRelationalTransport.lean:132:0: 'ConstitutiveSearch.AcceptedRelationalAction.absorbSecondIntoFirst' does not depend on any axioms
info: RelationalPerimeter/Computation/ConstitutiveSearch/AcceptedRelationalTransport.lean:133:0: 'ConstitutiveSearch.RelationSearch.findAcceptedTransport' does not depend on any axioms
info: RelationalPerimeter/Computation/ConstitutiveSearch/AcceptedRelationalTransport.lean:134:0: 'ConstitutiveSearch.PairSearchResult.acceptedForwardTransport?' does not depend on any axioms
info: RelationalPerimeter/Computation/ConstitutiveSearch/AcceptedRelationalTransport.lean:135:0: 'ConstitutiveSearch.PairSearchResult.acceptedBackwardTransport?' does not depend on any axioms
ℹ [25/106] Replayed RelationalPerimeter.Computation.ConstitutiveSearch.TransportCode
info: RelationalPerimeter/Computation/ConstitutiveSearch/TransportCode.lean:90:0: 'ConstitutiveSearch.TransportCode' does not depend on any axioms
info: RelationalPerimeter/Computation/ConstitutiveSearch/TransportCode.lean:91:0: 'ConstitutiveSearch.TransportCode.size' does not depend on any axioms
info: RelationalPerimeter/Computation/ConstitutiveSearch/TransportCode.lean:92:0: 'ConstitutiveSearch.TransportCode.eval' does not depend on any axioms
info: RelationalPerimeter/Computation/ConstitutiveSearch/TransportCode.lean:93:0: 'ConstitutiveSearch.TransportCode.preservesViable' does not depend on any axioms
info: RelationalPerimeter/Computation/ConstitutiveSearch/TransportCode.lean:94:0: 'ConstitutiveSearch.TransportCode.ofGenerator' does not depend on any axioms
ℹ [26/106] Replayed RelationalPerimeter.Computation.ConstitutiveSearch.AcceptedFrontierNormalization
info: RelationalPerimeter/Computation/ConstitutiveSearch/AcceptedFrontierNormalization.lean:353:0: 'ConstitutiveSearch.AcceptingFrontierTransport.swapFirstTwo' does not depend on any axioms
info: RelationalPerimeter/Computation/ConstitutiveSearch/AcceptedFrontierNormalization.lean:354:0: 'ConstitutiveSearch.AcceptingFrontierTransport.prepend' does not depend on any axioms
info: RelationalPerimeter/Computation/ConstitutiveSearch/AcceptedFrontierNormalization.lean:355:0: 'ConstitutiveSearch.AcceptedFrontierPreservation.swapFirstTwo' does not depend on any axioms
info: RelationalPerimeter/Computation/ConstitutiveSearch/AcceptedFrontierNormalization.lean:356:0: 'ConstitutiveSearch.AcceptedFrontierPreservation.prepend' does not depend on any axioms
info: RelationalPerimeter/Computation/ConstitutiveSearch/AcceptedFrontierNormalization.lean:357:0: 'ConstitutiveSearch.AcceptedInsertIrreducibleReduction' does not depend on any axioms
info: RelationalPerimeter/Computation/ConstitutiveSearch/AcceptedFrontierNormalization.lean:358:0: 'ConstitutiveSearch.AcceptedInsertIrreducibleReduction.viable_iff' does not depend on any axioms
info: RelationalPerimeter/Computation/ConstitutiveSearch/AcceptedFrontierNormalization.lean:359:0: 'ConstitutiveSearch.insertAcceptedIntoIrreducible' does not depend on any axioms
info: RelationalPerimeter/Computation/ConstitutiveSearch/AcceptedFrontierNormalization.lean:360:0: 'ConstitutiveSearch.AcceptedIrreducibleFrontierReduction' does not depend on any axioms
info: RelationalPerimeter/Computation/ConstitutiveSearch/AcceptedFrontierNormalization.lean:361:0: 'ConstitutiveSearch.AcceptedIrreducibleFrontierReduction.viable_iff' does not depend on any axioms
info: RelationalPerimeter/Computation/ConstitutiveSearch/AcceptedFrontierNormalization.lean:362:0: 'ConstitutiveSearch.normalizeAcceptedFrontier' does not depend on any axioms
info: RelationalPerimeter/Computation/ConstitutiveSearch/AcceptedFrontierNormalization.lean:363:0: 'ConstitutiveSearch.normalizedAcceptedWidth' does not depend on any axioms
ℹ [27/106] Replayed RelationalPerimeter.Computation.ConstitutiveSearch.TransportClosure
info: RelationalPerimeter/Computation/ConstitutiveSearch/TransportClosure.lean:77:0: 'ConstitutiveSearch.TransportClosure' does not depend on any axioms
info: RelationalPerimeter/Computation/ConstitutiveSearch/TransportClosure.lean:78:0: 'ConstitutiveSearch.transportClosureAction' does not depend on any axioms
info: RelationalPerimeter/Computation/ConstitutiveSearch/TransportClosure.lean:79:0: 'ConstitutiveSearch.TransportClosure.ofGenerator' does not depend on any axioms
info: RelationalPerimeter/Computation/ConstitutiveSearch/TransportClosure.lean:80:0: 'ConstitutiveSearch.TransportClosure.compose' does not depend on any axioms
info: RelationalPerimeter/Computation/ConstitutiveSearch/TransportClosure.lean:81:0: 'ConstitutiveSearch.normalizeWithTransportClosure' does not depend on any axioms
ℹ [28/106] Replayed RelationalPerimeter.Computation.ConstitutiveSearch.ClosureSearch
info: RelationalPerimeter/Computation/ConstitutiveSearch/ClosureSearch.lean:228:0: 'ConstitutiveSearch.ClosureSearchStats' does not depend on any axioms
info: RelationalPerimeter/Computation/ConstitutiveSearch/ClosureSearch.lean:229:0: 'ConstitutiveSearch.ClosureSearchStats.combine' does not depend on any axioms
info: RelationalPerimeter/Computation/ConstitutiveSearch/ClosureSearch.lean:230:0: 'ConstitutiveSearch.ClosureSearchRun' does not depend on any axioms
info: RelationalPerimeter/Computation/ConstitutiveSearch/ClosureSearch.lean:231:0: 'ConstitutiveSearch.searchClosureViaCandidates' does not depend on any axioms
info: RelationalPerimeter/Computation/ConstitutiveSearch/ClosureSearch.lean:232:0: 'ConstitutiveSearch.searchTransportClosureBounded' does not depend on any axioms
info: RelationalPerimeter/Computation/ConstitutiveSearch/ClosureSearch.lean:233:0: 'ConstitutiveSearch.boundedTransportClosureSearch' does not depend on any axioms
info: RelationalPerimeter/Computation/ConstitutiveSearch/ClosureSearch.lean:234:0: 'ConstitutiveSearch.boundedTransportClosureSearch_find' does not depend on any axioms
info: RelationalPerimeter/Computation/ConstitutiveSearch/ClosureSearch.lean:235:0: 'ConstitutiveSearch.boundedClosure_zero_primitiveQueries' does not depend on any axioms
info: RelationalPerimeter/Computation/ConstitutiveSearch/ClosureSearch.lean:236:0: 'ConstitutiveSearch.boundedClosure_zero_compositionCandidates' does not depend on any axioms
ℹ [29/106] Replayed RelationalPerimeter.Computation.ConstitutiveSearch.ConstructivePrelude
info: RelationalPerimeter/Computation/ConstitutiveSearch/ConstructivePrelude.lean:591:0: 'ConstitutiveSearch.Constructive.nat_le_max_left' does not depend on any axioms
info: RelationalPerimeter/Computation/ConstitutiveSearch/ConstructivePrelude.lean:592:0: 'ConstitutiveSearch.Constructive.nat_le_max_right' does not depend on any axioms
info: RelationalPerimeter/Computation/ConstitutiveSearch/ConstructivePrelude.lean:593:0: 'ConstitutiveSearch.Constructive.nat_max_le' does not depend on any axioms
info: RelationalPerimeter/Computation/ConstitutiveSearch/ConstructivePrelude.lean:594:0: 'ConstitutiveSearch.Constructive.nat_max_self' does not depend on any axioms
info: RelationalPerimeter/Computation/ConstitutiveSearch/ConstructivePrelude.lean:595:0: 'ConstitutiveSearch.Constructive.nat_max_zero' does not depend on any axioms
info: RelationalPerimeter/Computation/ConstitutiveSearch/ConstructivePrelude.lean:596:0: 'ConstitutiveSearch.Constructive.nat_double_add_two' does not depend on any axioms
info: RelationalPerimeter/Computation/ConstitutiveSearch/ConstructivePrelude.lean:597:0: 'ConstitutiveSearch.Constructive.nat_add_pair_swap' does not depend on any axioms
info: RelationalPerimeter/Computation/ConstitutiveSearch/ConstructivePrelude.lean:598:0: 'ConstitutiveSearch.Constructive.nat_mul_assoc' does not depend on any axioms
info: RelationalPerimeter/Computation/ConstitutiveSearch/ConstructivePrelude.lean:599:0: 'ConstitutiveSearch.Constructive.nat_mul_pair_swap' does not depend on any axioms
info: RelationalPerimeter/Computation/ConstitutiveSearch/ConstructivePrelude.lean:600:0: 'ConstitutiveSearch.Constructive.nat_add_mul' does not depend on any axioms
info: RelationalPerimeter/Computation/ConstitutiveSearch/ConstructivePrelude.lean:601:0: 'ConstitutiveSearch.Constructive.nat_pow_add' does not depend on any axioms
info: RelationalPerimeter/Computation/ConstitutiveSearch/ConstructivePrelude.lean:602:0: 'ConstitutiveSearch.Constructive.nat_pow_mul' does not depend on any axioms
info: RelationalPerimeter/Computation/ConstitutiveSearch/ConstructivePrelude.lean:603:0: 'ConstitutiveSearch.Constructive.two_le_of_pos_of_ne_one' does not depend on any axioms
info: RelationalPerimeter/Computation/ConstitutiveSearch/ConstructivePrelude.lean:604:0: 'ConstitutiveSearch.Constructive.nat_ne_add_one' does not depend on any axioms
info: RelationalPerimeter/Computation/ConstitutiveSearch/ConstructivePrelude.lean:605:0: 'ConstitutiveSearch.Constructive.one_le_two_mul_succ' does not depend on any axioms
info: RelationalPerimeter/Computation/ConstitutiveSearch/ConstructivePrelude.lean:606:0: 'ConstitutiveSearch.Constructive.natLog2' does not depend on any axioms
info: RelationalPerimeter/Computation/ConstitutiveSearch/ConstructivePrelude.lean:607:0: 'ConstitutiveSearch.Constructive.two_pow_positive' does not depend on any axioms
info: RelationalPerimeter/Computation/ConstitutiveSearch/ConstructivePrelude.lean:608:0: 'ConstitutiveSearch.Constructive.two_pow_strictly_grows' does not depend on any axioms
info: RelationalPerimeter/Computation/ConstitutiveSearch/ConstructivePrelude.lean:609:0: 'ConstitutiveSearch.Constructive.exponent_le_of_two_pow_le' does not depend on any axioms
info: RelationalPerimeter/Computation/ConstitutiveSearch/ConstructivePrelude.lean:610:0: 'ConstitutiveSearch.Constructive.two_pow_natLog2_le' does not depend on any axioms
info: RelationalPerimeter/Computation/ConstitutiveSearch/ConstructivePrelude.lean:611:0: 'ConstitutiveSearch.Constructive.lt_two_pow_natLog2_succ' does not depend on any axioms
info: RelationalPerimeter/Computation/ConstitutiveSearch/ConstructivePrelude.lean:612:0: 'ConstitutiveSearch.Constructive.natLog2_two_pow' does not depend on any axioms
info: RelationalPerimeter/Computation/ConstitutiveSearch/ConstructivePrelude.lean:613:0: 'ConstitutiveSearch.Constructive.natLog2_mono' does not depend on any axioms
info: RelationalPerimeter/Computation/ConstitutiveSearch/ConstructivePrelude.lean:614:0: 'ConstitutiveSearch.Constructive.list_append_assoc' does not depend on any axioms
info: RelationalPerimeter/Computation/ConstitutiveSearch/ConstructivePrelude.lean:615:0: 'ConstitutiveSearch.Constructive.list_map_append' does not depend on any axioms
info: RelationalPerimeter/Computation/ConstitutiveSearch/ConstructivePrelude.lean:616:0: 'ConstitutiveSearch.Constructive.list_map_map' does not depend on any axioms
info: RelationalPerimeter/Computation/ConstitutiveSearch/ConstructivePrelude.lean:617:0: 'ConstitutiveSearch.Constructive.list_map_id' does not depend on any axioms
info: RelationalPerimeter/Computation/ConstitutiveSearch/ConstructivePrelude.lean:618:0: 'ConstitutiveSearch.Constructive.list_length_replicate' does not depend on any axioms
info: RelationalPerimeter/Computation/ConstitutiveSearch/ConstructivePrelude.lean:619:0: 'ConstitutiveSearch.Constructive.list_mem_cons_cases' does not depend on any axioms
info: RelationalPerimeter/Computation/ConstitutiveSearch/ConstructivePrelude.lean:620:0: 'ConstitutiveSearch.Constructive.list_reverseAux_eq_append' does not depend on any axioms
info: RelationalPerimeter/Computation/ConstitutiveSearch/ConstructivePrelude.lean:621:0: 'ConstitutiveSearch.Constructive.list_reverse_cons' does not depend on any axioms
info: RelationalPerimeter/Computation/ConstitutiveSearch/ConstructivePrelude.lean:622:0: 'ConstitutiveSearch.Constructive.bool_and_eq_true_iff' does not depend on any axioms
ℹ [30/106] Replayed RelationalPerimeter.Computation.ConstitutiveSearch.SequentialPrimitiveExecution
info: RelationalPerimeter/Computation/ConstitutiveSearch/SequentialPrimitiveExecution.lean:1215:0: 'ConstitutiveSearch.PrimitiveHitPath' does not depend on any axioms
info: RelationalPerimeter/Computation/ConstitutiveSearch/SequentialPrimitiveExecution.lean:1216:0: 'ConstitutiveSearch.PrimitiveHitPath.length' does not depend on any axioms
info: RelationalPerimeter/Computation/ConstitutiveSearch/SequentialPrimitiveExecution.lean:1217:0: 'ConstitutiveSearch.PrimitiveHitPath.toTransportCode' does not depend on any axioms
info: RelationalPerimeter/Computation/ConstitutiveSearch/SequentialPrimitiveExecution.lean:1218:0: 'ConstitutiveSearch.PrimitiveHitPath.toTransportCode_size' does not depend on any axioms
info: RelationalPerimeter/Computation/ConstitutiveSearch/SequentialPrimitiveExecution.lean:1219:0: 'ConstitutiveSearch.PrimitiveHitPath.trans' does not depend on any axioms
info: RelationalPerimeter/Computation/ConstitutiveSearch/SequentialPrimitiveExecution.lean:1220:0: 'ConstitutiveSearch.PrimitiveHitPath.trans_length' does not depend on any axioms
info: RelationalPerimeter/Computation/ConstitutiveSearch/SequentialPrimitiveExecution.lean:1221:0: 'ConstitutiveSearch.PrimitiveHitPath.sequentialStats' does not depend on any axioms
info: RelationalPerimeter/Computation/ConstitutiveSearch/SequentialPrimitiveExecution.lean:1222:0: 'ConstitutiveSearch.PrimitiveHitPath.primitiveHit_run_stats' does not depend on any axioms
info: RelationalPerimeter/Computation/ConstitutiveSearch/SequentialPrimitiveExecution.lean:1223:0: 'ConstitutiveSearch.PrimitiveHitPath.step_hit_ne_none' does not depend on any axioms
info: RelationalPerimeter/Computation/ConstitutiveSearch/SequentialPrimitiveExecution.lean:1224:0: 'ConstitutiveSearch.PrimitiveHitPath.sequentialStats_primitiveQueries' does not depend on any axioms
info: RelationalPerimeter/Computation/ConstitutiveSearch/SequentialPrimitiveExecution.lean:1225:0: 'ConstitutiveSearch.PrimitiveHitPath.sequentialStats_compositionCandidates' does not depend on any axioms
info: RelationalPerimeter/Computation/ConstitutiveSearch/SequentialPrimitiveExecution.lean:1226:0: 'ConstitutiveSearch.PrimitiveHitPath.directHit_of_length_one' does not depend on any axioms
info: RelationalPerimeter/Computation/ConstitutiveSearch/SequentialPrimitiveExecution.lean:1227:0: 'ConstitutiveSearch.PrimitiveHitPath.searchClosureViaCandidates_found_hasPrimitiveHitPath' does not depend on any axioms
info: RelationalPerimeter/Computation/ConstitutiveSearch/SequentialPrimitiveExecution.lean:1228:0: 'ConstitutiveSearch.PrimitiveHitPath.searchTransportClosureBounded_found_hasPrimitiveHitPath' does not depend on any axioms
info: RelationalPerimeter/Computation/ConstitutiveSearch/SequentialPrimitiveExecution.lean:1229:0: 'ConstitutiveSearch.PrimitiveHitPath.searchClosureViaCandidates_cons_compositionCandidates_pos' does not depend on any axioms
info: RelationalPerimeter/Computation/ConstitutiveSearch/SequentialPrimitiveExecution.lean:1230:0: 'ConstitutiveSearch.PrimitiveHitPath.searchTransportClosureBounded_directMiss_found_compositionCandidates_pos' does not depend on any axioms
info: RelationalPerimeter/Computation/ConstitutiveSearch/SequentialPrimitiveExecution.lean:1231:0: 'ConstitutiveSearch.PrimitiveHitPath.searchTransportClosureBounded_found_hasSequentialReplacement' does not depend on any axioms
info: RelationalPerimeter/Computation/ConstitutiveSearch/SequentialPrimitiveExecution.lean:1232:0: 'ConstitutiveSearch.PrimitiveHitPath.searchTransportClosureBounded_directMiss_found_hasSequentialReplacement' does not depend on any axioms
info: RelationalPerimeter/Computation/ConstitutiveSearch/SequentialPrimitiveExecution.lean:1233:0: 'ConstitutiveSearch.PrimitiveHitPath.searchTransportClosureBounded_directMiss_found_requiresComposition' does not depend on any axioms
info: RelationalPerimeter/Computation/ConstitutiveSearch/SequentialPrimitiveExecution.lean:1234:0: 'ConstitutiveSearch.PrimitiveHitPath.searchTransportClosureBounded_directMiss_found_codeSize' does not depend on any axioms
info: RelationalPerimeter/Computation/ConstitutiveSearch/SequentialPrimitiveExecution.lean:1235:0: 'ConstitutiveSearch.PrimitiveHitPath.GlobalCompositionRequired' does not depend on any axioms
info: RelationalPerimeter/Computation/ConstitutiveSearch/SequentialPrimitiveExecution.lean:1236:0: 'ConstitutiveSearch.PrimitiveHitPath.globalCompositionRequired_hasCode' does not depend on any axioms
info: RelationalPerimeter/Computation/ConstitutiveSearch/SequentialPrimitiveExecution.lean:1237:0: 'ConstitutiveSearch.PrimitiveHitPath.globalCompositionRequired_hasSequentialExecution' does not depend on any axioms
ℹ [31/106] Replayed RelationalPerimeter.Computation.ConstitutiveSearch.SearchableTransportCode
info: RelationalPerimeter/Computation/ConstitutiveSearch/SearchableTransportCode.lean:260:0: 'ConstitutiveSearch.TransportCode.SearchableBy' does not depend on any axioms
info: RelationalPerimeter/Computation/ConstitutiveSearch/SearchableTransportCode.lean:261:0: 'ConstitutiveSearch.TransportCode.hasPrimitiveHitPath_of_searchable' does not depend on any axioms
info: RelationalPerimeter/Computation/ConstitutiveSearch/SearchableTransportCode.lean:262:0: 'ConstitutiveSearch.TransportCode.hasSequentialExecution_of_searchable' does not depend on any axioms
info: RelationalPerimeter/Computation/ConstitutiveSearch/SearchableTransportCode.lean:263:0: 'ConstitutiveSearch.PrimitiveHitPath.toTransportCode_searchable' does not depend on any axioms
info: RelationalPerimeter/Computation/ConstitutiveSearch/SearchableTransportCode.lean:264:0: 'ConstitutiveSearch.PrimitiveHitPath.globalCompositionRequired_iff_searchableCode' does not depend on any axioms
ℹ [32/106] Replayed RelationalPerimeter.Computation.ConstitutiveSearch.LocalSearchableCodeExecution
info: RelationalPerimeter/Computation/ConstitutiveSearch/LocalSearchableCodeExecution.lean:155:0: 'ConstitutiveSearch.TransportCode.LocalSequentialExecution' does not depend on any axioms
info: RelationalPerimeter/Computation/ConstitutiveSearch/LocalSearchableCodeExecution.lean:156:0: 'ConstitutiveSearch.TransportCode.localSequentialExecution_of_searchable' does not depend on any axioms
info: RelationalPerimeter/Computation/ConstitutiveSearch/LocalSearchableCodeExecution.lean:157:0: 'ConstitutiveSearch.TransportCode.GlobalNeedWithLocalExecution' does not depend on any axioms
info: RelationalPerimeter/Computation/ConstitutiveSearch/LocalSearchableCodeExecution.lean:158:0: 'ConstitutiveSearch.TransportCode.directMiss_searchableCode_hasLocalExecution' does not depend on any axioms
ℹ [33/106] Replayed RelationalPerimeter.Computation.ConstitutiveSearch.PolynomialCostEnvelope
info: RelationalPerimeter/Computation/ConstitutiveSearch/PolynomialCostEnvelope.lean:235:0: 'ConstitutiveSearch.CostPolynomial' does not depend on any axioms
info: RelationalPerimeter/Computation/ConstitutiveSearch/PolynomialCostEnvelope.lean:236:0: 'ConstitutiveSearch.CostPolynomial.eval' does not depend on any axioms
info: RelationalPerimeter/Computation/ConstitutiveSearch/PolynomialCostEnvelope.lean:237:0: 'ConstitutiveSearch.CostPolynomial.degree' does not depend on any axioms
info: RelationalPerimeter/Computation/ConstitutiveSearch/PolynomialCostEnvelope.lean:238:0: 'ConstitutiveSearch.CostPolynomial.substitute' does not depend on any axioms
info: RelationalPerimeter/Computation/ConstitutiveSearch/PolynomialCostEnvelope.lean:239:0: 'ConstitutiveSearch.CostPolynomial.eval_substitute' does not depend on any axioms
info: RelationalPerimeter/Computation/ConstitutiveSearch/PolynomialCostEnvelope.lean:240:0: 'ConstitutiveSearch.PolynomiallyBounded' does not depend on any axioms
info: RelationalPerimeter/Computation/ConstitutiveSearch/PolynomialCostEnvelope.lean:241:0: 'ConstitutiveSearch.PolynomiallyBounded.exact' does not depend on any axioms
info: RelationalPerimeter/Computation/ConstitutiveSearch/PolynomialCostEnvelope.lean:242:0: 'ConstitutiveSearch.PolynomiallyBounded.constant' does not depend on any axioms
info: RelationalPerimeter/Computation/ConstitutiveSearch/PolynomialCostEnvelope.lean:243:0: 'ConstitutiveSearch.PolynomiallyBounded.input' does not depend on any axioms
info: RelationalPerimeter/Computation/ConstitutiveSearch/PolynomialCostEnvelope.lean:244:0: 'ConstitutiveSearch.PolynomiallyBounded.natMulLeMul' does not depend on any axioms
info: RelationalPerimeter/Computation/ConstitutiveSearch/PolynomialCostEnvelope.lean:245:0: 'ConstitutiveSearch.PolynomiallyBounded.add' does not depend on any axioms
info: RelationalPerimeter/Computation/ConstitutiveSearch/PolynomialCostEnvelope.lean:246:0: 'ConstitutiveSearch.PolynomiallyBounded.mul' does not depend on any axioms
ℹ [34/106] Replayed RelationalPerimeter.Computation.ConstitutiveSearch.ComplexityInterface
info: RelationalPerimeter/Computation/ConstitutiveSearch/ComplexityInterface.lean:179:0: 'ConstitutiveSearch.ComplexityCounts' does not depend on any axioms
info: RelationalPerimeter/Computation/ConstitutiveSearch/ComplexityInterface.lean:180:0: 'ConstitutiveSearch.AtomicCosts' does not depend on any axioms
info: RelationalPerimeter/Computation/ConstitutiveSearch/ComplexityInterface.lean:181:0: 'ConstitutiveSearch.chargedCost' does not depend on any axioms
info: RelationalPerimeter/Computation/ConstitutiveSearch/ComplexityInterface.lean:182:0: 'ConstitutiveSearch.uniformChargedBudget' does not depend on any axioms
info: RelationalPerimeter/Computation/ConstitutiveSearch/ComplexityInterface.lean:183:0: 'ConstitutiveSearch.chargedCost_le_uniform' does not depend on any axioms
info: RelationalPerimeter/Computation/ConstitutiveSearch/ComplexityInterface.lean:184:0: 'ConstitutiveSearch.UniformAtomicBound' does not depend on any axioms
info: RelationalPerimeter/Computation/ConstitutiveSearch/ComplexityInterface.lean:185:0: 'ConstitutiveSearch.chargedCost_le_of_uniformBound' does not depend on any axioms
ℹ [35/106] Replayed RelationalPerimeter.Computation.ConstitutiveSearch.MachineCostInterface
info: RelationalPerimeter/Computation/ConstitutiveSearch/MachineCostInterface.lean:197:0: 'ConstitutiveSearch.AtomicCostPointwiseLe' does not depend on any axioms
info: RelationalPerimeter/Computation/ConstitutiveSearch/MachineCostInterface.lean:198:0: 'ConstitutiveSearch.chargedCost_mono' does not depend on any axioms
info: RelationalPerimeter/Computation/ConstitutiveSearch/MachineCostInterface.lean:199:0: 'ConstitutiveSearch.MachineCostModel' does not depend on any axioms
info: RelationalPerimeter/Computation/ConstitutiveSearch/MachineCostInterface.lean:200:0: 'ConstitutiveSearch.affineAtomicEnvelope' does not depend on any axioms
info: RelationalPerimeter/Computation/ConstitutiveSearch/MachineCostInterface.lean:201:0: 'ConstitutiveSearch.RepresentationMachineBridge' does not depend on any axioms
info: RelationalPerimeter/Computation/ConstitutiveSearch/MachineCostInterface.lean:202:0: 'ConstitutiveSearch.machineChargedCost' does not depend on any axioms
info: RelationalPerimeter/Computation/ConstitutiveSearch/MachineCostInterface.lean:203:0: 'ConstitutiveSearch.representationCalibratedMachineBudget' does not depend on any axioms
info: RelationalPerimeter/Computation/ConstitutiveSearch/MachineCostInterface.lean:204:0: 'ConstitutiveSearch.machineChargedCost_le_calibrated' does not depend on any axioms
info: RelationalPerimeter/Computation/ConstitutiveSearch/MachineCostInterface.lean:205:0: 'ConstitutiveSearch.atomicCostPointwiseLe_refl' does not depend on any axioms
ℹ [36/106] Replayed RelationalPerimeter.Computation.ConstitutiveSearch.ConstitutiveComplexityProfile
info: RelationalPerimeter/Computation/ConstitutiveSearch/ConstitutiveComplexityProfile.lean:233:0: 'ConstitutiveSearch.ConstitutiveComplexityProfile' does not depend on any axioms
info: RelationalPerimeter/Computation/ConstitutiveSearch/ConstitutiveComplexityProfile.lean:234:0: 'ConstitutiveSearch.ComplexityCounts.add' does not depend on any axioms
info: RelationalPerimeter/Computation/ConstitutiveSearch/ConstitutiveComplexityProfile.lean:235:0: 'ConstitutiveSearch.ComplexityCounts.zero' does not depend on any axioms
info: RelationalPerimeter/Computation/ConstitutiveSearch/ConstitutiveComplexityProfile.lean:236:0: 'ConstitutiveSearch.ComplexityCounts.zero_add' does not depend on any axioms
info: RelationalPerimeter/Computation/ConstitutiveSearch/ConstitutiveComplexityProfile.lean:237:0: 'ConstitutiveSearch.ComplexityCounts.add_zero' does not depend on any axioms
info: RelationalPerimeter/Computation/ConstitutiveSearch/ConstitutiveComplexityProfile.lean:238:0: 'ConstitutiveSearch.RepresentationConsistent' does not depend on any axioms
info: RelationalPerimeter/Computation/ConstitutiveSearch/ConstitutiveComplexityProfile.lean:239:0: 'ConstitutiveSearch.ConstitutiveComplexityProfile.BoundedBy' does not depend on any axioms
info: RelationalPerimeter/Computation/ConstitutiveSearch/ConstitutiveComplexityProfile.lean:240:0: 'ConstitutiveSearch.ConstitutiveComplexityProfile.BoundedBy.refl' does not depend on any axioms
info: RelationalPerimeter/Computation/ConstitutiveSearch/ConstitutiveComplexityProfile.lean:241:0: 'ConstitutiveSearch.ConstitutiveComplexityProfile.BoundedBy.trans' does not depend on any axioms
ℹ [37/106] Replayed RelationalPerimeter.Computation.ConstitutiveSearch.ConstitutiveComplexityComposition
info: RelationalPerimeter/Computation/ConstitutiveSearch/ConstitutiveComplexityComposition.lean:175:0: 'ConstitutiveSearch.ConstitutiveComplexityProfile.compose' does not depend on any axioms
info: RelationalPerimeter/Computation/ConstitutiveSearch/ConstitutiveComplexityComposition.lean:176:0: 'ConstitutiveSearch.ConstitutiveComplexityProfile.left_boundedBy_compose' does not depend on any axioms
info: RelationalPerimeter/Computation/ConstitutiveSearch/ConstitutiveComplexityComposition.lean:177:0: 'ConstitutiveSearch.ConstitutiveComplexityProfile.right_boundedBy_compose' does not depend on any axioms
info: RelationalPerimeter/Computation/ConstitutiveSearch/ConstitutiveComplexityComposition.lean:178:0: 'ConstitutiveSearch.ConstitutiveComplexityProfile.compose_events' does not depend on any axioms
info: RelationalPerimeter/Computation/ConstitutiveSearch/ConstitutiveComplexityComposition.lean:179:0: 'ConstitutiveSearch.ConstitutiveComplexityProfile.compose_representationCharge' does not depend on any axioms
ℹ [38/106] Replayed RelationalPerimeter.Computation.ConstitutiveSearch.ConstitutiveComplexityPolynomial
info: RelationalPerimeter/Computation/ConstitutiveSearch/ConstitutiveComplexityPolynomial.lean:265:0: 'ConstitutiveSearch.polynomiallyBounded_max' does not depend on any axioms
info: RelationalPerimeter/Computation/ConstitutiveSearch/ConstitutiveComplexityPolynomial.lean:266:0: 'ConstitutiveSearch.ConstitutiveProfileFamilyPolynomiallyBounded' does not depend on any axioms
info: RelationalPerimeter/Computation/ConstitutiveSearch/ConstitutiveComplexityPolynomial.lean:267:0: 'ConstitutiveSearch.ConstitutiveProfileFamilyPolynomiallyBounded.compose' does not depend on any axioms
ℹ [39/106] Replayed RelationalPerimeter.Computation.ConstitutiveSearch.ConstitutiveComplexityInputPolynomial
info: RelationalPerimeter/Computation/ConstitutiveSearch/ConstitutiveComplexityInputPolynomial.lean:506:0: 'ConstitutiveSearch.CostPolynomial.eval_mono' does not depend on any axioms
info: RelationalPerimeter/Computation/ConstitutiveSearch/ConstitutiveComplexityInputPolynomial.lean:507:0: 'ConstitutiveSearch.InputPolynomiallyBounded' does not depend on any axioms
info: RelationalPerimeter/Computation/ConstitutiveSearch/ConstitutiveComplexityInputPolynomial.lean:508:0: 'ConstitutiveSearch.InputPolynomiallyBounded.self' does not depend on any axioms
info: RelationalPerimeter/Computation/ConstitutiveSearch/ConstitutiveComplexityInputPolynomial.lean:509:0: 'ConstitutiveSearch.InputPolynomiallyBounded.constant' does not depend on any axioms
info: RelationalPerimeter/Computation/ConstitutiveSearch/ConstitutiveComplexityInputPolynomial.lean:510:0: 'ConstitutiveSearch.InputPolynomiallyBounded.apply_polynomial' does not depend on any axioms
info: RelationalPerimeter/Computation/ConstitutiveSearch/ConstitutiveComplexityInputPolynomial.lean:511:0: 'ConstitutiveSearch.InputPolynomiallyBounded.add_under_max' does not depend on any axioms
info: RelationalPerimeter/Computation/ConstitutiveSearch/ConstitutiveComplexityInputPolynomial.lean:512:0: 'ConstitutiveSearch.InputPolynomiallyBounded.max_under_max' does not depend on any axioms
info: RelationalPerimeter/Computation/ConstitutiveSearch/ConstitutiveComplexityInputPolynomial.lean:513:0: 'ConstitutiveSearch.ConstitutiveProfileFamilyInputPolynomiallyBounded' does not depend on any axioms
info: RelationalPerimeter/Computation/ConstitutiveSearch/ConstitutiveComplexityInputPolynomial.lean:514:0: 'ConstitutiveSearch.ConstitutiveProfileFamilyInputPolynomiallyBounded.compose' does not depend on any axioms
ℹ [40/106] Replayed RelationalPerimeter.Computation.ConstitutiveSearch.SearchableTransportCodeValidation
info: RelationalPerimeter/Computation/ConstitutiveSearch/SearchableTransportCodeValidation.lean:364:0: 'ConstitutiveSearch.SearchableCodeValidationRun' does not depend on any axioms
info: RelationalPerimeter/Computation/ConstitutiveSearch/SearchableTransportCodeValidation.lean:365:0: 'ConstitutiveSearch.SearchableCodeValidationRun.combine' does not depend on any axioms
info: RelationalPerimeter/Computation/ConstitutiveSearch/SearchableTransportCodeValidation.lean:366:0: 'ConstitutiveSearch.validateSearchableCode_validatedAtoms' does not depend on any axioms
info: RelationalPerimeter/Computation/ConstitutiveSearch/SearchableTransportCodeValidation.lean:367:0: 'ConstitutiveSearch.validateSearchableCode' does not depend on any axioms
info: RelationalPerimeter/Computation/ConstitutiveSearch/SearchableTransportCodeValidation.lean:368:0: 'ConstitutiveSearch.validateSearchableCode_primitiveQueries' does not depend on any axioms
info: RelationalPerimeter/Computation/ConstitutiveSearch/SearchableTransportCodeValidation.lean:369:0: 'ConstitutiveSearch.validateSearchableCode_success_iff' does not depend on any axioms
info: RelationalPerimeter/Computation/ConstitutiveSearch/SearchableTransportCodeValidation.lean:370:0: 'ConstitutiveSearch.validateSearchableCode_success_of_searchable' does not depend on any axioms
info: RelationalPerimeter/Computation/ConstitutiveSearch/SearchableTransportCodeValidation.lean:371:0: 'ConstitutiveSearch.searchable_of_validateSearchableCode_success' does not depend on any axioms
info: RelationalPerimeter/Computation/ConstitutiveSearch/SearchableTransportCodeValidation.lean:372:0: 'ConstitutiveSearch.searchableCodeValidationPrimitiveBudget' does not depend on any axioms
info: RelationalPerimeter/Computation/ConstitutiveSearch/SearchableTransportCodeValidation.lean:373:0: 'ConstitutiveSearch.searchableCodeValidationPrimitiveBudget_inputPolynomiallyBounded' does not depend on any axioms
ℹ [41/106] Replayed RelationalPerimeter.Computation.ConstitutiveSearch.SAT.ConstraintTransport
info: RelationalPerimeter/Computation/ConstitutiveSearch/SAT/ConstraintTransport.lean:185:0: 'ConstitutiveSearch.SAT.Literal' does not depend on any axioms
info: RelationalPerimeter/Computation/ConstitutiveSearch/SAT/ConstraintTransport.lean:186:0: 'ConstitutiveSearch.SAT.Clause.eval' does not depend on any axioms
info: RelationalPerimeter/Computation/ConstitutiveSearch/SAT/ConstraintTransport.lean:187:0: 'ConstitutiveSearch.SAT.Satisfies' does not depend on any axioms
info: RelationalPerimeter/Computation/ConstitutiveSearch/SAT/ConstraintTransport.lean:188:0: 'ConstitutiveSearch.SAT.CnfWeakening' does not depend on any axioms
info: RelationalPerimeter/Computation/ConstitutiveSearch/SAT/ConstraintTransport.lean:189:0: 'ConstitutiveSearch.SAT.CnfWeakening.preservesSatisfaction' does not depend on any axioms
info: RelationalPerimeter/Computation/ConstitutiveSearch/SAT/ConstraintTransport.lean:190:0: 'ConstitutiveSearch.SAT.CnfWeakening.toTransport' does not depend on any axioms
info: RelationalPerimeter/Computation/ConstitutiveSearch/SAT/ConstraintTransport.lean:191:0: 'ConstitutiveSearch.SAT.CnfWeakening.find' does not depend on any axioms
info: RelationalPerimeter/Computation/ConstitutiveSearch/SAT/ConstraintTransport.lean:192:0: 'ConstitutiveSearch.SAT.weakeningAction' does not depend on any axioms
info: RelationalPerimeter/Computation/ConstitutiveSearch/SAT/ConstraintTransport.lean:193:0: 'ConstitutiveSearch.SAT.weakeningSearch' does not depend on any axioms
ℹ [42/106] Replayed RelationalPerimeter.Computation.ConstitutiveSearch.SAT.AcceptedSAT
info: RelationalPerimeter/Computation/ConstitutiveSearch/SAT/AcceptedSAT.lean:68:0: 'ConstitutiveSearch.SAT.satSystem' does not depend on any axioms
info: RelationalPerimeter/Computation/ConstitutiveSearch/SAT/AcceptedSAT.lean:69:0: 'ConstitutiveSearch.SAT.CnfWeakening.toAcceptingTransport' does not depend on any axioms
info: RelationalPerimeter/Computation/ConstitutiveSearch/SAT/AcceptedSAT.lean:70:0: 'ConstitutiveSearch.SAT.CnfWeakening.preservesViable' does not depend on any axioms
info: RelationalPerimeter/Computation/ConstitutiveSearch/SAT/AcceptedSAT.lean:71:0: 'ConstitutiveSearch.SAT.absorbByWeakening' does not depend on any axioms
ℹ [43/106] Replayed RelationalPerimeter.Computation.ConstitutiveSearch.SAT.AcceptedBinaryBranch
info: RelationalPerimeter/Computation/ConstitutiveSearch/SAT/AcceptedBinaryBranch.lean:198:0: 'ConstitutiveSearch.SAT.FixedAssignment' does not depend on any axioms
info: RelationalPerimeter/Computation/ConstitutiveSearch/SAT/AcceptedBinaryBranch.lean:199:0: 'ConstitutiveSearch.SAT.bool_true_of_not_false_for_split' does not depend on any axioms
info: RelationalPerimeter/Computation/ConstitutiveSearch/SAT/AcceptedBinaryBranch.lean:200:0: 'ConstitutiveSearch.SAT.splitAssignment' does not depend on any axioms
info: RelationalPerimeter/Computation/ConstitutiveSearch/SAT/AcceptedBinaryBranch.lean:201:0: 'ConstitutiveSearch.SAT.merge_split_assignment' does not depend on any axioms
info: RelationalPerimeter/Computation/ConstitutiveSearch/SAT/AcceptedBinaryBranch.lean:202:0: 'ConstitutiveSearch.SAT.split_merge_assignment' does not depend on any axioms
info: RelationalPerimeter/Computation/ConstitutiveSearch/SAT/AcceptedBinaryBranch.lean:203:0: 'ConstitutiveSearch.SAT.StructuralVariableBranchState' does not depend on any axioms
info: RelationalPerimeter/Computation/ConstitutiveSearch/SAT/AcceptedBinaryBranch.lean:204:0: 'ConstitutiveSearch.SAT.StructuralVariableBranchContinuation' does not depend on any axioms
info: RelationalPerimeter/Computation/ConstitutiveSearch/SAT/AcceptedBinaryBranch.lean:205:0: 'ConstitutiveSearch.SAT.StructuralVariableBranchAccept' does not depend on any axioms
info: RelationalPerimeter/Computation/ConstitutiveSearch/SAT/AcceptedBinaryBranch.lean:206:0: 'ConstitutiveSearch.SAT.structuralVariableBranchSystem' does not depend on any axioms
info: RelationalPerimeter/Computation/ConstitutiveSearch/SAT/AcceptedBinaryBranch.lean:207:0: 'ConstitutiveSearch.SAT.structuralVariableBranchSplit' does not depend on any axioms
info: RelationalPerimeter/Computation/ConstitutiveSearch/SAT/AcceptedBinaryBranch.lean:208:0: 'ConstitutiveSearch.SAT.structural_branch_viable_iff' does not depend on any axioms
ℹ [44/106] Replayed RelationalPerimeter.Computation.ConstitutiveSearch.SAT.BinaryBranch
info: RelationalPerimeter/Computation/ConstitutiveSearch/SAT/BinaryBranch.lean:151:0: 'ConstitutiveSearch.SAT.ValueIndexedCompletion' does not depend on any axioms
info: RelationalPerimeter/Computation/ConstitutiveSearch/SAT/BinaryBranch.lean:152:0: 'ConstitutiveSearch.SAT.ValueIndexedCompletion.underlying' does not depend on any axioms
info: RelationalPerimeter/Computation/ConstitutiveSearch/SAT/BinaryBranch.lean:153:0: 'ConstitutiveSearch.SAT.VariableBranchState' does not depend on any axioms
info: RelationalPerimeter/Computation/ConstitutiveSearch/SAT/BinaryBranch.lean:154:0: 'ConstitutiveSearch.SAT.VariableBranchCompletion' does not depend on any axioms
info: RelationalPerimeter/Computation/ConstitutiveSearch/SAT/BinaryBranch.lean:155:0: 'ConstitutiveSearch.SAT.parentIndexing' does not depend on any axioms
info: RelationalPerimeter/Computation/ConstitutiveSearch/SAT/BinaryBranch.lean:156:0: 'ConstitutiveSearch.SAT.variableBranchSplit' does not depend on any axioms
info: RelationalPerimeter/Computation/ConstitutiveSearch/SAT/BinaryBranch.lean:157:0: 'ConstitutiveSearch.SAT.splitCompletion' does not depend on any axioms
info: RelationalPerimeter/Computation/ConstitutiveSearch/SAT/BinaryBranch.lean:158:0: 'ConstitutiveSearch.SAT.merge_split_completion' does not depend on any axioms
ℹ [45/106] Replayed RelationalPerimeter.Computation.ConstitutiveSearch.SAT.RestrictionTransport
info: RelationalPerimeter/Computation/ConstitutiveSearch/SAT/RestrictionTransport.lean:329:0: 'ConstitutiveSearch.SAT.Literal.forValue' does not depend on any axioms
info: RelationalPerimeter/Computation/ConstitutiveSearch/SAT/RestrictionTransport.lean:330:0: 'ConstitutiveSearch.SAT.Literal.eval_forValue_true' does not depend on any axioms
info: RelationalPerimeter/Computation/ConstitutiveSearch/SAT/RestrictionTransport.lean:331:0: 'ConstitutiveSearch.SAT.Clause.containsLiteral' does not depend on any axioms
info: RelationalPerimeter/Computation/ConstitutiveSearch/SAT/RestrictionTransport.lean:332:0: 'ConstitutiveSearch.SAT.Clause.eval_true_of_containsLiteral' does not depend on any axioms
info: RelationalPerimeter/Computation/ConstitutiveSearch/SAT/RestrictionTransport.lean:333:0: 'ConstitutiveSearch.SAT.branchResidual' does not depend on any axioms
info: RelationalPerimeter/Computation/ConstitutiveSearch/SAT/RestrictionTransport.lean:334:0: 'ConstitutiveSearch.SAT.branchWeakening' does not depend on any axioms
info: RelationalPerimeter/Computation/ConstitutiveSearch/SAT/RestrictionTransport.lean:335:0: 'ConstitutiveSearch.SAT.branchResidual_cons_hit' does not depend on any axioms
info: RelationalPerimeter/Computation/ConstitutiveSearch/SAT/RestrictionTransport.lean:336:0: 'ConstitutiveSearch.SAT.branchResidual_cons_miss' does not depend on any axioms
info: RelationalPerimeter/Computation/ConstitutiveSearch/SAT/RestrictionTransport.lean:337:0: 'ConstitutiveSearch.SAT.restoreSatisfaction' does not depend on any axioms
info: RelationalPerimeter/Computation/ConstitutiveSearch/SAT/RestrictionTransport.lean:338:0: 'ConstitutiveSearch.SAT.BranchReductionResult' does not depend on any axioms
info: RelationalPerimeter/Computation/ConstitutiveSearch/SAT/RestrictionTransport.lean:339:0: 'ConstitutiveSearch.SAT.branchReduction' does not depend on any axioms
info: RelationalPerimeter/Computation/ConstitutiveSearch/SAT/RestrictionTransport.lean:340:0: 'ConstitutiveSearch.SAT.ResidualBranchCompletion' does not depend on any axioms
info: RelationalPerimeter/Computation/ConstitutiveSearch/SAT/RestrictionTransport.lean:341:0: 'ConstitutiveSearch.SAT.branchToResidual' does not depend on any axioms
info: RelationalPerimeter/Computation/ConstitutiveSearch/SAT/RestrictionTransport.lean:342:0: 'ConstitutiveSearch.SAT.residualToBranch' does not depend on any axioms
info: RelationalPerimeter/Computation/ConstitutiveSearch/SAT/RestrictionTransport.lean:343:0: 'ConstitutiveSearch.SAT.branchToResidualTransport' does not depend on any axioms
info: RelationalPerimeter/Computation/ConstitutiveSearch/SAT/RestrictionTransport.lean:344:0: 'ConstitutiveSearch.SAT.residualToBranchTransport' does not depend on any axioms
info: RelationalPerimeter/Computation/ConstitutiveSearch/SAT/RestrictionTransport.lean:345:0: 'ConstitutiveSearch.SAT.branch_residual_nonempty_iff' does not depend on any axioms
ℹ [46/106] Replayed RelationalPerimeter.Computation.ConstitutiveSearch.SAT.StructuralBranchContext
info: RelationalPerimeter/Computation/ConstitutiveSearch/SAT/StructuralBranchContext.lean:255:0: 'ConstitutiveSearch.SAT.StructuralBranchDecision' does not depend on any axioms
info: RelationalPerimeter/Computation/ConstitutiveSearch/SAT/StructuralBranchContext.lean:256:0: 'ConstitutiveSearch.SAT.StructuralDecisionsHold' does not depend on any axioms
info: RelationalPerimeter/Computation/ConstitutiveSearch/SAT/StructuralBranchContext.lean:257:0: 'ConstitutiveSearch.SAT.StructuralBranchContext' does not depend on any axioms
info: RelationalPerimeter/Computation/ConstitutiveSearch/SAT/StructuralBranchContext.lean:258:0: 'ConstitutiveSearch.SAT.StructuralBranchContinuation' does not depend on any axioms
info: RelationalPerimeter/Computation/ConstitutiveSearch/SAT/StructuralBranchContext.lean:259:0: 'ConstitutiveSearch.SAT.StructuralBranchAccept' does not depend on any axioms
info: RelationalPerimeter/Computation/ConstitutiveSearch/SAT/StructuralBranchContext.lean:260:0: 'ConstitutiveSearch.SAT.structuralBranchContextSystem' does not depend on any axioms
info: RelationalPerimeter/Computation/ConstitutiveSearch/SAT/StructuralBranchContext.lean:261:0: 'ConstitutiveSearch.SAT.structuralRootContext' does not depend on any axioms
info: RelationalPerimeter/Computation/ConstitutiveSearch/SAT/StructuralBranchContext.lean:262:0: 'ConstitutiveSearch.SAT.structuralChildContext' does not depend on any axioms
info: RelationalPerimeter/Computation/ConstitutiveSearch/SAT/StructuralBranchContext.lean:263:0: 'ConstitutiveSearch.SAT.splitStructuralContextContinuation' does not depend on any axioms
info: RelationalPerimeter/Computation/ConstitutiveSearch/SAT/StructuralBranchContext.lean:264:0: 'ConstitutiveSearch.SAT.merge_split_structural_context' does not depend on any axioms
info: RelationalPerimeter/Computation/ConstitutiveSearch/SAT/StructuralBranchContext.lean:265:0: 'ConstitutiveSearch.SAT.split_merge_structural_context' does not depend on any axioms
info: RelationalPerimeter/Computation/ConstitutiveSearch/SAT/StructuralBranchContext.lean:266:0: 'ConstitutiveSearch.SAT.structuralContextSplit' does not depend on any axioms
info: RelationalPerimeter/Computation/ConstitutiveSearch/SAT/StructuralBranchContext.lean:267:0: 'ConstitutiveSearch.SAT.structuralContextExpansion' does not depend on any axioms
ℹ [47/106] Replayed RelationalPerimeter.Computation.ConstitutiveSearch.SAT.GeneratedStructuralContext
info: RelationalPerimeter/Computation/ConstitutiveSearch/SAT/GeneratedStructuralContext.lean:329:0: 'ConstitutiveSearch.SAT.StructuralDecisionsAvoid' does not depend on any axioms
info: RelationalPerimeter/Computation/ConstitutiveSearch/SAT/GeneratedStructuralContext.lean:330:0: 'ConstitutiveSearch.SAT.structuralDecisionsAvoidCheck' does not depend on any axioms
info: RelationalPerimeter/Computation/ConstitutiveSearch/SAT/GeneratedStructuralContext.lean:331:0: 'ConstitutiveSearch.SAT.structuralDecisionsAvoid_of_check_true' does not depend on any axioms
info: RelationalPerimeter/Computation/ConstitutiveSearch/SAT/GeneratedStructuralContext.lean:332:0: 'ConstitutiveSearch.SAT.StructuralGeneratedFrom' does not depend on any axioms
info: RelationalPerimeter/Computation/ConstitutiveSearch/SAT/GeneratedStructuralContext.lean:333:0: 'ConstitutiveSearch.SAT.StructuralGeneratedFrom.depth' does not depend on any axioms
info: RelationalPerimeter/Computation/ConstitutiveSearch/SAT/GeneratedStructuralContext.lean:334:0: 'ConstitutiveSearch.SAT.GeneratedStructuralBranchContext' does not depend on any axioms
info: RelationalPerimeter/Computation/ConstitutiveSearch/SAT/GeneratedStructuralContext.lean:335:0: 'ConstitutiveSearch.SAT.GeneratedStructuralBranchContext.root' does not depend on any axioms
info: RelationalPerimeter/Computation/ConstitutiveSearch/SAT/GeneratedStructuralContext.lean:336:0: 'ConstitutiveSearch.SAT.GeneratedStructuralBranchContext.child' does not depend on any axioms
info: RelationalPerimeter/Computation/ConstitutiveSearch/SAT/GeneratedStructuralContext.lean:337:0: 'ConstitutiveSearch.SAT.GeneratedStructuralBranchContext.depth' does not depend on any axioms
info: RelationalPerimeter/Computation/ConstitutiveSearch/SAT/GeneratedStructuralContext.lean:338:0: 'ConstitutiveSearch.SAT.GeneratedStructuralBranchContinuation' does not depend on any axioms
info: RelationalPerimeter/Computation/ConstitutiveSearch/SAT/GeneratedStructuralContext.lean:339:0: 'ConstitutiveSearch.SAT.GeneratedStructuralBranchAccept' does not depend on any axioms
info: RelationalPerimeter/Computation/ConstitutiveSearch/SAT/GeneratedStructuralContext.lean:340:0: 'ConstitutiveSearch.SAT.generatedStructuralBranchSystem' does not depend on any axioms
info: RelationalPerimeter/Computation/ConstitutiveSearch/SAT/GeneratedStructuralContext.lean:341:0: 'ConstitutiveSearch.SAT.generatedStructuralSplit' does not depend on any axioms
info: RelationalPerimeter/Computation/ConstitutiveSearch/SAT/GeneratedStructuralContext.lean:342:0: 'ConstitutiveSearch.SAT.generatedStructuralExpansion' does not depend on any axioms
ℹ [48/106] Replayed RelationalPerimeter.Computation.ConstitutiveSearch.ConstitutiveWidth
info: RelationalPerimeter/Computation/ConstitutiveSearch/ConstitutiveWidth.lean:151:0: 'ConstitutiveSearch.IrreducibleFrontierReduction' does not depend on any axioms
info: RelationalPerimeter/Computation/ConstitutiveSearch/ConstitutiveWidth.lean:152:0: 'ConstitutiveSearch.IrreducibleFrontierReduction.width' does not depend on any axioms
info: RelationalPerimeter/Computation/ConstitutiveSearch/ConstitutiveWidth.lean:153:0: 'ConstitutiveSearch.IrreducibleFrontierReduction.identity' does not depend on any axioms
info: RelationalPerimeter/Computation/ConstitutiveSearch/ConstitutiveWidth.lean:154:0: 'ConstitutiveSearch.IrreducibleFrontierReduction.empty' does not depend on any axioms
info: RelationalPerimeter/Computation/ConstitutiveSearch/ConstitutiveWidth.lean:155:0: 'ConstitutiveSearch.IrreducibleFrontierReduction.singleton' does not depend on any axioms
info: RelationalPerimeter/Computation/ConstitutiveSearch/ConstitutiveWidth.lean:156:0: 'ConstitutiveSearch.IrreducibleFrontierReduction.ofPair' does not depend on any axioms
info: RelationalPerimeter/Computation/ConstitutiveSearch/ConstitutiveWidth.lean:157:0: 'ConstitutiveSearch.IrreducibleFrontierReduction.ofPair_width' does not depend on any axioms
info: RelationalPerimeter/Computation/ConstitutiveSearch/ConstitutiveWidth.lean:158:0: 'ConstitutiveSearch.IrreducibleFrontierReduction.preservesExistence' does not depend on any axioms
ℹ [49/106] Replayed RelationalPerimeter.Computation.ConstitutiveSearch.SAT.ResidualFlipTransport
info: RelationalPerimeter/Computation/ConstitutiveSearch/SAT/ResidualFlipTransport.lean:285:0: 'ConstitutiveSearch.SAT.Assignment.flipAt' does not depend on any axioms
info: RelationalPerimeter/Computation/ConstitutiveSearch/SAT/ResidualFlipTransport.lean:286:0: 'ConstitutiveSearch.SAT.Assignment.flipAt_selected' does not depend on any axioms
info: RelationalPerimeter/Computation/ConstitutiveSearch/SAT/ResidualFlipTransport.lean:287:0: 'ConstitutiveSearch.SAT.Assignment.flipAt_other' does not depend on any axioms
info: RelationalPerimeter/Computation/ConstitutiveSearch/SAT/ResidualFlipTransport.lean:288:0: 'ConstitutiveSearch.SAT.Literal.flipAt' does not depend on any axioms
info: RelationalPerimeter/Computation/ConstitutiveSearch/SAT/ResidualFlipTransport.lean:289:0: 'ConstitutiveSearch.SAT.Literal.eval_flipAt' does not depend on any axioms
info: RelationalPerimeter/Computation/ConstitutiveSearch/SAT/ResidualFlipTransport.lean:290:0: 'ConstitutiveSearch.SAT.Clause.flipAt' does not depend on any axioms
info: RelationalPerimeter/Computation/ConstitutiveSearch/SAT/ResidualFlipTransport.lean:291:0: 'ConstitutiveSearch.SAT.Clause.eval_flipAt' does not depend on any axioms
info: RelationalPerimeter/Computation/ConstitutiveSearch/SAT/ResidualFlipTransport.lean:292:0: 'ConstitutiveSearch.SAT.Cnf.flipAt' does not depend on any axioms
info: RelationalPerimeter/Computation/ConstitutiveSearch/SAT/ResidualFlipTransport.lean:293:0: 'ConstitutiveSearch.SAT.Satisfies.flipAt' does not depend on any axioms
info: RelationalPerimeter/Computation/ConstitutiveSearch/SAT/ResidualFlipTransport.lean:294:0: 'ConstitutiveSearch.SAT.ResidualFlipRelation' does not depend on any axioms
info: RelationalPerimeter/Computation/ConstitutiveSearch/SAT/ResidualFlipTransport.lean:295:0: 'ConstitutiveSearch.SAT.ResidualFlipRelation.mapCompletion' does not depend on any axioms
info: RelationalPerimeter/Computation/ConstitutiveSearch/SAT/ResidualFlipTransport.lean:296:0: 'ConstitutiveSearch.SAT.residualFlipAction' does not depend on any axioms
info: RelationalPerimeter/Computation/ConstitutiveSearch/SAT/ResidualFlipTransport.lean:297:0: 'ConstitutiveSearch.SAT.residualFlipSearch' does not depend on any axioms
info: RelationalPerimeter/Computation/ConstitutiveSearch/SAT/ResidualFlipTransport.lean:298:0: 'ConstitutiveSearch.SAT.reduceResidualBranches' does not depend on any axioms
info: RelationalPerimeter/Computation/ConstitutiveSearch/SAT/ResidualFlipTransport.lean:299:0: 'ConstitutiveSearch.SAT.residualBranchWidth' does not depend on any axioms
ℹ [50/106] Replayed RelationalPerimeter.Computation.ConstitutiveSearch.SAT.StructuralGlobalContextRelation
info: RelationalPerimeter/Computation/ConstitutiveSearch/SAT/StructuralGlobalContextRelation.lean:271:0: 'ConstitutiveSearch.SAT.StructuralBranchDecision.flipAt' does not depend on any axioms
info: RelationalPerimeter/Computation/ConstitutiveSearch/SAT/StructuralGlobalContextRelation.lean:272:0: 'ConstitutiveSearch.SAT.flipStructuralDecisionsAt' does not depend on any axioms
info: RelationalPerimeter/Computation/ConstitutiveSearch/SAT/StructuralGlobalContextRelation.lean:273:0: 'ConstitutiveSearch.SAT.StructuralDecisionsHold.flipAt' does not depend on any axioms
info: RelationalPerimeter/Computation/ConstitutiveSearch/SAT/StructuralGlobalContextRelation.lean:274:0: 'ConstitutiveSearch.SAT.GeneratedStructuralFlipAtRelation' does not depend on any axioms
info: RelationalPerimeter/Computation/ConstitutiveSearch/SAT/StructuralGlobalContextRelation.lean:275:0: 'ConstitutiveSearch.SAT.GeneratedStructuralFlipAtRelation.mapContinuation' does not depend on any axioms
info: RelationalPerimeter/Computation/ConstitutiveSearch/SAT/StructuralGlobalContextRelation.lean:276:0: 'ConstitutiveSearch.SAT.GeneratedStructuralFlipAtRelation.mapContinuation_assignment' does not depend on any axioms
info: RelationalPerimeter/Computation/ConstitutiveSearch/SAT/StructuralGlobalContextRelation.lean:277:0: 'ConstitutiveSearch.SAT.GeneratedStructuralFlipAtRelation.mapContinuation_accept' does not depend on any axioms
info: RelationalPerimeter/Computation/ConstitutiveSearch/SAT/StructuralGlobalContextRelation.lean:278:0: 'ConstitutiveSearch.SAT.GeneratedStructuralFlipAtRelation.toAcceptingTransport' does not depend on any axioms
info: RelationalPerimeter/Computation/ConstitutiveSearch/SAT/StructuralGlobalContextRelation.lean:279:0: 'ConstitutiveSearch.SAT.generatedStructuralFlipAtAction' does not depend on any axioms
info: RelationalPerimeter/Computation/ConstitutiveSearch/SAT/StructuralGlobalContextRelation.lean:280:0: 'ConstitutiveSearch.SAT.generatedStructuralFlipAtSearch' does not depend on any axioms
info: RelationalPerimeter/Computation/ConstitutiveSearch/SAT/StructuralGlobalContextRelation.lean:281:0: 'ConstitutiveSearch.SAT.normalizeGeneratedStructuralFrontierByFlip' does not depend on any axioms
ℹ [51/106] Replayed RelationalPerimeter.Computation.ConstitutiveSearch.SAT.ParametricSymmetricFamily
info: RelationalPerimeter/Computation/ConstitutiveSearch/SAT/ParametricSymmetricFamily.lean:408:0: 'ConstitutiveSearch.SAT.Literal.AvoidsVar' does not depend on any axioms
info: RelationalPerimeter/Computation/ConstitutiveSearch/SAT/ParametricSymmetricFamily.lean:409:0: 'ConstitutiveSearch.SAT.Literal.flipAt_eq_self' does not depend on any axioms
info: RelationalPerimeter/Computation/ConstitutiveSearch/SAT/ParametricSymmetricFamily.lean:410:0: 'ConstitutiveSearch.SAT.Clause.AvoidsVar' does not depend on any axioms
info: RelationalPerimeter/Computation/ConstitutiveSearch/SAT/ParametricSymmetricFamily.lean:411:0: 'ConstitutiveSearch.SAT.Clause.contains_forValue_false' does not depend on any axioms
info: RelationalPerimeter/Computation/ConstitutiveSearch/SAT/ParametricSymmetricFamily.lean:412:0: 'ConstitutiveSearch.SAT.Clause.flipAt_eq_self' does not depend on any axioms
info: RelationalPerimeter/Computation/ConstitutiveSearch/SAT/ParametricSymmetricFamily.lean:413:0: 'ConstitutiveSearch.SAT.Cnf.AvoidsVar' does not depend on any axioms
info: RelationalPerimeter/Computation/ConstitutiveSearch/SAT/ParametricSymmetricFamily.lean:414:0: 'ConstitutiveSearch.SAT.Cnf.branchResidual_eq_self' does not depend on any axioms
info: RelationalPerimeter/Computation/ConstitutiveSearch/SAT/ParametricSymmetricFamily.lean:415:0: 'ConstitutiveSearch.SAT.Cnf.flipAt_eq_self' does not depend on any axioms
info: RelationalPerimeter/Computation/ConstitutiveSearch/SAT/ParametricSymmetricFamily.lean:416:0: 'ConstitutiveSearch.SAT.FlipSymmetricAt' does not depend on any axioms
info: RelationalPerimeter/Computation/ConstitutiveSearch/SAT/ParametricSymmetricFamily.lean:417:0: 'ConstitutiveSearch.SAT.symmetricBlockFamily' does not depend on any axioms
info: RelationalPerimeter/Computation/ConstitutiveSearch/SAT/ParametricSymmetricFamily.lean:418:0: 'ConstitutiveSearch.SAT.symmetricPositiveClause_flip' does not depend on any axioms
info: RelationalPerimeter/Computation/ConstitutiveSearch/SAT/ParametricSymmetricFamily.lean:419:0: 'ConstitutiveSearch.SAT.symmetricBlockFamily_flipSymmetric' does not depend on any axioms
info: RelationalPerimeter/Computation/ConstitutiveSearch/SAT/ParametricSymmetricFamily.lean:420:0: 'ConstitutiveSearch.SAT.flipStructuralDecisionsAt_eq_self' does not depend on any axioms
info: RelationalPerimeter/Computation/ConstitutiveSearch/SAT/ParametricSymmetricFamily.lean:421:0: 'ConstitutiveSearch.SAT.flipSymmetricSiblingRelation' does not depend on any axioms
info: RelationalPerimeter/Computation/ConstitutiveSearch/SAT/ParametricSymmetricFamily.lean:422:0: 'ConstitutiveSearch.SAT.reduceFlipSymmetricSiblings' does not depend on any axioms
info: RelationalPerimeter/Computation/ConstitutiveSearch/SAT/ParametricSymmetricFamily.lean:423:0: 'ConstitutiveSearch.SAT.reduceFlipSymmetricSiblings_width' does not depend on any axioms
info: RelationalPerimeter/Computation/ConstitutiveSearch/SAT/ParametricSymmetricFamily.lean:424:0: 'ConstitutiveSearch.SAT.symmetricBlockFamily_root_width_one' does not depend on any axioms
ℹ [52/106] Replayed RelationalPerimeter.Computation.ConstitutiveSearch.SAT.ParametricSymmetricTrajectory
info: RelationalPerimeter/Computation/ConstitutiveSearch/SAT/ParametricSymmetricTrajectory.lean:219:0: 'ConstitutiveSearch.SAT.FlipSymmetricTrajectory' does not depend on any axioms
info: RelationalPerimeter/Computation/ConstitutiveSearch/SAT/ParametricSymmetricTrajectory.lean:220:0: 'ConstitutiveSearch.SAT.FlipSymmetricTrajectory.preservation' does not depend on any axioms
info: RelationalPerimeter/Computation/ConstitutiveSearch/SAT/ParametricSymmetricTrajectory.lean:221:0: 'ConstitutiveSearch.SAT.FlipSymmetricTrajectory.viable_iff' does not depend on any axioms
info: RelationalPerimeter/Computation/ConstitutiveSearch/SAT/ParametricSymmetricTrajectory.lean:222:0: 'ConstitutiveSearch.SAT.FlipSymmetricTrajectory.widthTrace' does not depend on any axioms
info: RelationalPerimeter/Computation/ConstitutiveSearch/SAT/ParametricSymmetricTrajectory.lean:223:0: 'ConstitutiveSearch.SAT.FlipSymmetricTrajectory.widthTrace_length' does not depend on any axioms
info: RelationalPerimeter/Computation/ConstitutiveSearch/SAT/ParametricSymmetricTrajectory.lean:224:0: 'ConstitutiveSearch.SAT.FlipSymmetricTrajectory.widthTrace_value' does not depend on any axioms
info: RelationalPerimeter/Computation/ConstitutiveSearch/SAT/ParametricSymmetricTrajectory.lean:225:0: 'ConstitutiveSearch.SAT.FlipSymmetricTrajectory.width_le_two' does not depend on any axioms
info: RelationalPerimeter/Computation/ConstitutiveSearch/SAT/ParametricSymmetricTrajectory.lean:226:0: 'ConstitutiveSearch.SAT.FlipSymmetricTrajectory.step_width_two' does not depend on any axioms
ℹ [53/106] Replayed RelationalPerimeter.Computation.ConstitutiveSearch.SAT.ExplicitStackedSymmetricFamily
info: RelationalPerimeter/Computation/ConstitutiveSearch/SAT/ExplicitStackedSymmetricFamily.lean:816:0: 'ConstitutiveSearch.SAT.Cnf.avoidsVar_append' does not depend on any axioms
info: RelationalPerimeter/Computation/ConstitutiveSearch/SAT/ExplicitStackedSymmetricFamily.lean:817:0: 'ConstitutiveSearch.SAT.Cnf.branchResidual_append' does not depend on any axioms
info: RelationalPerimeter/Computation/ConstitutiveSearch/SAT/ExplicitStackedSymmetricFamily.lean:818:0: 'ConstitutiveSearch.SAT.Cnf.flipAt_append' does not depend on any axioms
info: RelationalPerimeter/Computation/ConstitutiveSearch/SAT/ExplicitStackedSymmetricFamily.lean:819:0: 'ConstitutiveSearch.SAT.FlipSymmetricAt.prepend_avoiding' does not depend on any axioms
info: RelationalPerimeter/Computation/ConstitutiveSearch/SAT/ExplicitStackedSymmetricFamily.lean:820:0: 'ConstitutiveSearch.SAT.symmetricBlockFamily_trueResidual' does not depend on any axioms
info: RelationalPerimeter/Computation/ConstitutiveSearch/SAT/ExplicitStackedSymmetricFamily.lean:821:0: 'ConstitutiveSearch.SAT.stackedSymmetricBlocks' does not depend on any axioms
info: RelationalPerimeter/Computation/ConstitutiveSearch/SAT/ExplicitStackedSymmetricFamily.lean:822:0: 'ConstitutiveSearch.SAT.explicitStackedSymmetricFamily' does not depend on any axioms
info: RelationalPerimeter/Computation/ConstitutiveSearch/SAT/ExplicitStackedSymmetricFamily.lean:823:0: 'ConstitutiveSearch.SAT.stackedSymmetricBlocks_length' does not depend on any axioms
info: RelationalPerimeter/Computation/ConstitutiveSearch/SAT/ExplicitStackedSymmetricFamily.lean:824:0: 'ConstitutiveSearch.SAT.stackedSymmetricBlocks_avoids_of_le' does not depend on any axioms
info: RelationalPerimeter/Computation/ConstitutiveSearch/SAT/ExplicitStackedSymmetricFamily.lean:825:0: 'ConstitutiveSearch.SAT.stackedSymmetricBlocks_trueResidual' does not depend on any axioms
info: RelationalPerimeter/Computation/ConstitutiveSearch/SAT/ExplicitStackedSymmetricFamily.lean:826:0: 'ConstitutiveSearch.SAT.stackedStage_flipSymmetric' does not depend on any axioms
info: RelationalPerimeter/Computation/ConstitutiveSearch/SAT/ExplicitStackedSymmetricFamily.lean:827:0: 'ConstitutiveSearch.SAT.append_singleton_cons' does not depend on any axioms
info: RelationalPerimeter/Computation/ConstitutiveSearch/SAT/ExplicitStackedSymmetricFamily.lean:828:0: 'ConstitutiveSearch.SAT.stackedStage_trueResidual_preAssoc' does not depend on any axioms
info: RelationalPerimeter/Computation/ConstitutiveSearch/SAT/ExplicitStackedSymmetricFamily.lean:829:0: 'ConstitutiveSearch.SAT.stackedStage_trueResidual' does not depend on any axioms
info: RelationalPerimeter/Computation/ConstitutiveSearch/SAT/ExplicitStackedSymmetricFamily.lean:830:0: 'ConstitutiveSearch.SAT.PrefixAvoidsBelow' does not depend on any axioms
info: RelationalPerimeter/Computation/ConstitutiveSearch/SAT/ExplicitStackedSymmetricFamily.lean:831:0: 'ConstitutiveSearch.SAT.DecisionsAvoidBelow' does not depend on any axioms
info: RelationalPerimeter/Computation/ConstitutiveSearch/SAT/ExplicitStackedSymmetricFamily.lean:832:0: 'ConstitutiveSearch.SAT.StackedTrajectoryResult' does not depend on any axioms
info: RelationalPerimeter/Computation/ConstitutiveSearch/SAT/ExplicitStackedSymmetricFamily.lean:833:0: 'ConstitutiveSearch.SAT.buildStackedTrajectory' does not depend on any axioms
info: RelationalPerimeter/Computation/ConstitutiveSearch/SAT/ExplicitStackedSymmetricFamily.lean:834:0: 'ConstitutiveSearch.SAT.explicitStackedTrajectory' does not depend on any axioms
info: RelationalPerimeter/Computation/ConstitutiveSearch/SAT/ExplicitStackedSymmetricFamily.lean:835:0: 'ConstitutiveSearch.SAT.explicitStackedTrajectory_length' does not depend on any axioms
info: RelationalPerimeter/Computation/ConstitutiveSearch/SAT/ExplicitStackedSymmetricFamily.lean:836:0: 'ConstitutiveSearch.SAT.explicitStackedTrajectory_width_le_two' does not depend on any axioms
info: RelationalPerimeter/Computation/ConstitutiveSearch/SAT/ExplicitStackedSymmetricFamily.lean:837:0: 'ConstitutiveSearch.SAT.explicitStackedTrajectory_viable_iff' does not depend on any axioms
ℹ [54/106] Replayed RelationalPerimeter.Computation.ConstitutiveSearch.SAT.StructuralProgress
info: RelationalPerimeter/Computation/ConstitutiveSearch/SAT/StructuralProgress.lean:411:0: 'ConstitutiveSearch.SAT.Literal.varOf' does not depend on any axioms
info: RelationalPerimeter/Computation/ConstitutiveSearch/SAT/StructuralProgress.lean:412:0: 'ConstitutiveSearch.SAT.Clause.variableOccurrences' does not depend on any axioms
info: RelationalPerimeter/Computation/ConstitutiveSearch/SAT/StructuralProgress.lean:413:0: 'ConstitutiveSearch.SAT.Cnf.variableOccurrences' does not depend on any axioms
info: RelationalPerimeter/Computation/ConstitutiveSearch/SAT/StructuralProgress.lean:414:0: 'ConstitutiveSearch.SAT.StructuralDecisionsDistinct' does not depend on any axioms
info: RelationalPerimeter/Computation/ConstitutiveSearch/SAT/StructuralProgress.lean:415:0: 'ConstitutiveSearch.SAT.StructuralGeneratedFrom.decisionsDistinct' does not depend on any axioms
info: RelationalPerimeter/Computation/ConstitutiveSearch/SAT/StructuralProgress.lean:416:0: 'ConstitutiveSearch.SAT.VarRemoval' does not depend on any axioms
info: RelationalPerimeter/Computation/ConstitutiveSearch/SAT/StructuralProgress.lean:417:0: 'ConstitutiveSearch.SAT.VarRemoval.length_eq' does not depend on any axioms
info: RelationalPerimeter/Computation/ConstitutiveSearch/SAT/StructuralProgress.lean:418:0: 'ConstitutiveSearch.SAT.VarRemoval.find' does not depend on any axioms
info: RelationalPerimeter/Computation/ConstitutiveSearch/SAT/StructuralProgress.lean:419:0: 'ConstitutiveSearch.SAT.VarRemoval.impossible_from_empty' does not depend on any axioms
info: RelationalPerimeter/Computation/ConstitutiveSearch/SAT/StructuralProgress.lean:420:0: 'ConstitutiveSearch.SAT.ResourceDecision' does not depend on any axioms
info: RelationalPerimeter/Computation/ConstitutiveSearch/SAT/StructuralProgress.lean:421:0: 'ConstitutiveSearch.SAT.ResourceTerminal' does not depend on any axioms
info: RelationalPerimeter/Computation/ConstitutiveSearch/SAT/StructuralProgress.lean:422:0: 'ConstitutiveSearch.SAT.ResourceTerminal.exhausted' does not depend on any axioms
info: RelationalPerimeter/Computation/ConstitutiveSearch/SAT/StructuralProgress.lean:423:0: 'ConstitutiveSearch.SAT.ResourceTerminal.not_of_fresh_head' does not depend on any axioms
info: RelationalPerimeter/Computation/ConstitutiveSearch/SAT/StructuralProgress.lean:424:0: 'ConstitutiveSearch.SAT.ResourceTerminal.iff_no_fresh_removal' does not depend on any axioms
info: RelationalPerimeter/Computation/ConstitutiveSearch/SAT/StructuralProgress.lean:425:0: 'ConstitutiveSearch.SAT.ResourceGeneratedFrom' does not depend on any axioms
info: RelationalPerimeter/Computation/ConstitutiveSearch/SAT/StructuralProgress.lean:426:0: 'ConstitutiveSearch.SAT.ResourceGeneratedFrom.budget_exact' does not depend on any axioms
info: RelationalPerimeter/Computation/ConstitutiveSearch/SAT/StructuralProgress.lean:427:0: 'ConstitutiveSearch.SAT.ResourceGeneratedFrom.depth_bound_certificate' does not depend on any axioms
info: RelationalPerimeter/Computation/ConstitutiveSearch/SAT/StructuralProgress.lean:428:0: 'ConstitutiveSearch.SAT.ResourceGeneratedFrom.depth_le_initial' does not depend on any axioms
info: RelationalPerimeter/Computation/ConstitutiveSearch/SAT/StructuralProgress.lean:429:0: 'ConstitutiveSearch.SAT.ResourceGeneratedFrom.terminal_of_exhausted' does not depend on any axioms
info: RelationalPerimeter/Computation/ConstitutiveSearch/SAT/StructuralProgress.lean:430:0: 'ConstitutiveSearch.SAT.ResourceGeneratedFrom.depth_eq_initial_of_exhausted' does not depend on any axioms
info: RelationalPerimeter/Computation/ConstitutiveSearch/SAT/StructuralProgress.lean:431:0: 'ConstitutiveSearch.SAT.FormulaResourceGeneratedFrom' does not depend on any axioms
ℹ [55/106] Replayed RelationalPerimeter.Computation.ConstitutiveSearch.SAT.ExplicitFamilyResources
info: RelationalPerimeter/Computation/ConstitutiveSearch/SAT/ExplicitFamilyResources.lean:464:0: 'ConstitutiveSearch.SAT.stackedDecisionResource' does not depend on any axioms
info: RelationalPerimeter/Computation/ConstitutiveSearch/SAT/ExplicitFamilyResources.lean:465:0: 'ConstitutiveSearch.SAT.stackedDecisionResource_succ' does not depend on any axioms
info: RelationalPerimeter/Computation/ConstitutiveSearch/SAT/ExplicitFamilyResources.lean:466:0: 'ConstitutiveSearch.SAT.stackedDecisionResource_length' does not depend on any axioms
info: RelationalPerimeter/Computation/ConstitutiveSearch/SAT/ExplicitFamilyResources.lean:467:0: 'ConstitutiveSearch.SAT.Cnf.literalCount' does not depend on any axioms
info: RelationalPerimeter/Computation/ConstitutiveSearch/SAT/ExplicitFamilyResources.lean:468:0: 'ConstitutiveSearch.SAT.symmetricPositiveClause_length' does not depend on any axioms
info: RelationalPerimeter/Computation/ConstitutiveSearch/SAT/ExplicitFamilyResources.lean:469:0: 'ConstitutiveSearch.SAT.symmetricNegativeClause_length' does not depend on any axioms
info: RelationalPerimeter/Computation/ConstitutiveSearch/SAT/ExplicitFamilyResources.lean:470:0: 'ConstitutiveSearch.SAT.symmetricBlockFamily_literalCount' does not depend on any axioms
info: RelationalPerimeter/Computation/ConstitutiveSearch/SAT/ExplicitFamilyResources.lean:471:0: 'ConstitutiveSearch.SAT.stackedSymmetricBlocks_literalCount' does not depend on any axioms
info: RelationalPerimeter/Computation/ConstitutiveSearch/SAT/ExplicitFamilyResources.lean:472:0: 'ConstitutiveSearch.SAT.ResourceAlignedStackedTrajectoryResult' does not depend on any axioms
info: RelationalPerimeter/Computation/ConstitutiveSearch/SAT/ExplicitFamilyResources.lean:473:0: 'ConstitutiveSearch.SAT.buildResourceAlignedStackedTrajectory' does not depend on any axioms
info: RelationalPerimeter/Computation/ConstitutiveSearch/SAT/ExplicitFamilyResources.lean:474:0: 'ConstitutiveSearch.SAT.explicitFamilyDecisionResource' does not depend on any axioms
info: RelationalPerimeter/Computation/ConstitutiveSearch/SAT/ExplicitFamilyResources.lean:475:0: 'ConstitutiveSearch.SAT.explicitFamilyDecisionResource_length' does not depend on any axioms
info: RelationalPerimeter/Computation/ConstitutiveSearch/SAT/ExplicitFamilyResources.lean:476:0: 'ConstitutiveSearch.SAT.explicitFamilyResourceRoot' does not depend on any axioms
info: RelationalPerimeter/Computation/ConstitutiveSearch/SAT/ExplicitFamilyResources.lean:477:0: 'ConstitutiveSearch.SAT.explicitFamilyResourceTrajectory' does not depend on any axioms
info: RelationalPerimeter/Computation/ConstitutiveSearch/SAT/ExplicitFamilyResources.lean:478:0: 'ConstitutiveSearch.SAT.explicitFamilyResourceTrajectory_width_le_two' does not depend on any axioms
info: RelationalPerimeter/Computation/ConstitutiveSearch/SAT/ExplicitFamilyResources.lean:479:0: 'ConstitutiveSearch.SAT.explicitFamilyEndpoint_depth' does not depend on any axioms
info: RelationalPerimeter/Computation/ConstitutiveSearch/SAT/ExplicitFamilyResources.lean:480:0: 'ConstitutiveSearch.SAT.explicitFamilyEndpoint_terminal' does not depend on any axioms
info: RelationalPerimeter/Computation/ConstitutiveSearch/SAT/ExplicitFamilyResources.lean:481:0: 'ConstitutiveSearch.SAT.explicitFamilyEndpoint_no_next_decision' does not depend on any axioms
info: RelationalPerimeter/Computation/ConstitutiveSearch/SAT/ExplicitFamilyResources.lean:482:0: 'ConstitutiveSearch.SAT.explicitFamilyResourceTrajectory_viable_iff' does not depend on any axioms
ℹ [56/106] Replayed RelationalPerimeter.Computation.ConstitutiveSearch.SAT.TrajectoryDerivedClosure
info: RelationalPerimeter/Computation/ConstitutiveSearch/SAT/TrajectoryDerivedClosure.lean:502:0: 'ConstitutiveSearch.SAT.ProvenanceStructuralFlipWitness' does not depend on any axioms
info: RelationalPerimeter/Computation/ConstitutiveSearch/SAT/TrajectoryDerivedClosure.lean:503:0: 'ConstitutiveSearch.SAT.ProvenanceStructuralFlipWitness.toAcceptingTransport' does not depend on any axioms
info: RelationalPerimeter/Computation/ConstitutiveSearch/SAT/TrajectoryDerivedClosure.lean:504:0: 'ConstitutiveSearch.SAT.provenanceStructuralFlipSearch' does not depend on any axioms
info: RelationalPerimeter/Computation/ConstitutiveSearch/SAT/TrajectoryDerivedClosure.lean:505:0: 'ConstitutiveSearch.SAT.provenanceStructuralFlipAction' does not depend on any axioms
info: RelationalPerimeter/Computation/ConstitutiveSearch/SAT/TrajectoryDerivedClosure.lean:506:0: 'ConstitutiveSearch.SAT.FlipSymmetricTrajectory.decisionVars' does not depend on any axioms
info: RelationalPerimeter/Computation/ConstitutiveSearch/SAT/TrajectoryDerivedClosure.lean:507:0: 'ConstitutiveSearch.SAT.FlipSymmetricTrajectory.trueDecisionOfVar' does not depend on any axioms
info: RelationalPerimeter/Computation/ConstitutiveSearch/SAT/TrajectoryDerivedClosure.lean:508:0: 'ConstitutiveSearch.SAT.FlipSymmetricTrajectory.finish_decisions_eq_trajectoryVars' does not depend on any axioms
info: RelationalPerimeter/Computation/ConstitutiveSearch/SAT/TrajectoryDerivedClosure.lean:509:0: 'ConstitutiveSearch.SAT.FlipSymmetricTrajectory.finish_decisionVariables_eq_trajectoryVars' does not depend on any axioms
info: RelationalPerimeter/Computation/ConstitutiveSearch/SAT/TrajectoryDerivedClosure.lean:510:0: 'ConstitutiveSearch.SAT.FlipSymmetricTrajectory.splitCandidates' does not depend on any axioms
info: RelationalPerimeter/Computation/ConstitutiveSearch/SAT/TrajectoryDerivedClosure.lean:511:0: 'ConstitutiveSearch.SAT.FlipSymmetricTrajectory.decisionVars_length' does not depend on any axioms
info: RelationalPerimeter/Computation/ConstitutiveSearch/SAT/TrajectoryDerivedClosure.lean:512:0: 'ConstitutiveSearch.SAT.FlipSymmetricTrajectory.splitCandidates_length' does not depend on any axioms
info: RelationalPerimeter/Computation/ConstitutiveSearch/SAT/TrajectoryDerivedClosure.lean:513:0: 'ConstitutiveSearch.SAT.FlipSymmetricTrajectory.closureFuel' does not depend on any axioms
info: RelationalPerimeter/Computation/ConstitutiveSearch/SAT/TrajectoryDerivedClosure.lean:514:0: 'ConstitutiveSearch.SAT.FlipSymmetricTrajectory.closureFuel_eq_length' does not depend on any axioms
info: RelationalPerimeter/Computation/ConstitutiveSearch/SAT/TrajectoryDerivedClosure.lean:515:0: 'ConstitutiveSearch.SAT.FlipSymmetricTrajectory.primitiveSearch' does not depend on any axioms
info: RelationalPerimeter/Computation/ConstitutiveSearch/SAT/TrajectoryDerivedClosure.lean:516:0: 'ConstitutiveSearch.SAT.FlipSymmetricTrajectory.derivedClosureSearch' does not depend on any axioms
info: RelationalPerimeter/Computation/ConstitutiveSearch/SAT/TrajectoryDerivedClosure.lean:517:0: 'ConstitutiveSearch.SAT.FlipSymmetricTrajectory.primitiveSearch_finds_firstSibling' does not depend on any axioms
info: RelationalPerimeter/Computation/ConstitutiveSearch/SAT/TrajectoryDerivedClosure.lean:518:0: 'ConstitutiveSearch.SAT.explicitFamilyTrajectoryDecisionVars' does not depend on any axioms
info: RelationalPerimeter/Computation/ConstitutiveSearch/SAT/TrajectoryDerivedClosure.lean:519:0: 'ConstitutiveSearch.SAT.explicitFamilyTrajectoryClosureCandidates' does not depend on any axioms
info: RelationalPerimeter/Computation/ConstitutiveSearch/SAT/TrajectoryDerivedClosure.lean:520:0: 'ConstitutiveSearch.SAT.explicitFamilyTrajectoryClosureFuel' does not depend on any axioms
info: RelationalPerimeter/Computation/ConstitutiveSearch/SAT/TrajectoryDerivedClosure.lean:521:0: 'ConstitutiveSearch.SAT.explicitFamilyTrajectoryDecisionVars_length' does not depend on any axioms
info: RelationalPerimeter/Computation/ConstitutiveSearch/SAT/TrajectoryDerivedClosure.lean:522:0: 'ConstitutiveSearch.SAT.explicitFamilyTrajectoryClosureCandidates_length' does not depend on any axioms
info: RelationalPerimeter/Computation/ConstitutiveSearch/SAT/TrajectoryDerivedClosure.lean:523:0: 'ConstitutiveSearch.SAT.explicitFamilyTrajectoryClosureFuel_eq' does not depend on any axioms
info: RelationalPerimeter/Computation/ConstitutiveSearch/SAT/TrajectoryDerivedClosure.lean:524:0: 'ConstitutiveSearch.SAT.explicitFamilyTrajectoryDerivedClosureSearch' does not depend on any axioms
ℹ [57/106] Replayed RelationalPerimeter.Computation.ConstitutiveSearch.SAT.ExplicitFamilyCosts
info: RelationalPerimeter/Computation/ConstitutiveSearch/SAT/ExplicitFamilyCosts.lean:265:0: 'ConstitutiveSearch.SAT.FlipSymmetricTrajectory.stepCount' does not depend on any axioms
info: RelationalPerimeter/Computation/ConstitutiveSearch/SAT/ExplicitFamilyCosts.lean:266:0: 'ConstitutiveSearch.SAT.FlipSymmetricTrajectory.stepCount_eq_index' does not depend on any axioms
info: RelationalPerimeter/Computation/ConstitutiveSearch/SAT/ExplicitFamilyCosts.lean:267:0: 'ConstitutiveSearch.SAT.FlipSymmetricTrajectory.frontierSlotCount' does not depend on any axioms
info: RelationalPerimeter/Computation/ConstitutiveSearch/SAT/ExplicitFamilyCosts.lean:268:0: 'ConstitutiveSearch.SAT.FlipSymmetricTrajectory.frontierSlotCount_succ' does not depend on any axioms
info: RelationalPerimeter/Computation/ConstitutiveSearch/SAT/ExplicitFamilyCosts.lean:269:0: 'ConstitutiveSearch.SAT.FlipSymmetricTrajectory.frontierSlotCount_eq' does not depend on any axioms
info: RelationalPerimeter/Computation/ConstitutiveSearch/SAT/ExplicitFamilyCosts.lean:270:0: 'ConstitutiveSearch.SAT.FlipSymmetricTrajectory.structuralWorkUnits' does not depend on any axioms
info: RelationalPerimeter/Computation/ConstitutiveSearch/SAT/ExplicitFamilyCosts.lean:271:0: 'ConstitutiveSearch.SAT.FlipSymmetricTrajectory.structuralWorkArithmetic' does not depend on any axioms
info: RelationalPerimeter/Computation/ConstitutiveSearch/SAT/ExplicitFamilyCosts.lean:272:0: 'ConstitutiveSearch.SAT.FlipSymmetricTrajectory.structuralWorkUnits_eq' does not depend on any axioms
info: RelationalPerimeter/Computation/ConstitutiveSearch/SAT/ExplicitFamilyCosts.lean:273:0: 'ConstitutiveSearch.SAT.ExplicitFamilyCertifiedCounts' does not depend on any axioms
info: RelationalPerimeter/Computation/ConstitutiveSearch/SAT/ExplicitFamilyCosts.lean:274:0: 'ConstitutiveSearch.SAT.explicitFamilyCertifiedCounts' does not depend on any axioms
info: RelationalPerimeter/Computation/ConstitutiveSearch/SAT/ExplicitFamilyCosts.lean:275:0: 'ConstitutiveSearch.SAT.explicitFamilyStructuralWorkUnits' does not depend on any axioms
info: RelationalPerimeter/Computation/ConstitutiveSearch/SAT/ExplicitFamilyCosts.lean:276:0: 'ConstitutiveSearch.SAT.explicitFamilyStructuralWorkUnits_eq' does not depend on any axioms
ℹ [58/106] Replayed RelationalPerimeter.Computation.ConstitutiveSearch.SAT.ExplicitFamilyProvenance
info: RelationalPerimeter/Computation/ConstitutiveSearch/SAT/ExplicitFamilyProvenance.lean:172:0: 'ConstitutiveSearch.SAT.StructuralGeneratedFrom.decisions_length_eq_depth' does not depend on any axioms
info: RelationalPerimeter/Computation/ConstitutiveSearch/SAT/ExplicitFamilyProvenance.lean:173:0: 'ConstitutiveSearch.SAT.GeneratedStructuralBranchContext.provenanceSize' does not depend on any axioms
info: RelationalPerimeter/Computation/ConstitutiveSearch/SAT/ExplicitFamilyProvenance.lean:174:0: 'ConstitutiveSearch.SAT.GeneratedStructuralBranchContext.provenanceSize_eq_depth' does not depend on any axioms
info: RelationalPerimeter/Computation/ConstitutiveSearch/SAT/ExplicitFamilyProvenance.lean:175:0: 'ConstitutiveSearch.SAT.GeneratedStructuralBranchContext.root_provenanceSize' does not depend on any axioms
info: RelationalPerimeter/Computation/ConstitutiveSearch/SAT/ExplicitFamilyProvenance.lean:176:0: 'ConstitutiveSearch.SAT.GeneratedStructuralBranchContext.child_provenanceSize' does not depend on any axioms
info: RelationalPerimeter/Computation/ConstitutiveSearch/SAT/ExplicitFamilyProvenance.lean:177:0: 'ConstitutiveSearch.SAT.FlipSymmetricTrajectory.finish_provenanceSize_eq' does not depend on any axioms
info: RelationalPerimeter/Computation/ConstitutiveSearch/SAT/ExplicitFamilyProvenance.lean:178:0: 'ConstitutiveSearch.SAT.explicitFamilyEndpoint_provenanceSize' does not depend on any axioms
info: RelationalPerimeter/Computation/ConstitutiveSearch/SAT/ExplicitFamilyProvenance.lean:179:0: 'ConstitutiveSearch.SAT.explicitFamilyEndpoint_decisions_length' does not depend on any axioms
ℹ [59/106] Replayed RelationalPerimeter.Computation.ConstitutiveSearch.SAT.ExplicitFamilyTransportCosts
info: RelationalPerimeter/Computation/ConstitutiveSearch/SAT/ExplicitFamilyTransportCosts.lean:230:0: 'ConstitutiveSearch.SAT.GeneratedStructuralFlipWitness' does not depend on any axioms
info: RelationalPerimeter/Computation/ConstitutiveSearch/SAT/ExplicitFamilyTransportCosts.lean:231:0: 'ConstitutiveSearch.SAT.GeneratedStructuralFlipWitness.toAcceptingTransport' does not depend on any axioms
info: RelationalPerimeter/Computation/ConstitutiveSearch/SAT/ExplicitFamilyTransportCosts.lean:232:0: 'ConstitutiveSearch.SAT.generatedStructuralFlipWitnessAction' does not depend on any axioms
info: RelationalPerimeter/Computation/ConstitutiveSearch/SAT/ExplicitFamilyTransportCosts.lean:233:0: 'ConstitutiveSearch.SAT.flipSymmetricSiblingWitness' does not depend on any axioms
info: RelationalPerimeter/Computation/ConstitutiveSearch/SAT/ExplicitFamilyTransportCosts.lean:234:0: 'ConstitutiveSearch.SAT.flipSymmetricSiblingCode' does not depend on any axioms
info: RelationalPerimeter/Computation/ConstitutiveSearch/SAT/ExplicitFamilyTransportCosts.lean:235:0: 'ConstitutiveSearch.SAT.flipSymmetricSiblingCode_size' does not depend on any axioms
info: RelationalPerimeter/Computation/ConstitutiveSearch/SAT/ExplicitFamilyTransportCosts.lean:236:0: 'ConstitutiveSearch.SAT.FlipSymmetricTrajectory.transportCertificateAtomCount' does not depend on any axioms
info: RelationalPerimeter/Computation/ConstitutiveSearch/SAT/ExplicitFamilyTransportCosts.lean:237:0: 'ConstitutiveSearch.SAT.FlipSymmetricTrajectory.transportCertificateAtomCount_eq_index' does not depend on any axioms
info: RelationalPerimeter/Computation/ConstitutiveSearch/SAT/ExplicitFamilyTransportCosts.lean:238:0: 'ConstitutiveSearch.SAT.explicitFamilyTransportCertificateAtomCount' does not depend on any axioms
info: RelationalPerimeter/Computation/ConstitutiveSearch/SAT/ExplicitFamilyTransportCosts.lean:239:0: 'ConstitutiveSearch.SAT.ExplicitFamilyCertificateSizes' does not depend on any axioms
info: RelationalPerimeter/Computation/ConstitutiveSearch/SAT/ExplicitFamilyTransportCosts.lean:240:0: 'ConstitutiveSearch.SAT.explicitFamilyCertificateSizes' does not depend on any axioms
ℹ [60/106] Replayed RelationalPerimeter.Computation.ConstitutiveSearch.RepresentationCost
info: RelationalPerimeter/Computation/ConstitutiveSearch/RepresentationCost.lean:73:0: 'ConstitutiveSearch.BinaryRepresentation.natBitSizeCore' does not depend on any axioms
info: RelationalPerimeter/Computation/ConstitutiveSearch/RepresentationCost.lean:74:0: 'ConstitutiveSearch.BinaryRepresentation.natBitSize' does not depend on any axioms
info: RelationalPerimeter/Computation/ConstitutiveSearch/RepresentationCost.lean:75:0: 'ConstitutiveSearch.BinaryRepresentation.natBitSizeCore_le_fuel' does not depend on any axioms
info: RelationalPerimeter/Computation/ConstitutiveSearch/RepresentationCost.lean:76:0: 'ConstitutiveSearch.BinaryRepresentation.natBitSize_le_succ' does not depend on any axioms
ℹ [61/106] Replayed RelationalPerimeter.Computation.ConstitutiveSearch.SAT.ExplicitFamilyRelationCosts
info: RelationalPerimeter/Computation/ConstitutiveSearch/SAT/ExplicitFamilyRelationCosts.lean:380:0: 'ConstitutiveSearch.SAT.Cnf.branchResidual_literalCount_le' does not depend on any axioms
info: RelationalPerimeter/Computation/ConstitutiveSearch/SAT/ExplicitFamilyRelationCosts.lean:381:0: 'ConstitutiveSearch.SAT.GeneratedStructuralBranchContext.child_literalCount_le' does not depend on any axioms
info: RelationalPerimeter/Computation/ConstitutiveSearch/SAT/ExplicitFamilyRelationCosts.lean:382:0: 'ConstitutiveSearch.SAT.siblingRelationVerificationSurface' does not depend on any axioms
info: RelationalPerimeter/Computation/ConstitutiveSearch/SAT/ExplicitFamilyRelationCosts.lean:383:0: 'ConstitutiveSearch.SAT.uniformRelationVerificationUnit' does not depend on any axioms
info: RelationalPerimeter/Computation/ConstitutiveSearch/SAT/ExplicitFamilyRelationCosts.lean:384:0: 'ConstitutiveSearch.SAT.siblingRelationVerificationSurface_le' does not depend on any axioms
info: RelationalPerimeter/Computation/ConstitutiveSearch/SAT/ExplicitFamilyRelationCosts.lean:385:0: 'ConstitutiveSearch.SAT.FlipSymmetricTrajectory.relationVerificationSurface' does not depend on any axioms
info: RelationalPerimeter/Computation/ConstitutiveSearch/SAT/ExplicitFamilyRelationCosts.lean:386:0: 'ConstitutiveSearch.SAT.FlipSymmetricTrajectory.relationVerificationSurface_le_uniform' does not depend on any axioms
info: RelationalPerimeter/Computation/ConstitutiveSearch/SAT/ExplicitFamilyRelationCosts.lean:387:0: 'ConstitutiveSearch.SAT.explicitFamilyRelationVerificationBudget' does not depend on any axioms
info: RelationalPerimeter/Computation/ConstitutiveSearch/SAT/ExplicitFamilyRelationCosts.lean:388:0: 'ConstitutiveSearch.SAT.explicitFamilyRelationVerificationSurface_le' does not depend on any axioms
ℹ [62/106] Replayed RelationalPerimeter.Computation.ConstitutiveSearch.SAT.ExplicitFamilyNormalizationCosts
info: RelationalPerimeter/Computation/ConstitutiveSearch/SAT/ExplicitFamilyNormalizationCosts.lean:299:0: 'ConstitutiveSearch.SAT.generatedStructuralFlipAtSearch_sibling_found' does not depend on any axioms
info: RelationalPerimeter/Computation/ConstitutiveSearch/SAT/ExplicitFamilyNormalizationCosts.lean:300:0: 'ConstitutiveSearch.SAT.FlipSymmetricTrajectory.normalizationFindCallCount' does not depend on any axioms
info: RelationalPerimeter/Computation/ConstitutiveSearch/SAT/ExplicitFamilyNormalizationCosts.lean:301:0: 'ConstitutiveSearch.SAT.FlipSymmetricTrajectory.normalizationFindCallCount_eq' does not depend on any axioms
info: RelationalPerimeter/Computation/ConstitutiveSearch/SAT/ExplicitFamilyNormalizationCosts.lean:302:0: 'ConstitutiveSearch.SAT.FlipSymmetricTrajectory.normalizationRelationVerificationSurface' does not depend on any axioms
info: RelationalPerimeter/Computation/ConstitutiveSearch/SAT/ExplicitFamilyNormalizationCosts.lean:303:0: 'ConstitutiveSearch.SAT.FlipSymmetricTrajectory.normalizationRelationVerificationSurface_le_uniform' does not depend on any axioms
info: RelationalPerimeter/Computation/ConstitutiveSearch/SAT/ExplicitFamilyNormalizationCosts.lean:304:0: 'ConstitutiveSearch.SAT.explicitFamilyNormalizationFindCallCount' does not depend on any axioms
info: RelationalPerimeter/Computation/ConstitutiveSearch/SAT/ExplicitFamilyNormalizationCosts.lean:305:0: 'ConstitutiveSearch.SAT.explicitFamilyNormalizationVerificationBudget' does not depend on any axioms
info: RelationalPerimeter/Computation/ConstitutiveSearch/SAT/ExplicitFamilyNormalizationCosts.lean:306:0: 'ConstitutiveSearch.SAT.explicitFamilyNormalizationVerificationSurface_le' does not depend on any axioms
ℹ [63/106] Replayed RelationalPerimeter.Computation.ConstitutiveSearch.SAT.ExplicitFamilyComplexity
info: RelationalPerimeter/Computation/ConstitutiveSearch/SAT/ExplicitFamilyComplexity.lean:170:0: 'ConstitutiveSearch.SAT.explicitFamilyComplexityCounts' does not depend on any axioms
info: RelationalPerimeter/Computation/ConstitutiveSearch/SAT/ExplicitFamilyComplexity.lean:171:0: 'ConstitutiveSearch.SAT.ExplicitFamilyComplexityEvidence' does not depend on any axioms
info: RelationalPerimeter/Computation/ConstitutiveSearch/SAT/ExplicitFamilyComplexity.lean:172:0: 'ConstitutiveSearch.SAT.explicitFamilyComplexityEvidence' does not depend on any axioms
info: RelationalPerimeter/Computation/ConstitutiveSearch/SAT/ExplicitFamilyComplexity.lean:173:0: 'ConstitutiveSearch.SAT.explicitFamilyChargedCost' does not depend on any axioms
info: RelationalPerimeter/Computation/ConstitutiveSearch/SAT/ExplicitFamilyComplexity.lean:174:0: 'ConstitutiveSearch.SAT.explicitFamilyUniformChargedBudget' does not depend on any axioms
info: RelationalPerimeter/Computation/ConstitutiveSearch/SAT/ExplicitFamilyComplexity.lean:175:0: 'ConstitutiveSearch.SAT.explicitFamilyChargedCost_le_uniform' does not depend on any axioms
info: RelationalPerimeter/Computation/ConstitutiveSearch/SAT/ExplicitFamilyComplexity.lean:176:0: 'ConstitutiveSearch.SAT.explicitFamilyChargedCost_le_linearAtomicEnvelope' does not depend on any axioms
ℹ [64/106] Replayed RelationalPerimeter.Computation.ConstitutiveSearch.SAT.ExplicitFamilyBitCosts
info: RelationalPerimeter/Computation/ConstitutiveSearch/SAT/ExplicitFamilyBitCosts.lean:625:0: 'ConstitutiveSearch.SAT.Literal.binarySize' does not depend on any axioms
info: RelationalPerimeter/Computation/ConstitutiveSearch/SAT/ExplicitFamilyBitCosts.lean:626:0: 'ConstitutiveSearch.SAT.Literal.binarySize_le_of_varBoundedBy' does not depend on any axioms
info: RelationalPerimeter/Computation/ConstitutiveSearch/SAT/ExplicitFamilyBitCosts.lean:627:0: 'ConstitutiveSearch.SAT.Clause.binarySize' does not depend on any axioms
info: RelationalPerimeter/Computation/ConstitutiveSearch/SAT/ExplicitFamilyBitCosts.lean:628:0: 'ConstitutiveSearch.SAT.Clause.binarySize_le_budget' does not depend on any axioms
info: RelationalPerimeter/Computation/ConstitutiveSearch/SAT/ExplicitFamilyBitCosts.lean:629:0: 'ConstitutiveSearch.SAT.Cnf.binarySize' does not depend on any axioms
info: RelationalPerimeter/Computation/ConstitutiveSearch/SAT/ExplicitFamilyBitCosts.lean:630:0: 'ConstitutiveSearch.SAT.Cnf.binarySize_le_budget' does not depend on any axioms
info: RelationalPerimeter/Computation/ConstitutiveSearch/SAT/ExplicitFamilyBitCosts.lean:631:0: 'ConstitutiveSearch.SAT.stackedSymmetricBlocks_varsBoundedBy' does not depend on any axioms
info: RelationalPerimeter/Computation/ConstitutiveSearch/SAT/ExplicitFamilyBitCosts.lean:632:0: 'ConstitutiveSearch.SAT.explicitStackedSymmetricFamily_varsBoundedBy' does not depend on any axioms
info: RelationalPerimeter/Computation/ConstitutiveSearch/SAT/ExplicitFamilyBitCosts.lean:633:0: 'ConstitutiveSearch.SAT.stackedSymmetricBinaryBudget' does not depend on any axioms
info: RelationalPerimeter/Computation/ConstitutiveSearch/SAT/ExplicitFamilyBitCosts.lean:634:0: 'ConstitutiveSearch.SAT.explicitFamilyBinaryBudget' does not depend on any axioms
info: RelationalPerimeter/Computation/ConstitutiveSearch/SAT/ExplicitFamilyBitCosts.lean:635:0: 'ConstitutiveSearch.SAT.explicitFamily_binarySize_le_budget' does not depend on any axioms
info: RelationalPerimeter/Computation/ConstitutiveSearch/SAT/ExplicitFamilyBitCosts.lean:636:0: 'ConstitutiveSearch.SAT.StructuralBranchDecision.binarySize' does not depend on any axioms
info: RelationalPerimeter/Computation/ConstitutiveSearch/SAT/ExplicitFamilyBitCosts.lean:637:0: 'ConstitutiveSearch.SAT.StructuralDecisionHistory.binarySize' does not depend on any axioms
info: RelationalPerimeter/Computation/ConstitutiveSearch/SAT/ExplicitFamilyBitCosts.lean:638:0: 'ConstitutiveSearch.SAT.StructuralDecisionHistory.binarySize_le_budget' does not depend on any axioms
info: RelationalPerimeter/Computation/ConstitutiveSearch/SAT/ExplicitFamilyBitCosts.lean:639:0: 'ConstitutiveSearch.SAT.VarRemoval.target_bounded' does not depend on any axioms
info: RelationalPerimeter/Computation/ConstitutiveSearch/SAT/ExplicitFamilyBitCosts.lean:640:0: 'ConstitutiveSearch.SAT.ResourceGeneratedFrom.resource_and_decisions_bounded' does not depend on any axioms
info: RelationalPerimeter/Computation/ConstitutiveSearch/SAT/ExplicitFamilyBitCosts.lean:641:0: 'ConstitutiveSearch.SAT.stackedDecisionResource_bounded' does not depend on any axioms
info: RelationalPerimeter/Computation/ConstitutiveSearch/SAT/ExplicitFamilyBitCosts.lean:642:0: 'ConstitutiveSearch.SAT.explicitFamilyEndpoint_decisions_bounded' does not depend on any axioms
info: RelationalPerimeter/Computation/ConstitutiveSearch/SAT/ExplicitFamilyBitCosts.lean:643:0: 'ConstitutiveSearch.SAT.explicitFamilyEndpoint_historyBinarySize_le' does not depend on any axioms
ℹ [65/106] Replayed RelationalPerimeter.Computation.ConstitutiveSearch.SAT.ExplicitFamilyEqualityCosts
info: RelationalPerimeter/Computation/ConstitutiveSearch/SAT/ExplicitFamilyEqualityCosts.lean:401:0: 'ConstitutiveSearch.SAT.Literal.flipAt_binarySize' does not depend on any axioms
info: RelationalPerimeter/Computation/ConstitutiveSearch/SAT/ExplicitFamilyEqualityCosts.lean:402:0: 'ConstitutiveSearch.SAT.Clause.flipAt_binarySize' does not depend on any axioms
info: RelationalPerimeter/Computation/ConstitutiveSearch/SAT/ExplicitFamilyEqualityCosts.lean:403:0: 'ConstitutiveSearch.SAT.Cnf.flipAt_binarySize' does not depend on any axioms
info: RelationalPerimeter/Computation/ConstitutiveSearch/SAT/ExplicitFamilyEqualityCosts.lean:404:0: 'ConstitutiveSearch.SAT.Cnf.branchResidual_binarySize_le' does not depend on any axioms
info: RelationalPerimeter/Computation/ConstitutiveSearch/SAT/ExplicitFamilyEqualityCosts.lean:405:0: 'ConstitutiveSearch.SAT.StructuralBranchDecision.flipAt_binarySize' does not depend on any axioms
info: RelationalPerimeter/Computation/ConstitutiveSearch/SAT/ExplicitFamilyEqualityCosts.lean:406:0: 'ConstitutiveSearch.SAT.StructuralDecisionHistory.flipAt_binarySize' does not depend on any axioms
info: RelationalPerimeter/Computation/ConstitutiveSearch/SAT/ExplicitFamilyEqualityCosts.lean:407:0: 'ConstitutiveSearch.SAT.generatedFlipEqualityCharge' does not depend on any axioms
info: RelationalPerimeter/Computation/ConstitutiveSearch/SAT/ExplicitFamilyEqualityCosts.lean:408:0: 'ConstitutiveSearch.SAT.generatedFlipEqualityCharge_eq' does not depend on any axioms
info: RelationalPerimeter/Computation/ConstitutiveSearch/SAT/ExplicitFamilyEqualityCosts.lean:409:0: 'ConstitutiveSearch.SAT.uniformGeneratedFlipEqualityCharge' does not depend on any axioms
info: RelationalPerimeter/Computation/ConstitutiveSearch/SAT/ExplicitFamilyEqualityCosts.lean:410:0: 'ConstitutiveSearch.SAT.generatedFlipEqualityCharge_le' does not depend on any axioms
info: RelationalPerimeter/Computation/ConstitutiveSearch/SAT/ExplicitFamilyEqualityCosts.lean:411:0: 'ConstitutiveSearch.SAT.explicitFamilyRelationEqualityChargeBudget' does not depend on any axioms
ℹ [66/106] Replayed RelationalPerimeter.Computation.ConstitutiveSearch.SAT.ExplicitFamilyBitComplexity
info: RelationalPerimeter/Computation/ConstitutiveSearch/SAT/ExplicitFamilyBitComplexity.lean:182:0: 'ConstitutiveSearch.SAT.explicitFamilyStateBinaryBudget' does not depend on any axioms
info: RelationalPerimeter/Computation/ConstitutiveSearch/SAT/ExplicitFamilyBitComplexity.lean:183:0: 'ConstitutiveSearch.SAT.explicitFamilyProvenanceUnitBinaryBudget' does not depend on any axioms
info: RelationalPerimeter/Computation/ConstitutiveSearch/SAT/ExplicitFamilyBitComplexity.lean:184:0: 'ConstitutiveSearch.SAT.explicitFamilyCertificateAtomBinaryBudget' does not depend on any axioms
info: RelationalPerimeter/Computation/ConstitutiveSearch/SAT/ExplicitFamilyBitComplexity.lean:185:0: 'ConstitutiveSearch.SAT.explicitFamilyRepresentationAtomicCosts' does not depend on any axioms
info: RelationalPerimeter/Computation/ConstitutiveSearch/SAT/ExplicitFamilyBitComplexity.lean:186:0: 'ConstitutiveSearch.SAT.explicitFamilyRepresentationChargedCost' does not depend on any axioms
info: RelationalPerimeter/Computation/ConstitutiveSearch/SAT/ExplicitFamilyBitComplexity.lean:187:0: 'ConstitutiveSearch.SAT.explicitFamily_relationFind_atomicCost' does not depend on any axioms
info: RelationalPerimeter/Computation/ConstitutiveSearch/SAT/ExplicitFamilyBitComplexity.lean:188:0: 'ConstitutiveSearch.SAT.explicitFamily_closurePrimitive_atomicCost' does not depend on any axioms
info: RelationalPerimeter/Computation/ConstitutiveSearch/SAT/ExplicitFamilyBitComplexity.lean:189:0: 'ConstitutiveSearch.SAT.explicitFamily_localStrategy_noClosureCharge' does not depend on any axioms
info: RelationalPerimeter/Computation/ConstitutiveSearch/SAT/ExplicitFamilyBitComplexity.lean:190:0: 'ConstitutiveSearch.SAT.explicitFamilyRepresentationBudget' does not depend on any axioms
info: RelationalPerimeter/Computation/ConstitutiveSearch/SAT/ExplicitFamilyBitComplexity.lean:191:0: 'ConstitutiveSearch.SAT.explicitFamilyRepresentationChargedCost_eq_budget' does not depend on any axioms
ℹ [67/106] Replayed RelationalPerimeter.Computation.ConstitutiveSearch.SAT.ExplicitFamilyPolynomialCosts
info: RelationalPerimeter/Computation/ConstitutiveSearch/SAT/ExplicitFamilyPolynomialCosts.lean:466:0: 'ConstitutiveSearch.SAT.Clause.binaryBudget_closed' does not depend on any axioms
info: RelationalPerimeter/Computation/ConstitutiveSearch/SAT/ExplicitFamilyPolynomialCosts.lean:467:0: 'ConstitutiveSearch.SAT.StructuralDecisionHistory.binaryBudget_closed' does not depend on any axioms
info: RelationalPerimeter/Computation/ConstitutiveSearch/SAT/ExplicitFamilyPolynomialCosts.lean:468:0: 'ConstitutiveSearch.SAT.doubleBlockStep' does not depend on any axioms
info: RelationalPerimeter/Computation/ConstitutiveSearch/SAT/ExplicitFamilyPolynomialCosts.lean:469:0: 'ConstitutiveSearch.SAT.stackedSymmetricBinaryBudget_closed' does not depend on any axioms
info: RelationalPerimeter/Computation/ConstitutiveSearch/SAT/ExplicitFamilyPolynomialCosts.lean:470:0: 'ConstitutiveSearch.SAT.explicitFamilyFormulaPolynomialBudget' does not depend on any axioms
info: RelationalPerimeter/Computation/ConstitutiveSearch/SAT/ExplicitFamilyPolynomialCosts.lean:471:0: 'ConstitutiveSearch.SAT.explicitFamilyHistoryPolynomialBudget' does not depend on any axioms
info: RelationalPerimeter/Computation/ConstitutiveSearch/SAT/ExplicitFamilyPolynomialCosts.lean:472:0: 'ConstitutiveSearch.SAT.explicitFamilyStatePolynomialBudget' does not depend on any axioms
info: RelationalPerimeter/Computation/ConstitutiveSearch/SAT/ExplicitFamilyPolynomialCosts.lean:473:0: 'ConstitutiveSearch.SAT.explicitFamilyProvenancePolynomialBudget' does not depend on any axioms
info: RelationalPerimeter/Computation/ConstitutiveSearch/SAT/ExplicitFamilyPolynomialCosts.lean:474:0: 'ConstitutiveSearch.SAT.explicitFamilyCertificatePolynomialBudget' does not depend on any axioms
info: RelationalPerimeter/Computation/ConstitutiveSearch/SAT/ExplicitFamilyPolynomialCosts.lean:475:0: 'ConstitutiveSearch.SAT.explicitFamilyRelationPolynomialBudget' does not depend on any axioms
info: RelationalPerimeter/Computation/ConstitutiveSearch/SAT/ExplicitFamilyPolynomialCosts.lean:476:0: 'ConstitutiveSearch.SAT.explicitFamilyBinaryBudget_eq_polynomial' does not depend on any axioms
info: RelationalPerimeter/Computation/ConstitutiveSearch/SAT/ExplicitFamilyPolynomialCosts.lean:477:0: 'ConstitutiveSearch.SAT.explicitFamilyHistoryBinaryBudget_eq_polynomial' does not depend on any axioms
info: RelationalPerimeter/Computation/ConstitutiveSearch/SAT/ExplicitFamilyPolynomialCosts.lean:478:0: 'ConstitutiveSearch.SAT.explicitFamilyStateBinaryBudget_eq_polynomial' does not depend on any axioms
info: RelationalPerimeter/Computation/ConstitutiveSearch/SAT/ExplicitFamilyPolynomialCosts.lean:479:0: 'ConstitutiveSearch.SAT.explicitFamilyProvenanceUnitBinaryBudget_eq_polynomial' does not depend on any axioms
info: RelationalPerimeter/Computation/ConstitutiveSearch/SAT/ExplicitFamilyPolynomialCosts.lean:480:0: 'ConstitutiveSearch.SAT.explicitFamilyCertificateAtomBinaryBudget_le_polynomial' does not depend on any axioms
info: RelationalPerimeter/Computation/ConstitutiveSearch/SAT/ExplicitFamilyPolynomialCosts.lean:481:0: 'ConstitutiveSearch.SAT.explicitFamilyRelationEqualityChargeBudget_eq_polynomial' does not depend on any axioms
info: RelationalPerimeter/Computation/ConstitutiveSearch/SAT/ExplicitFamilyPolynomialCosts.lean:482:0: 'ConstitutiveSearch.SAT.explicitFamilyRepresentationPolynomialBudget' does not depend on any axioms
info: RelationalPerimeter/Computation/ConstitutiveSearch/SAT/ExplicitFamilyPolynomialCosts.lean:483:0: 'ConstitutiveSearch.SAT.explicitFamilyRepresentationBudget_le_polynomial' does not depend on any axioms
info: RelationalPerimeter/Computation/ConstitutiveSearch/SAT/ExplicitFamilyPolynomialCosts.lean:484:0: 'ConstitutiveSearch.SAT.explicitFamilyRepresentationChargedCost_le_polynomial' does not depend on any axioms
ℹ [68/106] Replayed RelationalPerimeter.Computation.ConstitutiveSearch.SAT.ExplicitFamilyInputComplexity
info: RelationalPerimeter/Computation/ConstitutiveSearch/SAT/ExplicitFamilyInputComplexity.lean:368:0: 'ConstitutiveSearch.SAT.natMulLeMul' does not depend on any axioms
info: RelationalPerimeter/Computation/ConstitutiveSearch/SAT/ExplicitFamilyInputComplexity.lean:369:0: 'ConstitutiveSearch.SAT.Cnf.length_le_binarySize' does not depend on any axioms
info: RelationalPerimeter/Computation/ConstitutiveSearch/SAT/ExplicitFamilyInputComplexity.lean:370:0: 'ConstitutiveSearch.SAT.explicitFamilyFormulaPolynomialBudget_mono' does not depend on any axioms
info: RelationalPerimeter/Computation/ConstitutiveSearch/SAT/ExplicitFamilyInputComplexity.lean:371:0: 'ConstitutiveSearch.SAT.explicitFamilyHistoryPolynomialBudget_mono' does not depend on any axioms
info: RelationalPerimeter/Computation/ConstitutiveSearch/SAT/ExplicitFamilyInputComplexity.lean:372:0: 'ConstitutiveSearch.SAT.explicitFamilyStatePolynomialBudget_mono' does not depend on any axioms
info: RelationalPerimeter/Computation/ConstitutiveSearch/SAT/ExplicitFamilyInputComplexity.lean:373:0: 'ConstitutiveSearch.SAT.explicitFamilyProvenancePolynomialBudget_mono' does not depend on any axioms
info: RelationalPerimeter/Computation/ConstitutiveSearch/SAT/ExplicitFamilyInputComplexity.lean:374:0: 'ConstitutiveSearch.SAT.explicitFamilyCertificatePolynomialBudget_mono' does not depend on any axioms
info: RelationalPerimeter/Computation/ConstitutiveSearch/SAT/ExplicitFamilyInputComplexity.lean:375:0: 'ConstitutiveSearch.SAT.explicitFamilyRelationPolynomialBudget_mono' does not depend on any axioms
info: RelationalPerimeter/Computation/ConstitutiveSearch/SAT/ExplicitFamilyInputComplexity.lean:376:0: 'ConstitutiveSearch.SAT.explicitFamilyRepresentationPolynomialBudget_mono' does not depend on any axioms
info: RelationalPerimeter/Computation/ConstitutiveSearch/SAT/ExplicitFamilyInputComplexity.lean:377:0: 'ConstitutiveSearch.SAT.explicitFamilyInputBitSize' does not depend on any axioms
info: RelationalPerimeter/Computation/ConstitutiveSearch/SAT/ExplicitFamilyInputComplexity.lean:378:0: 'ConstitutiveSearch.SAT.explicitFamilyIndex_le_inputBitSize' does not depend on any axioms
info: RelationalPerimeter/Computation/ConstitutiveSearch/SAT/ExplicitFamilyInputComplexity.lean:379:0: 'ConstitutiveSearch.SAT.explicitFamilyInputIndexedPolynomialBudget' does not depend on any axioms
info: RelationalPerimeter/Computation/ConstitutiveSearch/SAT/ExplicitFamilyInputComplexity.lean:380:0: 'ConstitutiveSearch.SAT.explicitFamilyRepresentationChargedCost_le_inputIndexedPolynomial' does not depend on any axioms
ℹ [69/106] Replayed RelationalPerimeter.Computation.ConstitutiveSearch.SAT.TrajectoryConstitutedLocalSchedule
info: RelationalPerimeter/Computation/ConstitutiveSearch/SAT/TrajectoryConstitutedLocalSchedule.lean:912:0: 'ConstitutiveSearch.SAT.ConstitutedLocalWitness' does not depend on any axioms
info: RelationalPerimeter/Computation/ConstitutiveSearch/SAT/TrajectoryConstitutedLocalSchedule.lean:913:0: 'ConstitutiveSearch.SAT.ConstitutedLocalWitness.code' does not depend on any axioms
info: RelationalPerimeter/Computation/ConstitutiveSearch/SAT/TrajectoryConstitutedLocalSchedule.lean:914:0: 'ConstitutiveSearch.SAT.ConstitutedLocalWitness.code_size' does not depend on any axioms
info: RelationalPerimeter/Computation/ConstitutiveSearch/SAT/TrajectoryConstitutedLocalSchedule.lean:915:0: 'ConstitutiveSearch.SAT.ConstitutedLocalWitness.code_searchable' does not depend on any axioms
info: RelationalPerimeter/Computation/ConstitutiveSearch/SAT/TrajectoryConstitutedLocalSchedule.lean:916:0: 'ConstitutiveSearch.SAT.ConstitutedLocalWitness.validation_success' does not depend on any axioms
info: RelationalPerimeter/Computation/ConstitutiveSearch/SAT/TrajectoryConstitutedLocalSchedule.lean:917:0: 'ConstitutiveSearch.SAT.ConstitutedLocalWitness.validation_primitiveQueries' does not depend on any axioms
info: RelationalPerimeter/Computation/ConstitutiveSearch/SAT/TrajectoryConstitutedLocalSchedule.lean:918:0: 'ConstitutiveSearch.SAT.ConstitutedLocalWitness.executionRun' does not depend on any axioms
info: RelationalPerimeter/Computation/ConstitutiveSearch/SAT/TrajectoryConstitutedLocalSchedule.lean:919:0: 'ConstitutiveSearch.SAT.ConstitutedLocalWitness.executionRun_found' does not depend on any axioms
info: RelationalPerimeter/Computation/ConstitutiveSearch/SAT/TrajectoryConstitutedLocalSchedule.lean:920:0: 'ConstitutiveSearch.SAT.ConstitutedLocalWitness.executionRun_stats' does not depend on any axioms
info: RelationalPerimeter/Computation/ConstitutiveSearch/SAT/TrajectoryConstitutedLocalSchedule.lean:921:0: 'ConstitutiveSearch.SAT.ConstitutedLocalWitness.localSequentialExecution' does not depend on any axioms
info: RelationalPerimeter/Computation/ConstitutiveSearch/SAT/TrajectoryConstitutedLocalSchedule.lean:922:0: 'ConstitutiveSearch.SAT.FlipSymmetricTrajectory.constitutedLocalWitnesses' does not depend on any axioms
info: RelationalPerimeter/Computation/ConstitutiveSearch/SAT/TrajectoryConstitutedLocalSchedule.lean:923:0: 'ConstitutiveSearch.SAT.FlipSymmetricTrajectory.constitutedLocalWitnesses_length' does not depend on any axioms
info: RelationalPerimeter/Computation/ConstitutiveSearch/SAT/TrajectoryConstitutedLocalSchedule.lean:924:0: 'ConstitutiveSearch.SAT.FlipSymmetricTrajectory.constitutedLocalWitnesses_vars' does not depend on any axioms
info: RelationalPerimeter/Computation/ConstitutiveSearch/SAT/TrajectoryConstitutedLocalSchedule.lean:925:0: 'ConstitutiveSearch.SAT.ConstitutedLocalSchedule.atomCount' does not depend on any axioms
info: RelationalPerimeter/Computation/ConstitutiveSearch/SAT/TrajectoryConstitutedLocalSchedule.lean:926:0: 'ConstitutiveSearch.SAT.ConstitutedLocalSchedule.validationPrimitiveQueries' does not depend on any axioms
info: RelationalPerimeter/Computation/ConstitutiveSearch/SAT/TrajectoryConstitutedLocalSchedule.lean:927:0: 'ConstitutiveSearch.SAT.ConstitutedLocalSchedule.executionStats' does not depend on any axioms
info: RelationalPerimeter/Computation/ConstitutiveSearch/SAT/TrajectoryConstitutedLocalSchedule.lean:928:0: 'ConstitutiveSearch.SAT.ConstitutedLocalSchedule.executionPrimitiveQueries' does not depend on any axioms
info: RelationalPerimeter/Computation/ConstitutiveSearch/SAT/TrajectoryConstitutedLocalSchedule.lean:929:0: 'ConstitutiveSearch.SAT.ConstitutedLocalSchedule.executionCompositionCandidates' does not depend on any axioms
info: RelationalPerimeter/Computation/ConstitutiveSearch/SAT/TrajectoryConstitutedLocalSchedule.lean:930:0: 'ConstitutiveSearch.SAT.ConstitutedLocalSchedule.ValidationSucceeds' does not depend on any axioms
info: RelationalPerimeter/Computation/ConstitutiveSearch/SAT/TrajectoryConstitutedLocalSchedule.lean:931:0: 'ConstitutiveSearch.SAT.ConstitutedLocalSchedule.HasLocalExecutions' does not depend on any axioms
info: RelationalPerimeter/Computation/ConstitutiveSearch/SAT/TrajectoryConstitutedLocalSchedule.lean:932:0: 'ConstitutiveSearch.SAT.ConstitutedLocalSchedule.atomCount_eq_length' does not depend on any axioms
info: RelationalPerimeter/Computation/ConstitutiveSearch/SAT/TrajectoryConstitutedLocalSchedule.lean:933:0: 'ConstitutiveSearch.SAT.ConstitutedLocalSchedule.validationPrimitiveQueries_eq_length' does not depend on any axioms
info: RelationalPerimeter/Computation/ConstitutiveSearch/SAT/TrajectoryConstitutedLocalSchedule.lean:934:0: 'ConstitutiveSearch.SAT.ConstitutedLocalSchedule.executionPrimitiveQueries_eq_length' does not depend on any axioms
info: RelationalPerimeter/Computation/ConstitutiveSearch/SAT/TrajectoryConstitutedLocalSchedule.lean:935:0: 'ConstitutiveSearch.SAT.ConstitutedLocalSchedule.executionCompositionCandidates_eq_zero' does not depend on any axioms
info: RelationalPerimeter/Computation/ConstitutiveSearch/SAT/TrajectoryConstitutedLocalSchedule.lean:936:0: 'ConstitutiveSearch.SAT.ConstitutedLocalSchedule.validationSucceeds' does not depend on any axioms
info: RelationalPerimeter/Computation/ConstitutiveSearch/SAT/TrajectoryConstitutedLocalSchedule.lean:937:0: 'ConstitutiveSearch.SAT.ConstitutedLocalSchedule.hasLocalExecutions' does not depend on any axioms
info: RelationalPerimeter/Computation/ConstitutiveSearch/SAT/TrajectoryConstitutedLocalSchedule.lean:938:0: 'ConstitutiveSearch.SAT.FlipSymmetricTrajectory.constitutedLocalAtomCount_eq_length' does not depend on any axioms
info: RelationalPerimeter/Computation/ConstitutiveSearch/SAT/TrajectoryConstitutedLocalSchedule.lean:939:0: 'ConstitutiveSearch.SAT.FlipSymmetricTrajectory.constitutedLocalValidationQueries_eq_length' does not depend on any axioms
info: RelationalPerimeter/Computation/ConstitutiveSearch/SAT/TrajectoryConstitutedLocalSchedule.lean:940:0: 'ConstitutiveSearch.SAT.FlipSymmetricTrajectory.constitutedLocalExecutionQueries_eq_length' does not depend on any axioms
info: RelationalPerimeter/Computation/ConstitutiveSearch/SAT/TrajectoryConstitutedLocalSchedule.lean:941:0: 'ConstitutiveSearch.SAT.FlipSymmetricTrajectory.constitutedLocalExecutionCompositionCandidates_eq_zero' does not depend on any axioms
info: RelationalPerimeter/Computation/ConstitutiveSearch/SAT/TrajectoryConstitutedLocalSchedule.lean:942:0: 'ConstitutiveSearch.SAT.FlipSymmetricTrajectory.constitutedLocalValidationSucceeds' does not depend on any axioms
info: RelationalPerimeter/Computation/ConstitutiveSearch/SAT/TrajectoryConstitutedLocalSchedule.lean:943:0: 'ConstitutiveSearch.SAT.FlipSymmetricTrajectory.constitutedLocalHasLocalExecutions' does not depend on any axioms
info: RelationalPerimeter/Computation/ConstitutiveSearch/SAT/TrajectoryConstitutedLocalSchedule.lean:944:0: 'ConstitutiveSearch.SAT.FlipSymmetricTrajectory.constitutedLocalAtomCount_eq_transportCertificateAtomCount' does not depend on any axioms
info: RelationalPerimeter/Computation/ConstitutiveSearch/SAT/TrajectoryConstitutedLocalSchedule.lean:945:0: 'ConstitutiveSearch.SAT.explicitFamilyConstitutedLocalWitnesses' does not depend on any axioms
info: RelationalPerimeter/Computation/ConstitutiveSearch/SAT/TrajectoryConstitutedLocalSchedule.lean:946:0: 'ConstitutiveSearch.SAT.explicitFamilyConstitutedLocalWitnesses_length' does not depend on any axioms
info: RelationalPerimeter/Computation/ConstitutiveSearch/SAT/TrajectoryConstitutedLocalSchedule.lean:947:0: 'ConstitutiveSearch.SAT.explicitFamilyConstitutedLocalWitnesses_vars' does not depend on any axioms
info: RelationalPerimeter/Computation/ConstitutiveSearch/SAT/TrajectoryConstitutedLocalSchedule.lean:948:0: 'ConstitutiveSearch.SAT.explicitFamilyConstitutedLocalAtomCount' does not depend on any axioms
info: RelationalPerimeter/Computation/ConstitutiveSearch/SAT/TrajectoryConstitutedLocalSchedule.lean:949:0: 'ConstitutiveSearch.SAT.explicitFamilyConstitutedLocalValidationQueries' does not depend on any axioms
info: RelationalPerimeter/Computation/ConstitutiveSearch/SAT/TrajectoryConstitutedLocalSchedule.lean:950:0: 'ConstitutiveSearch.SAT.explicitFamilyConstitutedLocalExecutionQueries' does not depend on any axioms
info: RelationalPerimeter/Computation/ConstitutiveSearch/SAT/TrajectoryConstitutedLocalSchedule.lean:951:0: 'ConstitutiveSearch.SAT.explicitFamilyConstitutedLocalExecutionCompositionCandidates' does not depend on any axioms
info: RelationalPerimeter/Computation/ConstitutiveSearch/SAT/TrajectoryConstitutedLocalSchedule.lean:952:0: 'ConstitutiveSearch.SAT.explicitFamilyConstitutedLocalValidationSucceeds' does not depend on any axioms
info: RelationalPerimeter/Computation/ConstitutiveSearch/SAT/TrajectoryConstitutedLocalSchedule.lean:953:0: 'ConstitutiveSearch.SAT.explicitFamilyConstitutedLocalHasLocalExecutions' does not depend on any axioms
info: RelationalPerimeter/Computation/ConstitutiveSearch/SAT/TrajectoryConstitutedLocalSchedule.lean:954:0: 'ConstitutiveSearch.SAT.explicitFamilyConstitutedLocalAtomCount_inputPolynomiallyBounded' does not depend on any axioms
info: RelationalPerimeter/Computation/ConstitutiveSearch/SAT/TrajectoryConstitutedLocalSchedule.lean:955:0: 'ConstitutiveSearch.SAT.explicitFamilyConstitutedLocalExecution_inputPolynomiallyBounded' does not depend on any axioms
info: RelationalPerimeter/Computation/ConstitutiveSearch/SAT/TrajectoryConstitutedLocalSchedule.lean:956:0: 'ConstitutiveSearch.SAT.explicitFamilyConstitutedLocalExecutionComposition_inputPolynomiallyBounded' does not depend on any axioms
info: RelationalPerimeter/Computation/ConstitutiveSearch/SAT/TrajectoryConstitutedLocalSchedule.lean:957:0: 'ConstitutiveSearch.SAT.explicitFamilyConstitutedLocalValidation_inputPolynomiallyBounded' does not depend on any axioms
ℹ [70/106] Replayed RelationalPerimeter.Computation.ConstitutiveSearch.SAT.SecondAuditCausalBenchmark
info: RelationalPerimeter/Computation/ConstitutiveSearch/SAT/SecondAuditCausalBenchmark.lean:1563:0: 'ConstitutiveSearch.SAT.extractClauseCandidateRun' does not depend on any axioms
info: RelationalPerimeter/Computation/ConstitutiveSearch/SAT/SecondAuditCausalBenchmark.lean:1564:0: 'ConstitutiveSearch.SAT.extractCnfCandidateRun' does not depend on any axioms
info: RelationalPerimeter/Computation/ConstitutiveSearch/SAT/SecondAuditCausalBenchmark.lean:1565:0: 'ConstitutiveSearch.SAT.extractClauseCandidateRun_candidates' does not depend on any axioms
info: RelationalPerimeter/Computation/ConstitutiveSearch/SAT/SecondAuditCausalBenchmark.lean:1566:0: 'ConstitutiveSearch.SAT.extractCnfCandidateRun_candidates' does not depend on any axioms
info: RelationalPerimeter/Computation/ConstitutiveSearch/SAT/SecondAuditCausalBenchmark.lean:1567:0: 'ConstitutiveSearch.SAT.extractClauseCandidateRun_candidatesEmitted' does not depend on any axioms
info: RelationalPerimeter/Computation/ConstitutiveSearch/SAT/SecondAuditCausalBenchmark.lean:1568:0: 'ConstitutiveSearch.SAT.extractCnfCandidateRun_candidatesEmitted' does not depend on any axioms
info: RelationalPerimeter/Computation/ConstitutiveSearch/SAT/SecondAuditCausalBenchmark.lean:1569:0: 'ConstitutiveSearch.SAT.runCandidateExtraction_candidatesEmitted' does not depend on any axioms
info: RelationalPerimeter/Computation/ConstitutiveSearch/SAT/SecondAuditCausalBenchmark.lean:1570:0: 'ConstitutiveSearch.SAT.runCandidateExtraction' does not depend on any axioms
info: RelationalPerimeter/Computation/ConstitutiveSearch/SAT/SecondAuditCausalBenchmark.lean:1571:0: 'ConstitutiveSearch.SAT.extractStructuralCandidates' does not depend on any axioms
info: RelationalPerimeter/Computation/ConstitutiveSearch/SAT/SecondAuditCausalBenchmark.lean:1572:0: 'ConstitutiveSearch.SAT.tryEndogenousFlipCandidate' does not depend on any axioms
info: RelationalPerimeter/Computation/ConstitutiveSearch/SAT/SecondAuditCausalBenchmark.lean:1573:0: 'ConstitutiveSearch.SAT.tryEndogenousFlipCandidate_none_of_formula_mismatch' does not depend on any axioms
info: RelationalPerimeter/Computation/ConstitutiveSearch/SAT/SecondAuditCausalBenchmark.lean:1574:0: 'ConstitutiveSearch.SAT.exploreStructuralCandidates' does not depend on any axioms
info: RelationalPerimeter/Computation/ConstitutiveSearch/SAT/SecondAuditCausalBenchmark.lean:1575:0: 'ConstitutiveSearch.SAT.runEndogenousFlipDiscovery' does not depend on any axioms
info: RelationalPerimeter/Computation/ConstitutiveSearch/SAT/SecondAuditCausalBenchmark.lean:1576:0: 'ConstitutiveSearch.SAT.DiscoverySchedule' does not depend on any axioms
info: RelationalPerimeter/Computation/ConstitutiveSearch/SAT/SecondAuditCausalBenchmark.lean:1577:0: 'ConstitutiveSearch.SAT.DiscoveryScheduleProductionRun' does not depend on any axioms
info: RelationalPerimeter/Computation/ConstitutiveSearch/SAT/SecondAuditCausalBenchmark.lean:1578:0: 'ConstitutiveSearch.SAT.runDiscoveryScheduleProduction' does not depend on any axioms
info: RelationalPerimeter/Computation/ConstitutiveSearch/SAT/SecondAuditCausalBenchmark.lean:1579:0: 'ConstitutiveSearch.SAT.runDiscoveryScheduleProduction_atoms' does not depend on any axioms
info: RelationalPerimeter/Computation/ConstitutiveSearch/SAT/SecondAuditCausalBenchmark.lean:1580:0: 'ConstitutiveSearch.SAT.runDiscoveryScheduleValidation_queries' does not depend on any axioms
info: RelationalPerimeter/Computation/ConstitutiveSearch/SAT/SecondAuditCausalBenchmark.lean:1581:0: 'ConstitutiveSearch.SAT.runDiscoveryScheduleValidation_validatedAtoms' does not depend on any axioms
info: RelationalPerimeter/Computation/ConstitutiveSearch/SAT/SecondAuditCausalBenchmark.lean:1582:0: 'ConstitutiveSearch.SAT.validateDiscoverySchedule' does not depend on any axioms
info: RelationalPerimeter/Computation/ConstitutiveSearch/SAT/SecondAuditCausalBenchmark.lean:1583:0: 'ConstitutiveSearch.SAT.executeValidatedDiscoverySchedule' does not depend on any axioms
info: RelationalPerimeter/Computation/ConstitutiveSearch/SAT/SecondAuditCausalBenchmark.lean:1584:0: 'ConstitutiveSearch.SAT.executeValidatedDiscoverySchedule_stats' does not depend on any axioms
info: RelationalPerimeter/Computation/ConstitutiveSearch/SAT/SecondAuditCausalBenchmark.lean:1585:0: 'ConstitutiveSearch.SAT.ExecutedDiscoverySchedule.producedState' does not depend on any axioms
info: RelationalPerimeter/Computation/ConstitutiveSearch/SAT/SecondAuditCausalBenchmark.lean:1586:0: 'ConstitutiveSearch.SAT.ExecutedDiscoverySchedule.producedState_eq_target' does not depend on any axioms
info: RelationalPerimeter/Computation/ConstitutiveSearch/SAT/SecondAuditCausalBenchmark.lean:1587:0: 'ConstitutiveSearch.SAT.terminalFromExecution' does not depend on any axioms
info: RelationalPerimeter/Computation/ConstitutiveSearch/SAT/SecondAuditCausalBenchmark.lean:1588:0: 'ConstitutiveSearch.SAT.ExecutedTerminalArtifact.scan_from_execution' does not depend on any axioms
info: RelationalPerimeter/Computation/ConstitutiveSearch/SAT/SecondAuditCausalBenchmark.lean:1589:0: 'ConstitutiveSearch.SAT.decideExecutedTerminal' does not depend on any axioms
info: RelationalPerimeter/Computation/ConstitutiveSearch/SAT/SecondAuditCausalBenchmark.lean:1590:0: 'ConstitutiveSearch.SAT.causalDecision_discovery_found' does not depend on any axioms
info: RelationalPerimeter/Computation/ConstitutiveSearch/SAT/SecondAuditCausalBenchmark.lean:1591:0: 'ConstitutiveSearch.SAT.causalDecisionAfterDiscovery_terminal_formula' does not depend on any axioms
info: RelationalPerimeter/Computation/ConstitutiveSearch/SAT/SecondAuditCausalBenchmark.lean:1592:0: 'ConstitutiveSearch.SAT.causalDecision_accept_iff_signal' does not depend on any axioms
info: RelationalPerimeter/Computation/ConstitutiveSearch/SAT/SecondAuditCausalBenchmark.lean:1593:0: 'ConstitutiveSearch.SAT.causalDecisionYesInput_accepts' does not depend on any axioms
info: RelationalPerimeter/Computation/ConstitutiveSearch/SAT/SecondAuditCausalBenchmark.lean:1594:0: 'ConstitutiveSearch.SAT.causalDecisionNoInput_rejects' does not depend on any axioms
info: RelationalPerimeter/Computation/ConstitutiveSearch/SAT/SecondAuditCausalBenchmark.lean:1595:0: 'ConstitutiveSearch.SAT.causalDecisionYesInput_strict' does not depend on any axioms
info: RelationalPerimeter/Computation/ConstitutiveSearch/SAT/SecondAuditCausalBenchmark.lean:1596:0: 'ConstitutiveSearch.SAT.causalDecisionNoInput_strict' does not depend on any axioms
info: RelationalPerimeter/Computation/ConstitutiveSearch/SAT/SecondAuditCausalBenchmark.lean:1597:0: 'ConstitutiveSearch.SAT.causalDecisionAfterDiscovery_correct' does not depend on any axioms
info: RelationalPerimeter/Computation/ConstitutiveSearch/SAT/SecondAuditCausalBenchmark.lean:1598:0: 'ConstitutiveSearch.SAT.executedTerminalArtifact_selected_formula' does not depend on any axioms
info: RelationalPerimeter/Computation/ConstitutiveSearch/SAT/SecondAuditCausalBenchmark.lean:1599:0: 'ConstitutiveSearch.SAT.decideExecutedTerminal_selected_correct' does not depend on any axioms
info: RelationalPerimeter/Computation/ConstitutiveSearch/SAT/SecondAuditCausalBenchmark.lean:1600:0: 'ConstitutiveSearch.SAT.causalDecisionStatsFromPhases' does not depend on any axioms
info: RelationalPerimeter/Computation/ConstitutiveSearch/SAT/SecondAuditCausalBenchmark.lean:1601:0: 'ConstitutiveSearch.SAT.CausalDecisionCertifiedRun' does not depend on any axioms
info: RelationalPerimeter/Computation/ConstitutiveSearch/SAT/SecondAuditCausalBenchmark.lean:1602:0: 'ConstitutiveSearch.SAT.executeCausalDecisionCertified' does not depend on any axioms
info: RelationalPerimeter/Computation/ConstitutiveSearch/SAT/SecondAuditCausalBenchmark.lean:1603:0: 'ConstitutiveSearch.SAT.CausalDecisionCertifiedRun.discovery_from_actual_run' does not depend on any axioms
info: RelationalPerimeter/Computation/ConstitutiveSearch/SAT/SecondAuditCausalBenchmark.lean:1604:0: 'ConstitutiveSearch.SAT.CausalDecisionCertifiedRun.result_correct' does not depend on any axioms
info: RelationalPerimeter/Computation/ConstitutiveSearch/SAT/SecondAuditCausalBenchmark.lean:1605:0: 'ConstitutiveSearch.SAT.CausalDecisionCertifiedRun.execution_found' does not depend on any axioms
info: RelationalPerimeter/Computation/ConstitutiveSearch/SAT/SecondAuditCausalBenchmark.lean:1606:0: 'ConstitutiveSearch.SAT.CausalDecisionCertifiedRun.terminal_from_execution' does not depend on any axioms
info: RelationalPerimeter/Computation/ConstitutiveSearch/SAT/SecondAuditCausalBenchmark.lean:1607:0: 'ConstitutiveSearch.SAT.executeCausalDecision' does not depend on any axioms
info: RelationalPerimeter/Computation/ConstitutiveSearch/SAT/SecondAuditCausalBenchmark.lean:1608:0: 'ConstitutiveSearch.SAT.executeCausalDecision_correct' does not depend on any axioms
info: RelationalPerimeter/Computation/ConstitutiveSearch/SAT/SecondAuditCausalBenchmark.lean:1609:0: 'ConstitutiveSearch.SAT.executeCausalDecision_terminalProduced' does not depend on any axioms
ℹ [71/106] Replayed RelationalPerimeter.Computation.ConstitutiveSearch.SAT.GrowingDiscoveryBenchmark
info: RelationalPerimeter/Computation/ConstitutiveSearch/SAT/GrowingDiscoveryBenchmark.lean:1458:0: 'ConstitutiveSearch.SAT.copiesBefore' does not depend on any axioms
info: RelationalPerimeter/Computation/ConstitutiveSearch/SAT/GrowingDiscoveryBenchmark.lean:1459:0: 'ConstitutiveSearch.SAT.Clause.candidateVariables_copiesBefore' does not depend on any axioms
info: RelationalPerimeter/Computation/ConstitutiveSearch/SAT/GrowingDiscoveryBenchmark.lean:1460:0: 'ConstitutiveSearch.SAT.extractClauseCandidateRun_copiesBefore_literalVisits' does not depend on any axioms
info: RelationalPerimeter/Computation/ConstitutiveSearch/SAT/GrowingDiscoveryBenchmark.lean:1461:0: 'ConstitutiveSearch.SAT.exploreStructuralCandidates_cons_failure' does not depend on any axioms
info: RelationalPerimeter/Computation/ConstitutiveSearch/SAT/GrowingDiscoveryBenchmark.lean:1462:0: 'ConstitutiveSearch.SAT.exploreStructuralCandidates_copiesBefore_failure' does not depend on any axioms
info: RelationalPerimeter/Computation/ConstitutiveSearch/SAT/GrowingDiscoveryBenchmark.lean:1463:0: 'ConstitutiveSearch.SAT.exploreStructuralCandidates_cons_success' does not depend on any axioms
info: RelationalPerimeter/Computation/ConstitutiveSearch/SAT/GrowingDiscoveryBenchmark.lean:1464:0: 'ConstitutiveSearch.SAT.growingDiscoveryFormula' does not depend on any axioms
info: RelationalPerimeter/Computation/ConstitutiveSearch/SAT/GrowingDiscoveryBenchmark.lean:1465:0: 'ConstitutiveSearch.SAT.growingDiscoveryAnchor_ne_split' does not depend on any axioms
info: RelationalPerimeter/Computation/ConstitutiveSearch/SAT/GrowingDiscoveryBenchmark.lean:1466:0: 'ConstitutiveSearch.SAT.growingDiscoveryDecoy_ne_split' does not depend on any axioms
info: RelationalPerimeter/Computation/ConstitutiveSearch/SAT/GrowingDiscoveryBenchmark.lean:1467:0: 'ConstitutiveSearch.SAT.Clause.copiesBefore_positiveZero_avoids' does not depend on any axioms
info: RelationalPerimeter/Computation/ConstitutiveSearch/SAT/GrowingDiscoveryBenchmark.lean:1468:0: 'ConstitutiveSearch.SAT.Cnf.flipAt_length' does not depend on any axioms
info: RelationalPerimeter/Computation/ConstitutiveSearch/SAT/GrowingDiscoveryBenchmark.lean:1469:0: 'ConstitutiveSearch.SAT.growingDiscoveryDecoyClause_avoids_split' does not depend on any axioms
info: RelationalPerimeter/Computation/ConstitutiveSearch/SAT/GrowingDiscoveryBenchmark.lean:1470:0: 'ConstitutiveSearch.SAT.growingDiscoveryBody_avoids_decoy' does not depend on any axioms
info: RelationalPerimeter/Computation/ConstitutiveSearch/SAT/GrowingDiscoveryBenchmark.lean:1471:0: 'ConstitutiveSearch.SAT.growingDiscovery_flipSymmetric' does not depend on any axioms
info: RelationalPerimeter/Computation/ConstitutiveSearch/SAT/GrowingDiscoveryBenchmark.lean:1472:0: 'ConstitutiveSearch.SAT.growingDiscoveryDecoyFalse_formula' does not depend on any axioms
info: RelationalPerimeter/Computation/ConstitutiveSearch/SAT/GrowingDiscoveryBenchmark.lean:1473:0: 'ConstitutiveSearch.SAT.growingDiscoveryDecoyTrue_formula' does not depend on any axioms
info: RelationalPerimeter/Computation/ConstitutiveSearch/SAT/GrowingDiscoveryBenchmark.lean:1474:0: 'ConstitutiveSearch.SAT.growingDiscoveryBody_ne_flipFormula' does not depend on any axioms
info: RelationalPerimeter/Computation/ConstitutiveSearch/SAT/GrowingDiscoveryBenchmark.lean:1475:0: 'ConstitutiveSearch.SAT.growingDiscoveryDecoy_formula_mismatch' does not depend on any axioms
info: RelationalPerimeter/Computation/ConstitutiveSearch/SAT/GrowingDiscoveryBenchmark.lean:1476:0: 'ConstitutiveSearch.SAT.growingDiscoveryDecoyCandidate_none' does not depend on any axioms
info: RelationalPerimeter/Computation/ConstitutiveSearch/SAT/GrowingDiscoveryBenchmark.lean:1477:0: 'ConstitutiveSearch.SAT.growingDiscoveryExpectedRelation' does not depend on any axioms
info: RelationalPerimeter/Computation/ConstitutiveSearch/SAT/GrowingDiscoveryBenchmark.lean:1478:0: 'ConstitutiveSearch.SAT.growingDiscoveryUsefulCandidate_found' does not depend on any axioms
info: RelationalPerimeter/Computation/ConstitutiveSearch/SAT/GrowingDiscoveryBenchmark.lean:1479:0: 'ConstitutiveSearch.SAT.growingDiscovery_candidates' does not depend on any axioms
info: RelationalPerimeter/Computation/ConstitutiveSearch/SAT/GrowingDiscoveryBenchmark.lean:1480:0: 'ConstitutiveSearch.SAT.growingDiscovery_extraction_stats' does not depend on any axioms
info: RelationalPerimeter/Computation/ConstitutiveSearch/SAT/GrowingDiscoveryBenchmark.lean:1481:0: 'ConstitutiveSearch.SAT.growingDiscovery_found_after_exact_attempts' does not depend on any axioms
info: RelationalPerimeter/Computation/ConstitutiveSearch/SAT/GrowingDiscoveryBenchmark.lean:1482:0: 'ConstitutiveSearch.SAT.distinctDecoyVariables' does not depend on any axioms
info: RelationalPerimeter/Computation/ConstitutiveSearch/SAT/GrowingDiscoveryBenchmark.lean:1483:0: 'ConstitutiveSearch.SAT.distinctDecoyVariables_mem_lt' does not depend on any axioms
info: RelationalPerimeter/Computation/ConstitutiveSearch/SAT/GrowingDiscoveryBenchmark.lean:1484:0: 'ConstitutiveSearch.SAT.distinctDecoyClause_contains_positive' does not depend on any axioms
info: RelationalPerimeter/Computation/ConstitutiveSearch/SAT/GrowingDiscoveryBenchmark.lean:1485:0: 'ConstitutiveSearch.SAT.distinctDecoyClause_contains_negative_false' does not depend on any axioms
info: RelationalPerimeter/Computation/ConstitutiveSearch/SAT/GrowingDiscoveryBenchmark.lean:1486:0: 'ConstitutiveSearch.SAT.exploreStructuralCandidates_append_failure' does not depend on any axioms
info: RelationalPerimeter/Computation/ConstitutiveSearch/SAT/GrowingDiscoveryBenchmark.lean:1487:0: 'ConstitutiveSearch.SAT.distinctGrowingDiscoveryFormula' does not depend on any axioms
info: RelationalPerimeter/Computation/ConstitutiveSearch/SAT/GrowingDiscoveryBenchmark.lean:1488:0: 'ConstitutiveSearch.SAT.distinctDecoyClause_avoids_split' does not depend on any axioms
info: RelationalPerimeter/Computation/ConstitutiveSearch/SAT/GrowingDiscoveryBenchmark.lean:1489:0: 'ConstitutiveSearch.SAT.distinctGrowingDiscoveryBody_avoids_candidate' does not depend on any axioms
info: RelationalPerimeter/Computation/ConstitutiveSearch/SAT/GrowingDiscoveryBenchmark.lean:1490:0: 'ConstitutiveSearch.SAT.distinctGrowingDiscovery_flipSymmetric' does not depend on any axioms
info: RelationalPerimeter/Computation/ConstitutiveSearch/SAT/GrowingDiscoveryBenchmark.lean:1491:0: 'ConstitutiveSearch.SAT.distinctGrowingDiscoveryDecoy_formula_mismatch' does not depend on any axioms
info: RelationalPerimeter/Computation/ConstitutiveSearch/SAT/GrowingDiscoveryBenchmark.lean:1492:0: 'ConstitutiveSearch.SAT.distinctGrowingDiscoveryDecoyCandidate_none' does not depend on any axioms
info: RelationalPerimeter/Computation/ConstitutiveSearch/SAT/GrowingDiscoveryBenchmark.lean:1493:0: 'ConstitutiveSearch.SAT.distinctDecoyVariables_nodup' does not depend on any axioms
info: RelationalPerimeter/Computation/ConstitutiveSearch/SAT/GrowingDiscoveryBenchmark.lean:1494:0: 'ConstitutiveSearch.SAT.distinctGrowingDiscoveryExpectedRelation' does not depend on any axioms
info: RelationalPerimeter/Computation/ConstitutiveSearch/SAT/GrowingDiscoveryBenchmark.lean:1495:0: 'ConstitutiveSearch.SAT.distinctGrowingDiscoveryUsefulCandidate_found' does not depend on any axioms
info: RelationalPerimeter/Computation/ConstitutiveSearch/SAT/GrowingDiscoveryBenchmark.lean:1496:0: 'ConstitutiveSearch.SAT.distinctGrowingDiscovery_candidates' does not depend on any axioms
info: RelationalPerimeter/Computation/ConstitutiveSearch/SAT/GrowingDiscoveryBenchmark.lean:1497:0: 'ConstitutiveSearch.SAT.distinctGrowingDiscovery_extraction_stats' does not depend on any axioms
info: RelationalPerimeter/Computation/ConstitutiveSearch/SAT/GrowingDiscoveryBenchmark.lean:1498:0: 'ConstitutiveSearch.SAT.distinctGrowingDiscovery_found_after_exact_attempts' does not depend on any axioms
info: RelationalPerimeter/Computation/ConstitutiveSearch/SAT/GrowingDiscoveryBenchmark.lean:1499:0: 'ConstitutiveSearch.SAT.distinctGrowingDiscovery_attempts_strict' does not depend on any axioms
ℹ [72/106] Replayed RelationalPerimeter.Computation.ConstitutiveSearch.EndogenousDecomposition.ConstitutiveOperationalStage
info: RelationalPerimeter/Computation/ConstitutiveSearch/EndogenousDecomposition/ConstitutiveOperationalStage.lean:294:0: 'ConstitutiveSearch.EndogenousDecomposition.CanonicalStageGeneration' does not depend on any axioms
info: RelationalPerimeter/Computation/ConstitutiveSearch/EndogenousDecomposition/ConstitutiveOperationalStage.lean:295:0: 'ConstitutiveSearch.EndogenousDecomposition.generateCanonicalStageFromSource' does not depend on any axioms
info: RelationalPerimeter/Computation/ConstitutiveSearch/EndogenousDecomposition/ConstitutiveOperationalStage.lean:296:0: 'ConstitutiveSearch.EndogenousDecomposition.generateCanonicalStageFromSource_exact' does not depend on any axioms
info: RelationalPerimeter/Computation/ConstitutiveSearch/EndogenousDecomposition/ConstitutiveOperationalStage.lean:297:0: 'ConstitutiveSearch.EndogenousDecomposition.constitutedOperationalIndex_succ' does not depend on any axioms
info: RelationalPerimeter/Computation/ConstitutiveSearch/EndogenousDecomposition/ConstitutiveOperationalStage.lean:298:0: 'ConstitutiveSearch.EndogenousDecomposition.constitutedOperationalIndex_exact' does not depend on any axioms
info: RelationalPerimeter/Computation/ConstitutiveSearch/EndogenousDecomposition/ConstitutiveOperationalStage.lean:299:0: 'ConstitutiveSearch.EndogenousDecomposition.constitutedSearchIndex_succ' does not depend on any axioms
info: RelationalPerimeter/Computation/ConstitutiveSearch/EndogenousDecomposition/ConstitutiveOperationalStage.lean:300:0: 'ConstitutiveSearch.EndogenousDecomposition.constitutedSearchIndex_exact' does not depend on any axioms
info: RelationalPerimeter/Computation/ConstitutiveSearch/EndogenousDecomposition/ConstitutiveOperationalStage.lean:301:0: 'ConstitutiveSearch.EndogenousDecomposition.constitutedSearchIndex_linear' does not depend on any axioms
info: RelationalPerimeter/Computation/ConstitutiveSearch/EndogenousDecomposition/ConstitutiveOperationalStage.lean:302:0: 'ConstitutiveSearch.EndogenousDecomposition.constitutedSearchIndex_next_add_five' does not depend on any axioms
info: RelationalPerimeter/Computation/ConstitutiveSearch/EndogenousDecomposition/ConstitutiveOperationalStage.lean:303:0: 'ConstitutiveSearch.EndogenousDecomposition.constitutedSearchIndex_next_add_two' does not depend on any axioms
info: RelationalPerimeter/Computation/ConstitutiveSearch/EndogenousDecomposition/ConstitutiveOperationalStage.lean:304:0: 'ConstitutiveSearch.EndogenousDecomposition.constructStage' does not depend on any axioms
info: RelationalPerimeter/Computation/ConstitutiveSearch/EndogenousDecomposition/ConstitutiveOperationalStage.lean:305:0: 'ConstitutiveSearch.EndogenousDecomposition.generateCanonicalStage' does not depend on any axioms
info: RelationalPerimeter/Computation/ConstitutiveSearch/EndogenousDecomposition/ConstitutiveOperationalStage.lean:306:0: 'ConstitutiveSearch.EndogenousDecomposition.generateCanonicalStage_index_advances' does not depend on any axioms
info: RelationalPerimeter/Computation/ConstitutiveSearch/EndogenousDecomposition/ConstitutiveOperationalStage.lean:307:0: 'ConstitutiveSearch.EndogenousDecomposition.generateCanonicalStage_searchIndex_advances' does not depend on any axioms
info: RelationalPerimeter/Computation/ConstitutiveSearch/EndogenousDecomposition/ConstitutiveOperationalStage.lean:308:0: 'ConstitutiveSearch.EndogenousDecomposition.constitutedOldOccurrence_persists' does not depend on any axioms
info: RelationalPerimeter/Computation/ConstitutiveSearch/EndogenousDecomposition/ConstitutiveOperationalStage.lean:309:0: 'ConstitutiveSearch.EndogenousDecomposition.constitutedOccurrence_order_preserved' does not depend on any axioms
info: RelationalPerimeter/Computation/ConstitutiveSearch/EndogenousDecomposition/ConstitutiveOperationalStage.lean:310:0: 'ConstitutiveSearch.EndogenousDecomposition.constitutedFreshOccurrence_isLast' does not depend on any axioms
info: RelationalPerimeter/Computation/ConstitutiveSearch/EndogenousDecomposition/ConstitutiveOperationalStage.lean:311:0: 'ConstitutiveSearch.EndogenousDecomposition.constitutedOldOccurrence_ne_fresh' does not depend on any axioms
info: RelationalPerimeter/Computation/ConstitutiveSearch/EndogenousDecomposition/ConstitutiveOperationalStage.lean:312:0: 'ConstitutiveSearch.EndogenousDecomposition.constitutiveStageEvidence' does not depend on any axioms
ℹ [73/106] Replayed RelationalPerimeter.Computation.ConstitutiveSearch.EndogenousDecomposition.MeasuredComparison
info: RelationalPerimeter/Computation/ConstitutiveSearch/EndogenousDecomposition/MeasuredComparison.lean:135:0: 'ConstitutiveSearch.EndogenousDecomposition.compareUnary' does not depend on any axioms
info: RelationalPerimeter/Computation/ConstitutiveSearch/EndogenousDecomposition/MeasuredComparison.lean:136:0: 'ConstitutiveSearch.EndogenousDecomposition.compareUnary_steps_le' does not depend on any axioms
info: RelationalPerimeter/Computation/ConstitutiveSearch/EndogenousDecomposition/MeasuredComparison.lean:137:0: 'ConstitutiveSearch.EndogenousDecomposition.compareUnary_self_steps' does not depend on any axioms
info: RelationalPerimeter/Computation/ConstitutiveSearch/EndogenousDecomposition/MeasuredComparison.lean:138:0: 'ConstitutiveSearch.EndogenousDecomposition.compareMeasuredList' does not depend on any axioms
info: RelationalPerimeter/Computation/ConstitutiveSearch/EndogenousDecomposition/MeasuredComparison.lean:139:0: 'ConstitutiveSearch.EndogenousDecomposition.compareMeasuredLiteral' does not depend on any axioms
info: RelationalPerimeter/Computation/ConstitutiveSearch/EndogenousDecomposition/MeasuredComparison.lean:140:0: 'ConstitutiveSearch.EndogenousDecomposition.compareMeasuredCnf' does not depend on any axioms
info: RelationalPerimeter/Computation/ConstitutiveSearch/EndogenousDecomposition/MeasuredComparison.lean:141:0: 'ConstitutiveSearch.EndogenousDecomposition.compareMeasuredDecision' does not depend on any axioms
info: RelationalPerimeter/Computation/ConstitutiveSearch/EndogenousDecomposition/MeasuredComparison.lean:142:0: 'ConstitutiveSearch.EndogenousDecomposition.compareMeasuredHistory' does not depend on any axioms
info: RelationalPerimeter/Computation/ConstitutiveSearch/EndogenousDecomposition/MeasuredComparison.lean:143:0: 'ConstitutiveSearch.EndogenousDecomposition.measuredComparison_short_circuits' does not depend on any axioms
info: RelationalPerimeter/Computation/ConstitutiveSearch/EndogenousDecomposition/MeasuredComparison.lean:144:0: 'ConstitutiveSearch.EndogenousDecomposition.measuredComparison_label_work_grows' does not depend on any axioms
ℹ [74/106] Replayed RelationalPerimeter.Computation.ConstitutiveSearch.EndogenousDecomposition.MeasuredTransformation
info: RelationalPerimeter/Computation/ConstitutiveSearch/EndogenousDecomposition/MeasuredTransformation.lean:87:0: 'ConstitutiveSearch.EndogenousDecomposition.flipMeasuredLiteral' does not depend on any axioms
info: RelationalPerimeter/Computation/ConstitutiveSearch/EndogenousDecomposition/MeasuredTransformation.lean:88:0: 'ConstitutiveSearch.EndogenousDecomposition.flipMeasuredClause' does not depend on any axioms
info: RelationalPerimeter/Computation/ConstitutiveSearch/EndogenousDecomposition/MeasuredTransformation.lean:89:0: 'ConstitutiveSearch.EndogenousDecomposition.flipMeasuredCnf' does not depend on any axioms
info: RelationalPerimeter/Computation/ConstitutiveSearch/EndogenousDecomposition/MeasuredTransformation.lean:90:0: 'ConstitutiveSearch.EndogenousDecomposition.flipMeasuredDecision' does not depend on any axioms
info: RelationalPerimeter/Computation/ConstitutiveSearch/EndogenousDecomposition/MeasuredTransformation.lean:91:0: 'ConstitutiveSearch.EndogenousDecomposition.flipMeasuredHistory' does not depend on any axioms
info: RelationalPerimeter/Computation/ConstitutiveSearch/EndogenousDecomposition/MeasuredTransformation.lean:92:0: 'ConstitutiveSearch.EndogenousDecomposition.checkMeasuredFreshness' does not depend on any axioms
ℹ [75/106] Replayed RelationalPerimeter.Computation.ConstitutiveSearch.EndogenousDecomposition.MeasuredStateConstruction
info: RelationalPerimeter/Computation/ConstitutiveSearch/EndogenousDecomposition/MeasuredStateConstruction.lean:85:0: 'ConstitutiveSearch.EndogenousDecomposition.containsMeasuredLiteral' does not depend on any axioms
info: RelationalPerimeter/Computation/ConstitutiveSearch/EndogenousDecomposition/MeasuredStateConstruction.lean:86:0: 'ConstitutiveSearch.EndogenousDecomposition.constructMeasuredResidual' does not depend on any axioms
info: RelationalPerimeter/Computation/ConstitutiveSearch/EndogenousDecomposition/MeasuredStateConstruction.lean:87:0: 'ConstitutiveSearch.EndogenousDecomposition.constructMeasuredChild' does not depend on any axioms
info: RelationalPerimeter/Computation/ConstitutiveSearch/EndogenousDecomposition/MeasuredStateConstruction.lean:88:0: 'ConstitutiveSearch.EndogenousDecomposition.childFromMeasuredResidual' does not depend on any axioms
info: RelationalPerimeter/Computation/ConstitutiveSearch/EndogenousDecomposition/MeasuredStateConstruction.lean:89:0: 'ConstitutiveSearch.EndogenousDecomposition.childFromMeasuredResidual_exact' does not depend on any axioms
info: RelationalPerimeter/Computation/ConstitutiveSearch/EndogenousDecomposition/MeasuredStateConstruction.lean:90:0: 'ConstitutiveSearch.EndogenousDecomposition.constructMeasuredChild_consumes_residual' does not depend on any axioms
ℹ [76/106] Replayed RelationalPerimeter.Computation.ConstitutiveSearch.EndogenousDecomposition.MeasuredDiscovery
info: RelationalPerimeter/Computation/ConstitutiveSearch/EndogenousDecomposition/MeasuredDiscovery.lean:194:0: 'ConstitutiveSearch.EndogenousDecomposition.searchMeasuredRelation' does not depend on any axioms
info: RelationalPerimeter/Computation/ConstitutiveSearch/EndogenousDecomposition/MeasuredDiscovery.lean:195:0: 'ConstitutiveSearch.EndogenousDecomposition.searchMeasuredRelation_exact' does not depend on any axioms
info: RelationalPerimeter/Computation/ConstitutiveSearch/EndogenousDecomposition/MeasuredDiscovery.lean:196:0: 'ConstitutiveSearch.EndogenousDecomposition.tryMeasuredCandidate' does not depend on any axioms
info: RelationalPerimeter/Computation/ConstitutiveSearch/EndogenousDecomposition/MeasuredDiscovery.lean:197:0: 'ConstitutiveSearch.EndogenousDecomposition.tryMeasuredCandidate_exact' does not depend on any axioms
info: RelationalPerimeter/Computation/ConstitutiveSearch/EndogenousDecomposition/MeasuredDiscovery.lean:198:0: 'ConstitutiveSearch.EndogenousDecomposition.searchMeasuredRelationFromData' does not depend on any axioms
info: RelationalPerimeter/Computation/ConstitutiveSearch/EndogenousDecomposition/MeasuredDiscovery.lean:199:0: 'ConstitutiveSearch.EndogenousDecomposition.searchMeasuredRelationFromData_exact' does not depend on any axioms
info: RelationalPerimeter/Computation/ConstitutiveSearch/EndogenousDecomposition/MeasuredDiscovery.lean:200:0: 'ConstitutiveSearch.EndogenousDecomposition.searchMeasuredRelationFromData_preserves_work' does not depend on any axioms
info: RelationalPerimeter/Computation/ConstitutiveSearch/EndogenousDecomposition/MeasuredDiscovery.lean:201:0: 'ConstitutiveSearch.EndogenousDecomposition.ProducedFlipCandidate.entry' does not depend on any axioms
info: RelationalPerimeter/Computation/ConstitutiveSearch/EndogenousDecomposition/MeasuredDiscovery.lean:202:0: 'ConstitutiveSearch.EndogenousDecomposition.ProducedFlipCandidate.entry_exact' does not depend on any axioms
ℹ [77/106] Replayed RelationalPerimeter.Computation.ConstitutiveSearch.EndogenousDecomposition.MeasuredComparisonBounds
info: RelationalPerimeter/Computation/ConstitutiveSearch/EndogenousDecomposition/MeasuredComparisonBounds.lean:165:0: 'ConstitutiveSearch.EndogenousDecomposition.ComparisonWork.total_add' does not depend on any axioms
info: RelationalPerimeter/Computation/ConstitutiveSearch/EndogenousDecomposition/MeasuredComparisonBounds.lean:166:0: 'ConstitutiveSearch.EndogenousDecomposition.ComparisonWork.total_visit' does not depend on any axioms
info: RelationalPerimeter/Computation/ConstitutiveSearch/EndogenousDecomposition/MeasuredComparisonBounds.lean:167:0: 'ConstitutiveSearch.EndogenousDecomposition.compareUnary_total_le' does not depend on any axioms
info: RelationalPerimeter/Computation/ConstitutiveSearch/EndogenousDecomposition/MeasuredComparisonBounds.lean:168:0: 'ConstitutiveSearch.EndogenousDecomposition.compareMeasuredList_bound' does not depend on any axioms
info: RelationalPerimeter/Computation/ConstitutiveSearch/EndogenousDecomposition/MeasuredComparisonBounds.lean:169:0: 'ConstitutiveSearch.EndogenousDecomposition.compareMeasuredLiteral_bound' does not depend on any axioms
info: RelationalPerimeter/Computation/ConstitutiveSearch/EndogenousDecomposition/MeasuredComparisonBounds.lean:170:0: 'ConstitutiveSearch.EndogenousDecomposition.compareMeasuredCnf_bound' does not depend on any axioms
info: RelationalPerimeter/Computation/ConstitutiveSearch/EndogenousDecomposition/MeasuredComparisonBounds.lean:171:0: 'ConstitutiveSearch.EndogenousDecomposition.flipMeasuredLiteral_bound' does not depend on any axioms
info: RelationalPerimeter/Computation/ConstitutiveSearch/EndogenousDecomposition/MeasuredComparisonBounds.lean:172:0: 'ConstitutiveSearch.EndogenousDecomposition.flipMeasuredClause_bound' does not depend on any axioms
info: RelationalPerimeter/Computation/ConstitutiveSearch/EndogenousDecomposition/MeasuredComparisonBounds.lean:173:0: 'ConstitutiveSearch.EndogenousDecomposition.flipMeasuredCnf_bound' does not depend on any axioms
info: RelationalPerimeter/Computation/ConstitutiveSearch/EndogenousDecomposition/MeasuredComparisonBounds.lean:174:0: 'ConstitutiveSearch.EndogenousDecomposition.containsMeasuredLiteral_bound' does not depend on any axioms
info: RelationalPerimeter/Computation/ConstitutiveSearch/EndogenousDecomposition/MeasuredComparisonBounds.lean:175:0: 'ConstitutiveSearch.EndogenousDecomposition.constructMeasuredResidual_bound' does not depend on any axioms
info: RelationalPerimeter/Computation/ConstitutiveSearch/EndogenousDecomposition/MeasuredComparisonBounds.lean:176:0: 'ConstitutiveSearch.EndogenousDecomposition.constructMeasuredChild_bound' does not depend on any axioms
ℹ [78/106] Replayed RelationalPerimeter.Computation.ConstitutiveSearch.EndogenousDecomposition.MeasuredRealization
info: RelationalPerimeter/Computation/ConstitutiveSearch/EndogenousDecomposition/MeasuredRealization.lean:80:0: 'ConstitutiveSearch.EndogenousDecomposition.measuredEmptyList' does not depend on any axioms
info: RelationalPerimeter/Computation/ConstitutiveSearch/EndogenousDecomposition/MeasuredRealization.lean:81:0: 'ConstitutiveSearch.EndogenousDecomposition.measuredCons' does not depend on any axioms
info: RelationalPerimeter/Computation/ConstitutiveSearch/EndogenousDecomposition/MeasuredRealization.lean:82:0: 'ConstitutiveSearch.EndogenousDecomposition.measuredLiteral' does not depend on any axioms
info: RelationalPerimeter/Computation/ConstitutiveSearch/EndogenousDecomposition/MeasuredRealization.lean:83:0: 'ConstitutiveSearch.EndogenousDecomposition.constructMeasuredDecoyClause' does not depend on any axioms
info: RelationalPerimeter/Computation/ConstitutiveSearch/EndogenousDecomposition/MeasuredRealization.lean:84:0: 'ConstitutiveSearch.EndogenousDecomposition.constructMeasuredFormula' does not depend on any axioms
info: RelationalPerimeter/Computation/ConstitutiveSearch/EndogenousDecomposition/MeasuredRealization.lean:85:0: 'ConstitutiveSearch.EndogenousDecomposition.constructMeasuredOperationalRoot' does not depend on any axioms
info: RelationalPerimeter/Computation/ConstitutiveSearch/EndogenousDecomposition/MeasuredRealization.lean:86:0: 'ConstitutiveSearch.EndogenousDecomposition.constructMeasuredDecoyClause_work' does not depend on any axioms
info: RelationalPerimeter/Computation/ConstitutiveSearch/EndogenousDecomposition/MeasuredRealization.lean:87:0: 'ConstitutiveSearch.EndogenousDecomposition.constructMeasuredFormula_work' does not depend on any axioms
info: RelationalPerimeter/Computation/ConstitutiveSearch/EndogenousDecomposition/MeasuredRealization.lean:88:0: 'ConstitutiveSearch.EndogenousDecomposition.constructMeasuredOperationalRoot_work' does not depend on any axioms
ℹ [79/106] Replayed RelationalPerimeter.Computation.ConstitutiveSearch.EndogenousDecomposition.EndogenousDiscovery
info: RelationalPerimeter/Computation/ConstitutiveSearch/EndogenousDecomposition/EndogenousDiscovery.lean:801:0: 'ConstitutiveSearch.EndogenousDecomposition.generatedSearchSeed' does not depend on any axioms
info: RelationalPerimeter/Computation/ConstitutiveSearch/EndogenousDecomposition/EndogenousDiscovery.lean:802:0: 'ConstitutiveSearch.EndogenousDecomposition.generatedSearchSeed_exact' does not depend on any axioms
info: RelationalPerimeter/Computation/ConstitutiveSearch/EndogenousDecomposition/EndogenousDiscovery.lean:803:0: 'ConstitutiveSearch.EndogenousDecomposition.measuredGeneratedExtractionFromSeed' does not depend on any axioms
info: RelationalPerimeter/Computation/ConstitutiveSearch/EndogenousDecomposition/EndogenousDiscovery.lean:804:0: 'ConstitutiveSearch.EndogenousDecomposition.measuredGeneratedExtractionFromSeed_eq' does not depend on any axioms
info: RelationalPerimeter/Computation/ConstitutiveSearch/EndogenousDecomposition/EndogenousDiscovery.lean:805:0: 'ConstitutiveSearch.EndogenousDecomposition.measuredGeneratedDiscovery' does not depend on any axioms
info: RelationalPerimeter/Computation/ConstitutiveSearch/EndogenousDecomposition/EndogenousDiscovery.lean:806:0: 'ConstitutiveSearch.EndogenousDecomposition.runRecordedDiscovery' does not depend on any axioms
info: RelationalPerimeter/Computation/ConstitutiveSearch/EndogenousDecomposition/EndogenousDiscovery.lean:807:0: 'ConstitutiveSearch.EndogenousDecomposition.generatedRecordedDiscoveryRun' does not depend on any axioms
info: RelationalPerimeter/Computation/ConstitutiveSearch/EndogenousDecomposition/EndogenousDiscovery.lean:808:0: 'ConstitutiveSearch.EndogenousDecomposition.generatedRecordedDiscoveryRun_exact' does not depend on any axioms
info: RelationalPerimeter/Computation/ConstitutiveSearch/EndogenousDecomposition/EndogenousDiscovery.lean:809:0: 'ConstitutiveSearch.EndogenousDecomposition.stageDiscoveryRun' does not depend on any axioms
info: RelationalPerimeter/Computation/ConstitutiveSearch/EndogenousDecomposition/EndogenousDiscovery.lean:810:0: 'ConstitutiveSearch.EndogenousDecomposition.exploreRecordedCandidates' does not depend on any axioms
info: RelationalPerimeter/Computation/ConstitutiveSearch/EndogenousDecomposition/EndogenousDiscovery.lean:811:0: 'ConstitutiveSearch.EndogenousDecomposition.exploreRecordedCandidates_work_exact' does not depend on any axioms
info: RelationalPerimeter/Computation/ConstitutiveSearch/EndogenousDecomposition/EndogenousDiscovery.lean:812:0: 'ConstitutiveSearch.EndogenousDecomposition.stageRecordedDiscoveryRun' does not depend on any axioms
info: RelationalPerimeter/Computation/ConstitutiveSearch/EndogenousDecomposition/EndogenousDiscovery.lean:813:0: 'ConstitutiveSearch.EndogenousDecomposition.stageRecordedDiscovery_found_after_exact_attempts' does not depend on any axioms
info: RelationalPerimeter/Computation/ConstitutiveSearch/EndogenousDecomposition/EndogenousDiscovery.lean:814:0: 'ConstitutiveSearch.EndogenousDecomposition.stageRecordedDiscovery_tested_length' does not depend on any axioms
info: RelationalPerimeter/Computation/ConstitutiveSearch/EndogenousDecomposition/EndogenousDiscovery.lean:815:0: 'ConstitutiveSearch.EndogenousDecomposition.stageRecordedDiscovery_attempts_strict' does not depend on any axioms
info: RelationalPerimeter/Computation/ConstitutiveSearch/EndogenousDecomposition/EndogenousDiscovery.lean:816:0: 'ConstitutiveSearch.EndogenousDecomposition.stageRecordedDiscovery_ne_none' does not depend on any axioms
info: RelationalPerimeter/Computation/ConstitutiveSearch/EndogenousDecomposition/EndogenousDiscovery.lean:817:0: 'ConstitutiveSearch.EndogenousDecomposition.stageExtractionStats_exact' does not depend on any axioms
info: RelationalPerimeter/Computation/ConstitutiveSearch/EndogenousDecomposition/EndogenousDiscovery.lean:818:0: 'ConstitutiveSearch.EndogenousDecomposition.stageRecordedExtractionStats_exact' does not depend on any axioms
info: RelationalPerimeter/Computation/ConstitutiveSearch/EndogenousDecomposition/EndogenousDiscovery.lean:819:0: 'ConstitutiveSearch.EndogenousDecomposition.stageOperationalRoot_literalCount_exact' does not depend on any axioms
info: RelationalPerimeter/Computation/ConstitutiveSearch/EndogenousDecomposition/EndogenousDiscovery.lean:820:0: 'ConstitutiveSearch.EndogenousDecomposition.stageRecordedDiscovery_detailedWork_exact' does not depend on any axioms
info: RelationalPerimeter/Computation/ConstitutiveSearch/EndogenousDecomposition/EndogenousDiscovery.lean:821:0: 'ConstitutiveSearch.EndogenousDecomposition.stageDiscovery_found_after_exact_attempts' does not depend on any axioms
info: RelationalPerimeter/Computation/ConstitutiveSearch/EndogenousDecomposition/EndogenousDiscovery.lean:822:0: 'ConstitutiveSearch.EndogenousDecomposition.stageDiscovery_attempts_strict' does not depend on any axioms
info: RelationalPerimeter/Computation/ConstitutiveSearch/EndogenousDecomposition/EndogenousDiscovery.lean:823:0: 'ConstitutiveSearch.EndogenousDecomposition.stageExtractionLiteralVisits_strict' does not depend on any axioms
info: RelationalPerimeter/Computation/ConstitutiveSearch/EndogenousDecomposition/EndogenousDiscovery.lean:824:0: 'ConstitutiveSearch.EndogenousDecomposition.stageRecordedExtractionLiteralVisits_strict' does not depend on any axioms
info: RelationalPerimeter/Computation/ConstitutiveSearch/EndogenousDecomposition/EndogenousDiscovery.lean:825:0: 'ConstitutiveSearch.EndogenousDecomposition.stageRecordedFormulaComparisonVisits_strict' does not depend on any axioms
ℹ [80/106] Replayed RelationalPerimeter.Computation.ConstitutiveSearch.ConstitutiveProjectionNonFactorization
info: RelationalPerimeter/Computation/ConstitutiveSearch/ConstitutiveProjectionNonFactorization.lean:118:0: 'ConstitutiveSearch.PredicateFactorsThrough' does not depend on any axioms
info: RelationalPerimeter/Computation/ConstitutiveSearch/ConstitutiveProjectionNonFactorization.lean:119:0: 'ConstitutiveSearch.ValueFactorsThrough' does not depend on any axioms
info: RelationalPerimeter/Computation/ConstitutiveSearch/ConstitutiveProjectionNonFactorization.lean:120:0: 'ConstitutiveSearch.predicate_not_factors_of_same_projection' does not depend on any axioms
info: RelationalPerimeter/Computation/ConstitutiveSearch/ConstitutiveProjectionNonFactorization.lean:121:0: 'ConstitutiveSearch.value_not_factors_of_same_projection' does not depend on any axioms
ℹ [81/106] Replayed RelationalPerimeter.Computation.ConstitutiveSearch.EndogenousDecomposition.OperationalProjection
info: RelationalPerimeter/Computation/ConstitutiveSearch/EndogenousDecomposition/OperationalProjection.lean:498:0: 'ConstitutiveSearch.EndogenousDecomposition.same_projected_formula' does not depend on any axioms
info: RelationalPerimeter/Computation/ConstitutiveSearch/EndogenousDecomposition/OperationalProjection.lean:499:0: 'ConstitutiveSearch.EndogenousDecomposition.projectionSplitVar_from_constitution' does not depend on any axioms
info: RelationalPerimeter/Computation/ConstitutiveSearch/EndogenousDecomposition/OperationalProjection.lean:500:0: 'ConstitutiveSearch.EndogenousDecomposition.projectionRootFormula_from_constitution' does not depend on any axioms
info: RelationalPerimeter/Computation/ConstitutiveSearch/EndogenousDecomposition/OperationalProjection.lean:501:0: 'ConstitutiveSearch.EndogenousDecomposition.compatible_search_found' does not depend on any axioms
info: RelationalPerimeter/Computation/ConstitutiveSearch/EndogenousDecomposition/OperationalProjection.lean:502:0: 'ConstitutiveSearch.EndogenousDecomposition.incompatible_search_missed' does not depend on any axioms
info: RelationalPerimeter/Computation/ConstitutiveSearch/EndogenousDecomposition/OperationalProjection.lean:503:0: 'ConstitutiveSearch.EndogenousDecomposition.compatible_run_exact' does not depend on any axioms
info: RelationalPerimeter/Computation/ConstitutiveSearch/EndogenousDecomposition/OperationalProjection.lean:504:0: 'ConstitutiveSearch.EndogenousDecomposition.incompatible_run_exact' does not depend on any axioms
info: RelationalPerimeter/Computation/ConstitutiveSearch/EndogenousDecomposition/OperationalProjection.lean:505:0: 'ConstitutiveSearch.EndogenousDecomposition.runOperationalProjectionExperiment' does not depend on any axioms
info: RelationalPerimeter/Computation/ConstitutiveSearch/EndogenousDecomposition/OperationalProjection.lean:506:0: 'ConstitutiveSearch.EndogenousDecomposition.projectionExperiment_runs_exact' does not depend on any axioms
info: RelationalPerimeter/Computation/ConstitutiveSearch/EndogenousDecomposition/OperationalProjection.lean:507:0: 'ConstitutiveSearch.EndogenousDecomposition.organizations_constitutively_distinct' does not depend on any axioms
info: RelationalPerimeter/Computation/ConstitutiveSearch/EndogenousDecomposition/OperationalProjection.lean:508:0: 'ConstitutiveSearch.EndogenousDecomposition.operational_observation_not_factors' does not depend on any axioms
info: RelationalPerimeter/Computation/ConstitutiveSearch/EndogenousDecomposition/OperationalProjection.lean:509:0: 'ConstitutiveSearch.EndogenousDecomposition.operational_observation_not_factors_through_input' does not depend on any axioms
ℹ [82/106] Replayed RelationalPerimeter.Computation.ConstitutiveSearch.EndogenousDecomposition.StoredLocalSchedule
info: RelationalPerimeter/Computation/ConstitutiveSearch/EndogenousDecomposition/StoredLocalSchedule.lean:175:0: 'ConstitutiveSearch.EndogenousDecomposition.RecordedDiscoveryOutcome.produceStoredSchedule' does not depend on any axioms
info: RelationalPerimeter/Computation/ConstitutiveSearch/EndogenousDecomposition/StoredLocalSchedule.lean:176:0: 'ConstitutiveSearch.EndogenousDecomposition.validateStoredSchedule' does not depend on any axioms
info: RelationalPerimeter/Computation/ConstitutiveSearch/EndogenousDecomposition/StoredLocalSchedule.lean:177:0: 'ConstitutiveSearch.EndogenousDecomposition.MeasuredScheduleValidation.validated' does not depend on any axioms
info: RelationalPerimeter/Computation/ConstitutiveSearch/EndogenousDecomposition/StoredLocalSchedule.lean:178:0: 'ConstitutiveSearch.EndogenousDecomposition.MeasuredScheduleValidation.validated_exact' does not depend on any axioms
info: RelationalPerimeter/Computation/ConstitutiveSearch/EndogenousDecomposition/StoredLocalSchedule.lean:179:0: 'ConstitutiveSearch.EndogenousDecomposition.executionFromMeasuredSearch_exact' does not depend on any axioms
info: RelationalPerimeter/Computation/ConstitutiveSearch/EndogenousDecomposition/StoredLocalSchedule.lean:180:0: 'ConstitutiveSearch.EndogenousDecomposition.executeStoredSchedule' does not depend on any axioms
info: RelationalPerimeter/Computation/ConstitutiveSearch/EndogenousDecomposition/StoredLocalSchedule.lean:181:0: 'ConstitutiveSearch.EndogenousDecomposition.MeasuredScheduleExecution.execution' does not depend on any axioms
info: RelationalPerimeter/Computation/ConstitutiveSearch/EndogenousDecomposition/StoredLocalSchedule.lean:182:0: 'ConstitutiveSearch.EndogenousDecomposition.MeasuredScheduleExecution.execution_exact' does not depend on any axioms
ℹ [83/106] Replayed RelationalPerimeter.Computation.ConstitutiveSearch.EndogenousDecomposition.MeasuredAssignment
info: RelationalPerimeter/Computation/ConstitutiveSearch/EndogenousDecomposition/MeasuredAssignment.lean:66:0: 'ConstitutiveSearch.EndogenousDecomposition.readFlippedAssignment' does not depend on any axioms
info: RelationalPerimeter/Computation/ConstitutiveSearch/EndogenousDecomposition/MeasuredAssignment.lean:67:0: 'ConstitutiveSearch.EndogenousDecomposition.readTransportedAssignment' does not depend on any axioms
info: RelationalPerimeter/Computation/ConstitutiveSearch/EndogenousDecomposition/MeasuredAssignment.lean:68:0: 'ConstitutiveSearch.EndogenousDecomposition.readAssignmentQueries' does not depend on any axioms
ℹ [84/106] Replayed RelationalPerimeter.Computation.ConstitutiveSearch.EndogenousDecomposition.SequentialResolution
info: RelationalPerimeter/Computation/ConstitutiveSearch/EndogenousDecomposition/SequentialResolution.lean:1241:0: 'ConstitutiveSearch.EndogenousDecomposition.readAlternatingAssignment' does not depend on any axioms
info: RelationalPerimeter/Computation/ConstitutiveSearch/EndogenousDecomposition/SequentialResolution.lean:1242:0: 'ConstitutiveSearch.EndogenousDecomposition.MeasuredTransportApplication' does not depend on any axioms
info: RelationalPerimeter/Computation/ConstitutiveSearch/EndogenousDecomposition/SequentialResolution.lean:1243:0: 'ConstitutiveSearch.EndogenousDecomposition.applyMeasuredTransportCode' does not depend on any axioms
info: RelationalPerimeter/Computation/ConstitutiveSearch/EndogenousDecomposition/SequentialResolution.lean:1244:0: 'ConstitutiveSearch.EndogenousDecomposition.applyDiscoveryExecution_assignment' does not depend on any axioms
info: RelationalPerimeter/Computation/ConstitutiveSearch/EndogenousDecomposition/SequentialResolution.lean:1245:0: 'ConstitutiveSearch.EndogenousDecomposition.sequentialStage_next_from_input' does not depend on any axioms
info: RelationalPerimeter/Computation/ConstitutiveSearch/EndogenousDecomposition/SequentialResolution.lean:1246:0: 'ConstitutiveSearch.EndogenousDecomposition.sequentialStage_selected_exact' does not depend on any axioms
info: RelationalPerimeter/Computation/ConstitutiveSearch/EndogenousDecomposition/SequentialResolution.lean:1247:0: 'ConstitutiveSearch.EndogenousDecomposition.executeSequentialStageFromRecorded' does not depend on any axioms
info: RelationalPerimeter/Computation/ConstitutiveSearch/EndogenousDecomposition/SequentialResolution.lean:1248:0: 'ConstitutiveSearch.EndogenousDecomposition.stageSelectedVar_strict' does not depend on any axioms
info: RelationalPerimeter/Computation/ConstitutiveSearch/EndogenousDecomposition/SequentialResolution.lean:1249:0: 'ConstitutiveSearch.EndogenousDecomposition.canonicalStageDiscovery' does not depend on any axioms
info: RelationalPerimeter/Computation/ConstitutiveSearch/EndogenousDecomposition/SequentialResolution.lean:1250:0: 'ConstitutiveSearch.EndogenousDecomposition.applyDiscoveryExecution' does not depend on any axioms
info: RelationalPerimeter/Computation/ConstitutiveSearch/EndogenousDecomposition/SequentialResolution.lean:1251:0: 'ConstitutiveSearch.EndogenousDecomposition.AppliedDiscoveryExecution.preservesAccept' does not depend on any axioms
info: RelationalPerimeter/Computation/ConstitutiveSearch/EndogenousDecomposition/SequentialResolution.lean:1252:0: 'ConstitutiveSearch.EndogenousDecomposition.sequentialAssignment_satisfies_next_root' does not depend on any axioms
info: RelationalPerimeter/Computation/ConstitutiveSearch/EndogenousDecomposition/SequentialResolution.lean:1253:0: 'ConstitutiveSearch.EndogenousDecomposition.sequentialSourceContinuation_accepted' does not depend on any axioms
info: RelationalPerimeter/Computation/ConstitutiveSearch/EndogenousDecomposition/SequentialResolution.lean:1254:0: 'ConstitutiveSearch.EndogenousDecomposition.returnedAssignment_preserves_other' does not depend on any axioms
info: RelationalPerimeter/Computation/ConstitutiveSearch/EndogenousDecomposition/SequentialResolution.lean:1255:0: 'ConstitutiveSearch.EndogenousDecomposition.returnedAssignment_futureSelectedFalse' does not depend on any axioms
info: RelationalPerimeter/Computation/ConstitutiveSearch/EndogenousDecomposition/SequentialResolution.lean:1256:0: 'ConstitutiveSearch.EndogenousDecomposition.returnedAssignment_futureAnchorTrue' does not depend on any axioms
info: RelationalPerimeter/Computation/ConstitutiveSearch/EndogenousDecomposition/SequentialResolution.lean:1257:0: 'ConstitutiveSearch.EndogenousDecomposition.executeSequentialStage' does not depend on any axioms
info: RelationalPerimeter/Computation/ConstitutiveSearch/EndogenousDecomposition/SequentialResolution.lean:1258:0: 'ConstitutiveSearch.EndogenousDecomposition.executeSequentialStageFromDiscovered' does not depend on any axioms
info: RelationalPerimeter/Computation/ConstitutiveSearch/EndogenousDecomposition/SequentialResolution.lean:1259:0: 'ConstitutiveSearch.EndogenousDecomposition.executeSequentialStage_threads_output' does not depend on any axioms
info: RelationalPerimeter/Computation/ConstitutiveSearch/EndogenousDecomposition/SequentialResolution.lean:1260:0: 'ConstitutiveSearch.EndogenousDecomposition.executeSequentialStage_output_selected' does not depend on any axioms
info: RelationalPerimeter/Computation/ConstitutiveSearch/EndogenousDecomposition/SequentialResolution.lean:1261:0: 'ConstitutiveSearch.EndogenousDecomposition.executeSequentialStage_preserves_other' does not depend on any axioms
info: RelationalPerimeter/Computation/ConstitutiveSearch/EndogenousDecomposition/SequentialResolution.lean:1262:0: 'ConstitutiveSearch.EndogenousDecomposition.executeSequentialStage_testedCandidates' does not depend on any axioms
info: RelationalPerimeter/Computation/ConstitutiveSearch/EndogenousDecomposition/SequentialResolution.lean:1263:0: 'ConstitutiveSearch.EndogenousDecomposition.SequentialStageRun.stats' does not depend on any axioms
info: RelationalPerimeter/Computation/ConstitutiveSearch/EndogenousDecomposition/SequentialResolution.lean:1264:0: 'ConstitutiveSearch.EndogenousDecomposition.executeSequentialStage_generationStats' does not depend on any axioms
info: RelationalPerimeter/Computation/ConstitutiveSearch/EndogenousDecomposition/SequentialResolution.lean:1265:0: 'ConstitutiveSearch.EndogenousDecomposition.executeSequentialStage_extractionStats' does not depend on any axioms
info: RelationalPerimeter/Computation/ConstitutiveSearch/EndogenousDecomposition/SequentialResolution.lean:1266:0: 'ConstitutiveSearch.EndogenousDecomposition.executeSequentialStage_extractedCandidates' does not depend on any axioms
info: RelationalPerimeter/Computation/ConstitutiveSearch/EndogenousDecomposition/SequentialResolution.lean:1267:0: 'ConstitutiveSearch.EndogenousDecomposition.executeSequentialStage_attempts' does not depend on any axioms
info: RelationalPerimeter/Computation/ConstitutiveSearch/EndogenousDecomposition/SequentialResolution.lean:1268:0: 'ConstitutiveSearch.EndogenousDecomposition.executeSequentialStage_detailedDiscoveryStats' does not depend on any axioms
info: RelationalPerimeter/Computation/ConstitutiveSearch/EndogenousDecomposition/SequentialResolution.lean:1269:0: 'ConstitutiveSearch.EndogenousDecomposition.executeSequentialStage_localStats' does not depend on any axioms
info: RelationalPerimeter/Computation/ConstitutiveSearch/EndogenousDecomposition/SequentialResolution.lean:1270:0: 'ConstitutiveSearch.EndogenousDecomposition.executeSequentialStage_continuationApplications' does not depend on any axioms
info: RelationalPerimeter/Computation/ConstitutiveSearch/EndogenousDecomposition/SequentialResolution.lean:1271:0: 'ConstitutiveSearch.EndogenousDecomposition.executeSequentialStage_validatedAtoms' does not depend on any axioms
info: RelationalPerimeter/Computation/ConstitutiveSearch/EndogenousDecomposition/SequentialResolution.lean:1272:0: 'ConstitutiveSearch.EndogenousDecomposition.executeSequentialStage_total' does not depend on any axioms
info: RelationalPerimeter/Computation/ConstitutiveSearch/EndogenousDecomposition/SequentialResolution.lean:1273:0: 'ConstitutiveSearch.EndogenousDecomposition.initialSequentialStageCost_polynomial' does not depend on any axioms
ℹ [85/106] Replayed RelationalPerimeter.Computation.ConstitutiveSearch.EndogenousDecomposition.SequentialHistory
info: RelationalPerimeter/Computation/ConstitutiveSearch/EndogenousDecomposition/SequentialHistory.lean:1122:0: 'ConstitutiveSearch.EndogenousDecomposition.SequentialHistory.lastVariableRun' does not depend on any axioms
info: RelationalPerimeter/Computation/ConstitutiveSearch/EndogenousDecomposition/SequentialHistory.lean:1123:0: 'ConstitutiveSearch.EndogenousDecomposition.SequentialHistory.lastVariableRun_exact' does not depend on any axioms
info: RelationalPerimeter/Computation/ConstitutiveSearch/EndogenousDecomposition/SequentialHistory.lean:1124:0: 'ConstitutiveSearch.EndogenousDecomposition.SequentialHistory.lastVariableRun_visits' does not depend on any axioms
info: RelationalPerimeter/Computation/ConstitutiveSearch/EndogenousDecomposition/SequentialHistory.lean:1125:0: 'ConstitutiveSearch.EndogenousDecomposition.expectedLastVariable_nonempty' does not depend on any axioms
info: RelationalPerimeter/Computation/ConstitutiveSearch/EndogenousDecomposition/SequentialHistory.lean:1126:0: 'ConstitutiveSearch.EndogenousDecomposition.LastExecutedVariableRun.get' does not depend on any axioms
info: RelationalPerimeter/Computation/ConstitutiveSearch/EndogenousDecomposition/SequentialHistory.lean:1127:0: 'ConstitutiveSearch.EndogenousDecomposition.LastExecutedVariableRun.get_exact' does not depend on any axioms
info: RelationalPerimeter/Computation/ConstitutiveSearch/EndogenousDecomposition/SequentialHistory.lean:1128:0: 'ConstitutiveSearch.EndogenousDecomposition.terminalFromSequentialHistory' does not depend on any axioms
info: RelationalPerimeter/Computation/ConstitutiveSearch/EndogenousDecomposition/SequentialHistory.lean:1129:0: 'ConstitutiveSearch.EndogenousDecomposition.SequentialHistory.measuredValidationWork' does not depend on any axioms
info: RelationalPerimeter/Computation/ConstitutiveSearch/EndogenousDecomposition/SequentialHistory.lean:1130:0: 'ConstitutiveSearch.EndogenousDecomposition.SequentialHistory.measuredExecutionWork' does not depend on any axioms
info: RelationalPerimeter/Computation/ConstitutiveSearch/EndogenousDecomposition/SequentialHistory.lean:1131:0: 'ConstitutiveSearch.EndogenousDecomposition.SequentialHistory.measuredConstructionWork' does not depend on any axioms
info: RelationalPerimeter/Computation/ConstitutiveSearch/EndogenousDecomposition/SequentialHistory.lean:1132:0: 'ConstitutiveSearch.EndogenousDecomposition.SequentialHistory.measuredComparisonWork' does not depend on any axioms
info: RelationalPerimeter/Computation/ConstitutiveSearch/EndogenousDecomposition/SequentialHistory.lean:1133:0: 'ConstitutiveSearch.EndogenousDecomposition.SequentialHistory.preserves_below' does not depend on any axioms
info: RelationalPerimeter/Computation/ConstitutiveSearch/EndogenousDecomposition/SequentialHistory.lean:1134:0: 'ConstitutiveSearch.EndogenousDecomposition.SequentialHistory.readout_preserved' does not depend on any axioms
info: RelationalPerimeter/Computation/ConstitutiveSearch/EndogenousDecomposition/SequentialHistory.lean:1135:0: 'ConstitutiveSearch.EndogenousDecomposition.executedHistory_attemptCount' does not depend on any axioms
info: RelationalPerimeter/Computation/ConstitutiveSearch/EndogenousDecomposition/SequentialHistory.lean:1136:0: 'ConstitutiveSearch.EndogenousDecomposition.historyAttemptCount_depth_mono' does not depend on any axioms
info: RelationalPerimeter/Computation/ConstitutiveSearch/EndogenousDecomposition/SequentialHistory.lean:1137:0: 'ConstitutiveSearch.EndogenousDecomposition.historyAttemptCount_integrated_strict' does not depend on any axioms
info: RelationalPerimeter/Computation/ConstitutiveSearch/EndogenousDecomposition/SequentialHistory.lean:1138:0: 'ConstitutiveSearch.EndogenousDecomposition.executeSequentialHistory' does not depend on any axioms
info: RelationalPerimeter/Computation/ConstitutiveSearch/EndogenousDecomposition/SequentialHistory.lean:1139:0: 'ConstitutiveSearch.EndogenousDecomposition.SequentialHistory.final' does not depend on any axioms
info: RelationalPerimeter/Computation/ConstitutiveSearch/EndogenousDecomposition/SequentialHistory.lean:1140:0: 'ConstitutiveSearch.EndogenousDecomposition.SequentialHistory.executedVariables' does not depend on any axioms
info: RelationalPerimeter/Computation/ConstitutiveSearch/EndogenousDecomposition/SequentialHistory.lean:1141:0: 'ConstitutiveSearch.EndogenousDecomposition.SequentialHistory.executedBits' does not depend on any axioms
info: RelationalPerimeter/Computation/ConstitutiveSearch/EndogenousDecomposition/SequentialHistory.lean:1142:0: 'ConstitutiveSearch.EndogenousDecomposition.SequentialHistory.structuralProfileCost' does not depend on any axioms
info: RelationalPerimeter/Computation/ConstitutiveSearch/EndogenousDecomposition/SequentialHistory.lean:1143:0: 'ConstitutiveSearch.EndogenousDecomposition.SequentialHistory.totalStructuralProfileCost' does not depend on any axioms
info: RelationalPerimeter/Computation/ConstitutiveSearch/EndogenousDecomposition/SequentialHistory.lean:1144:0: 'ConstitutiveSearch.EndogenousDecomposition.SequentialHistory.phaseAccounting' does not depend on any axioms
info: RelationalPerimeter/Computation/ConstitutiveSearch/EndogenousDecomposition/SequentialHistory.lean:1145:0: 'ConstitutiveSearch.EndogenousDecomposition.SequentialHistory.phaseAccounting_exact' does not depend on any axioms
info: RelationalPerimeter/Computation/ConstitutiveSearch/EndogenousDecomposition/SequentialHistory.lean:1146:0: 'ConstitutiveSearch.EndogenousDecomposition.executedHistory_variables_length' does not depend on any axioms
info: RelationalPerimeter/Computation/ConstitutiveSearch/EndogenousDecomposition/SequentialHistory.lean:1147:0: 'ConstitutiveSearch.EndogenousDecomposition.executedHistory_preserves_below' does not depend on any axioms
info: RelationalPerimeter/Computation/ConstitutiveSearch/EndogenousDecomposition/SequentialHistory.lean:1148:0: 'ConstitutiveSearch.EndogenousDecomposition.executedHistory_bits_exact' does not depend on any axioms
info: RelationalPerimeter/Computation/ConstitutiveSearch/EndogenousDecomposition/SequentialHistory.lean:1149:0: 'ConstitutiveSearch.EndogenousDecomposition.executedHistory_bits_length' does not depend on any axioms
info: RelationalPerimeter/Computation/ConstitutiveSearch/EndogenousDecomposition/SequentialHistory.lean:1150:0: 'ConstitutiveSearch.EndogenousDecomposition.executedHistory_generatedSteps' does not depend on any axioms
info: RelationalPerimeter/Computation/ConstitutiveSearch/EndogenousDecomposition/SequentialHistory.lean:1151:0: 'ConstitutiveSearch.EndogenousDecomposition.executedHistory_generateCalls' does not depend on any axioms
info: RelationalPerimeter/Computation/ConstitutiveSearch/EndogenousDecomposition/SequentialHistory.lean:1152:0: 'ConstitutiveSearch.EndogenousDecomposition.executedHistory_provenanceUnits' does not depend on any axioms
info: RelationalPerimeter/Computation/ConstitutiveSearch/EndogenousDecomposition/SequentialHistory.lean:1153:0: 'ConstitutiveSearch.EndogenousDecomposition.executedHistory_generationCertificates' does not depend on any axioms
info: RelationalPerimeter/Computation/ConstitutiveSearch/EndogenousDecomposition/SequentialHistory.lean:1154:0: 'ConstitutiveSearch.EndogenousDecomposition.executedHistory_validationQueries' does not depend on any axioms
info: RelationalPerimeter/Computation/ConstitutiveSearch/EndogenousDecomposition/SequentialHistory.lean:1155:0: 'ConstitutiveSearch.EndogenousDecomposition.executedHistory_executionQueries' does not depend on any axioms
info: RelationalPerimeter/Computation/ConstitutiveSearch/EndogenousDecomposition/SequentialHistory.lean:1156:0: 'ConstitutiveSearch.EndogenousDecomposition.executedHistory_compositionCandidates' does not depend on any axioms
info: RelationalPerimeter/Computation/ConstitutiveSearch/EndogenousDecomposition/SequentialHistory.lean:1157:0: 'ConstitutiveSearch.EndogenousDecomposition.executedHistory_appliedAtoms' does not depend on any axioms
info: RelationalPerimeter/Computation/ConstitutiveSearch/EndogenousDecomposition/SequentialHistory.lean:1158:0: 'ConstitutiveSearch.EndogenousDecomposition.executedHistory_testedCandidates' does not depend on any axioms
info: RelationalPerimeter/Computation/ConstitutiveSearch/EndogenousDecomposition/SequentialHistory.lean:1159:0: 'ConstitutiveSearch.EndogenousDecomposition.executedHistory_relationQueries' does not depend on any axioms
info: RelationalPerimeter/Computation/ConstitutiveSearch/EndogenousDecomposition/SequentialHistory.lean:1160:0: 'ConstitutiveSearch.EndogenousDecomposition.executedHistory_extractedCandidates_eq_literalVisits' does not depend on any axioms
info: RelationalPerimeter/Computation/ConstitutiveSearch/EndogenousDecomposition/SequentialHistory.lean:1161:0: 'ConstitutiveSearch.EndogenousDecomposition.executedHistory_validatedAtoms' does not depend on any axioms
info: RelationalPerimeter/Computation/ConstitutiveSearch/EndogenousDecomposition/SequentialHistory.lean:1162:0: 'ConstitutiveSearch.EndogenousDecomposition.historyAttemptCount_le' does not depend on any axioms
info: RelationalPerimeter/Computation/ConstitutiveSearch/EndogenousDecomposition/SequentialHistory.lean:1163:0: 'ConstitutiveSearch.EndogenousDecomposition.executedHistory_attempts_le' does not depend on any axioms
info: RelationalPerimeter/Computation/ConstitutiveSearch/EndogenousDecomposition/SequentialHistory.lean:1164:0: 'ConstitutiveSearch.EndogenousDecomposition.executedHistory_relationQueries_le' does not depend on any axioms
info: RelationalPerimeter/Computation/ConstitutiveSearch/EndogenousDecomposition/SequentialHistory.lean:1165:0: 'ConstitutiveSearch.EndogenousDecomposition.executedHistory_cost_le' does not depend on any axioms
info: RelationalPerimeter/Computation/ConstitutiveSearch/EndogenousDecomposition/SequentialHistory.lean:1166:0: 'ConstitutiveSearch.EndogenousDecomposition.terminalFromSequentialHistory' does not depend on any axioms
info: RelationalPerimeter/Computation/ConstitutiveSearch/EndogenousDecomposition/SequentialHistory.lean:1167:0: 'ConstitutiveSearch.EndogenousDecomposition.transportedBitParity' does not depend on any axioms
info: RelationalPerimeter/Computation/ConstitutiveSearch/EndogenousDecomposition/SequentialHistory.lean:1168:0: 'ConstitutiveSearch.EndogenousDecomposition.runTerminalReadout' does not depend on any axioms
info: RelationalPerimeter/Computation/ConstitutiveSearch/EndogenousDecomposition/SequentialHistory.lean:1169:0: 'ConstitutiveSearch.EndogenousDecomposition.runTerminalReadout_decision' does not depend on any axioms
info: RelationalPerimeter/Computation/ConstitutiveSearch/EndogenousDecomposition/SequentialHistory.lean:1170:0: 'ConstitutiveSearch.EndogenousDecomposition.runTerminalReadout_visits' does not depend on any axioms
info: RelationalPerimeter/Computation/ConstitutiveSearch/EndogenousDecomposition/SequentialHistory.lean:1171:0: 'ConstitutiveSearch.EndogenousDecomposition.decideSequentialTerminal' does not depend on any axioms
info: RelationalPerimeter/Computation/ConstitutiveSearch/EndogenousDecomposition/SequentialHistory.lean:1172:0: 'ConstitutiveSearch.EndogenousDecomposition.executedHistory_selectedBit_true' does not depend on any axioms
info: RelationalPerimeter/Computation/ConstitutiveSearch/EndogenousDecomposition/SequentialHistory.lean:1173:0: 'ConstitutiveSearch.EndogenousDecomposition.executedHistory_decision_exact' does not depend on any axioms
ℹ [86/106] Replayed RelationalPerimeter.Computation.ConstitutiveSearch.EndogenousDecomposition.GeneratedHistoryExecution
info: RelationalPerimeter/Computation/ConstitutiveSearch/EndogenousDecomposition/GeneratedHistoryExecution.lean:317:0: 'ConstitutiveSearch.EndogenousDecomposition.produceThreadedGeneratedHistoryFrom' does not depend on any axioms
info: RelationalPerimeter/Computation/ConstitutiveSearch/EndogenousDecomposition/GeneratedHistoryExecution.lean:318:0: 'ConstitutiveSearch.EndogenousDecomposition.produceThreadedGeneratedHistoryFrom_exact' does not depend on any axioms
info: RelationalPerimeter/Computation/ConstitutiveSearch/EndogenousDecomposition/GeneratedHistoryExecution.lean:319:0: 'ConstitutiveSearch.EndogenousDecomposition.executeRecorded_eq_reference' does not depend on any axioms
info: RelationalPerimeter/Computation/ConstitutiveSearch/EndogenousDecomposition/GeneratedHistoryExecution.lean:320:0: 'ConstitutiveSearch.EndogenousDecomposition.produceCanonicalGeneratedHistory' does not depend on any axioms
info: RelationalPerimeter/Computation/ConstitutiveSearch/EndogenousDecomposition/GeneratedHistoryExecution.lean:321:0: 'ConstitutiveSearch.EndogenousDecomposition.executeGeneratedHistory' does not depend on any axioms
info: RelationalPerimeter/Computation/ConstitutiveSearch/EndogenousDecomposition/GeneratedHistoryExecution.lean:322:0: 'ConstitutiveSearch.EndogenousDecomposition.discoverGeneratedHistoryTransportPath' does not depend on any axioms
info: RelationalPerimeter/Computation/ConstitutiveSearch/EndogenousDecomposition/GeneratedHistoryExecution.lean:323:0: 'ConstitutiveSearch.EndogenousDecomposition.discoverGeneratedHistoryTransportPath_exact' does not depend on any axioms
info: RelationalPerimeter/Computation/ConstitutiveSearch/EndogenousDecomposition/GeneratedHistoryExecution.lean:324:0: 'ConstitutiveSearch.EndogenousDecomposition.GeneratedHistoryTraversalResult.successfulHistory' does not depend on any axioms
info: RelationalPerimeter/Computation/ConstitutiveSearch/EndogenousDecomposition/GeneratedHistoryExecution.lean:325:0: 'ConstitutiveSearch.EndogenousDecomposition.GeneratedHistoryTraversalResult.successfulHistory_exact' does not depend on any axioms
info: RelationalPerimeter/Computation/ConstitutiveSearch/EndogenousDecomposition/GeneratedHistoryExecution.lean:326:0: 'ConstitutiveSearch.EndogenousDecomposition.executeProducedHistory_exact' does not depend on any axioms
info: RelationalPerimeter/Computation/ConstitutiveSearch/EndogenousDecomposition/GeneratedHistoryExecution.lean:327:0: 'ConstitutiveSearch.EndogenousDecomposition.producedHistory_stepCount' does not depend on any axioms
info: RelationalPerimeter/Computation/ConstitutiveSearch/EndogenousDecomposition/GeneratedHistoryExecution.lean:328:0: 'ConstitutiveSearch.EndogenousDecomposition.executeGeneratedHistory_accepted' does not depend on any axioms
ℹ [87/106] Replayed RelationalPerimeter.Computation.ConstitutiveSearch.EndogenousDecomposition.ConstitutiveInterface
info: RelationalPerimeter/Computation/ConstitutiveSearch/EndogenousDecomposition/ConstitutiveInterface.lean:193:0: 'ConstitutiveSearch.EndogenousDecomposition.ConstitutiveOperationalInterface' does not depend on any axioms
info: RelationalPerimeter/Computation/ConstitutiveSearch/EndogenousDecomposition/ConstitutiveInterface.lean:194:0: 'ConstitutiveSearch.EndogenousDecomposition.concreteOperationalDiscover' does not depend on any axioms
info: RelationalPerimeter/Computation/ConstitutiveSearch/EndogenousDecomposition/ConstitutiveInterface.lean:195:0: 'ConstitutiveSearch.EndogenousDecomposition.concreteConstitutiveOperationalInterface' does not depend on any axioms
info: RelationalPerimeter/Computation/ConstitutiveSearch/EndogenousDecomposition/ConstitutiveInterface.lean:196:0: 'ConstitutiveSearch.EndogenousDecomposition.concreteInterface_realize_constitutedEndpoint' does not depend on any axioms
info: RelationalPerimeter/Computation/ConstitutiveSearch/EndogenousDecomposition/ConstitutiveInterface.lean:197:0: 'ConstitutiveSearch.EndogenousDecomposition.concreteInterface_discover_selected' does not depend on any axioms
info: RelationalPerimeter/Computation/ConstitutiveSearch/EndogenousDecomposition/ConstitutiveInterface.lean:198:0: 'ConstitutiveSearch.EndogenousDecomposition.realizeConstitutedStage' does not depend on any axioms
info: RelationalPerimeter/Computation/ConstitutiveSearch/EndogenousDecomposition/ConstitutiveInterface.lean:199:0: 'ConstitutiveSearch.EndogenousDecomposition.realizeConstitutedStage_roundTrip' does not depend on any axioms
info: RelationalPerimeter/Computation/ConstitutiveSearch/EndogenousDecomposition/ConstitutiveInterface.lean:200:0: 'ConstitutiveSearch.EndogenousDecomposition.concreteRelation_comes_from_discovery' does not depend on any axioms
ℹ [88/106] Replayed RelationalPerimeter.Computation.ConstitutiveSearch.EndogenousDecomposition.GenericConstitutiveTraversal
info: RelationalPerimeter/Computation/ConstitutiveSearch/EndogenousDecomposition/GenericConstitutiveTraversal.lean:166:0: 'ConstitutiveSearch.EndogenousDecomposition.ConstitutiveOperationalInterface.explore' does not depend on any axioms
info: RelationalPerimeter/Computation/ConstitutiveSearch/EndogenousDecomposition/GenericConstitutiveTraversal.lean:167:0: 'ConstitutiveSearch.EndogenousDecomposition.ConstitutiveOperationalInterface.explore_tested' does not depend on any axioms
info: RelationalPerimeter/Computation/ConstitutiveSearch/EndogenousDecomposition/GenericConstitutiveTraversal.lean:168:0: 'ConstitutiveSearch.EndogenousDecomposition.ConstitutiveOperationalInterface.produceHistory' does not depend on any axioms
info: RelationalPerimeter/Computation/ConstitutiveSearch/EndogenousDecomposition/GenericConstitutiveTraversal.lean:169:0: 'ConstitutiveSearch.EndogenousDecomposition.ConstitutiveOperationalInterface.discoverHistory' does not depend on any axioms
info: RelationalPerimeter/Computation/ConstitutiveSearch/EndogenousDecomposition/GenericConstitutiveTraversal.lean:170:0: 'ConstitutiveSearch.EndogenousDecomposition.ConstitutiveOperationalInterface.discoverHistory_failure' does not depend on any axioms
info: RelationalPerimeter/Computation/ConstitutiveSearch/EndogenousDecomposition/GenericConstitutiveTraversal.lean:171:0: 'ConstitutiveSearch.EndogenousDecomposition.cnfConstitutiveInterface' does not depend on any axioms
info: RelationalPerimeter/Computation/ConstitutiveSearch/EndogenousDecomposition/GenericConstitutiveTraversal.lean:172:0: 'ConstitutiveSearch.EndogenousDecomposition.asymmetric_discovery_really_fails' does not depend on any axioms
info: RelationalPerimeter/Computation/ConstitutiveSearch/EndogenousDecomposition/GenericConstitutiveTraversal.lean:173:0: 'ConstitutiveSearch.EndogenousDecomposition.produced_step_does_not_imply_discovery' does not depend on any axioms
ℹ [89/106] Replayed RelationalPerimeter.Computation.ConstitutiveSearch.ConstitutedPrimitivePath
info: RelationalPerimeter/Computation/ConstitutiveSearch/ConstitutedPrimitivePath.lean:329:0: 'ConstitutiveSearch.ConstitutedPrimitivePath' does not depend on any axioms
info: RelationalPerimeter/Computation/ConstitutiveSearch/ConstitutedPrimitivePath.lean:330:0: 'ConstitutiveSearch.ConstitutedPrimitivePath.length' does not depend on any axioms
info: RelationalPerimeter/Computation/ConstitutiveSearch/ConstitutedPrimitivePath.lean:331:0: 'ConstitutiveSearch.ConstitutedPrimitivePath.toTransportCode' does not depend on any axioms
info: RelationalPerimeter/Computation/ConstitutiveSearch/ConstitutedPrimitivePath.lean:332:0: 'ConstitutiveSearch.ConstitutedPrimitivePath.toTransportCode_size' does not depend on any axioms
info: RelationalPerimeter/Computation/ConstitutiveSearch/ConstitutedPrimitivePath.lean:333:0: 'ConstitutiveSearch.ConstitutedPrimitivePath.SearchableBy' does not depend on any axioms
info: RelationalPerimeter/Computation/ConstitutiveSearch/ConstitutedPrimitivePath.lean:334:0: 'ConstitutiveSearch.ConstitutedPrimitivePath.toTransportCode_searchable_iff' does not depend on any axioms
info: RelationalPerimeter/Computation/ConstitutiveSearch/ConstitutedPrimitivePath.lean:335:0: 'ConstitutiveSearch.ConstitutedPrimitivePath.validation_primitiveQueries' does not depend on any axioms
info: RelationalPerimeter/Computation/ConstitutiveSearch/ConstitutedPrimitivePath.lean:336:0: 'ConstitutiveSearch.ConstitutedPrimitivePath.validation_success_iff' does not depend on any axioms
info: RelationalPerimeter/Computation/ConstitutiveSearch/ConstitutedPrimitivePath.lean:337:0: 'ConstitutiveSearch.ConstitutedPrimitivePath.localSequentialExecution' does not depend on any axioms
info: RelationalPerimeter/Computation/ConstitutiveSearch/ConstitutedPrimitivePath.lean:338:0: 'ConstitutiveSearch.ConstitutedPrimitivePath.EndToEndLocalExecution' does not depend on any axioms
info: RelationalPerimeter/Computation/ConstitutiveSearch/ConstitutedPrimitivePath.lean:339:0: 'ConstitutiveSearch.ConstitutedPrimitivePath.endToEndLocalExecution_of_searchable' does not depend on any axioms
ℹ [90/106] Replayed RelationalPerimeter.Computation.ConstitutiveSearch.EndogenousDecomposition.ExecutedLocalSchedule
info: RelationalPerimeter/Computation/ConstitutiveSearch/EndogenousDecomposition/ExecutedLocalSchedule.lean:113:0: 'ConstitutiveSearch.EndogenousDecomposition.LocalPrimitiveAtom.path' does not depend on any axioms
info: RelationalPerimeter/Computation/ConstitutiveSearch/EndogenousDecomposition/ExecutedLocalSchedule.lean:114:0: 'ConstitutiveSearch.EndogenousDecomposition.SequentialHistory.localPath' does not depend on any axioms
info: RelationalPerimeter/Computation/ConstitutiveSearch/EndogenousDecomposition/ExecutedLocalSchedule.lean:115:0: 'ConstitutiveSearch.EndogenousDecomposition.SequentialHistory.returnedCodes' does not depend on any axioms
info: RelationalPerimeter/Computation/ConstitutiveSearch/EndogenousDecomposition/ExecutedLocalSchedule.lean:116:0: 'ConstitutiveSearch.EndogenousDecomposition.localPath_compiles_to_returnedCodes' does not depend on any axioms
info: RelationalPerimeter/Computation/ConstitutiveSearch/EndogenousDecomposition/ExecutedLocalSchedule.lean:117:0: 'ConstitutiveSearch.EndogenousDecomposition.localPath_length' does not depend on any axioms
info: RelationalPerimeter/Computation/ConstitutiveSearch/EndogenousDecomposition/ExecutedLocalSchedule.lean:118:0: 'ConstitutiveSearch.EndogenousDecomposition.returnedCodes_size' does not depend on any axioms
info: RelationalPerimeter/Computation/ConstitutiveSearch/EndogenousDecomposition/ExecutedLocalSchedule.lean:119:0: 'ConstitutiveSearch.EndogenousDecomposition.sequentialStage_next_from_input' does not depend on any axioms
info: RelationalPerimeter/Computation/ConstitutiveSearch/EndogenousDecomposition/ExecutedLocalSchedule.lean:120:0: 'ConstitutiveSearch.EndogenousDecomposition.terminalAssignment_is_operational_fold' does not depend on any axioms
ℹ [91/106] Replayed RelationalPerimeter.Computation.ConstitutiveSearch.EndogenousDecomposition.GenericConcreteRefinement
info: RelationalPerimeter/Computation/ConstitutiveSearch/EndogenousDecomposition/GenericConcreteRefinement.lean:209:0: 'ConstitutiveSearch.EndogenousDecomposition.discoveryAsGeneric' does not depend on any axioms
info: RelationalPerimeter/Computation/ConstitutiveSearch/EndogenousDecomposition/GenericConcreteRefinement.lean:210:0: 'ConstitutiveSearch.EndogenousDecomposition.recordedAsGeneric' does not depend on any axioms
info: RelationalPerimeter/Computation/ConstitutiveSearch/EndogenousDecomposition/GenericConcreteRefinement.lean:211:0: 'ConstitutiveSearch.EndogenousDecomposition.concreteDiscover_measured' does not depend on any axioms
info: RelationalPerimeter/Computation/ConstitutiveSearch/EndogenousDecomposition/GenericConcreteRefinement.lean:212:0: 'ConstitutiveSearch.EndogenousDecomposition.genericExploration_refined' does not depend on any axioms
info: RelationalPerimeter/Computation/ConstitutiveSearch/EndogenousDecomposition/GenericConcreteRefinement.lean:213:0: 'ConstitutiveSearch.EndogenousDecomposition.genericStageDiscovery_refined' does not depend on any axioms
info: RelationalPerimeter/Computation/ConstitutiveSearch/EndogenousDecomposition/GenericConcreteRefinement.lean:214:0: 'ConstitutiveSearch.EndogenousDecomposition.executedStage_genericDiscovery' does not depend on any axioms
info: RelationalPerimeter/Computation/ConstitutiveSearch/EndogenousDecomposition/GenericConcreteRefinement.lean:215:0: 'ConstitutiveSearch.EndogenousDecomposition.executedStage_genericAction' does not depend on any axioms
info: RelationalPerimeter/Computation/ConstitutiveSearch/EndogenousDecomposition/GenericConcreteRefinement.lean:216:0: 'ConstitutiveSearch.EndogenousDecomposition.executedStage_producedGenericDiscovery' does not depend on any axioms
info: RelationalPerimeter/Computation/ConstitutiveSearch/EndogenousDecomposition/GenericConcreteRefinement.lean:217:0: 'ConstitutiveSearch.EndogenousDecomposition.executedHistory_genericRefinement' does not depend on any axioms
info: RelationalPerimeter/Computation/ConstitutiveSearch/EndogenousDecomposition/GenericConcreteRefinement.lean:218:0: 'ConstitutiveSearch.EndogenousDecomposition.ConstitutiveOperationalInterface.DiscoveredHistory.append' does not depend on any axioms
info: RelationalPerimeter/Computation/ConstitutiveSearch/EndogenousDecomposition/GenericConcreteRefinement.lean:219:0: 'ConstitutiveSearch.EndogenousDecomposition.ConstitutiveOperationalInterface.discoverHistory_of_discovered' does not depend on any axioms
info: RelationalPerimeter/Computation/ConstitutiveSearch/EndogenousDecomposition/GenericConcreteRefinement.lean:220:0: 'ConstitutiveSearch.EndogenousDecomposition.CanonicalStageGeneration.asGenericStep' does not depend on any axioms
info: RelationalPerimeter/Computation/ConstitutiveSearch/EndogenousDecomposition/GenericConcreteRefinement.lean:221:0: 'ConstitutiveSearch.EndogenousDecomposition.CanonicalGeneratedHistory.asGeneric' does not depend on any axioms
info: RelationalPerimeter/Computation/ConstitutiveSearch/EndogenousDecomposition/GenericConcreteRefinement.lean:222:0: 'ConstitutiveSearch.EndogenousDecomposition.SequentialHistory.generatedHistory' does not depend on any axioms
info: RelationalPerimeter/Computation/ConstitutiveSearch/EndogenousDecomposition/GenericConcreteRefinement.lean:223:0: 'ConstitutiveSearch.EndogenousDecomposition.executedGeneratedHistory_retains_generators' does not depend on any axioms
info: RelationalPerimeter/Computation/ConstitutiveSearch/EndogenousDecomposition/GenericConcreteRefinement.lean:224:0: 'ConstitutiveSearch.EndogenousDecomposition.SequentialHistory.genericDiscovered' does not depend on any axioms
info: RelationalPerimeter/Computation/ConstitutiveSearch/EndogenousDecomposition/GenericConcreteRefinement.lean:225:0: 'ConstitutiveSearch.EndogenousDecomposition.executedHistory_genericTraversal' does not depend on any axioms
info: RelationalPerimeter/Computation/ConstitutiveSearch/EndogenousDecomposition/GenericConcreteRefinement.lean:226:0: 'ConstitutiveSearch.EndogenousDecomposition.executedStage_output_not_input' does not depend on any axioms
info: RelationalPerimeter/Computation/ConstitutiveSearch/EndogenousDecomposition/GenericConcreteRefinement.lean:227:0: 'ConstitutiveSearch.EndogenousDecomposition.executedStage_next_not_input' does not depend on any axioms
ℹ [92/106] Replayed RelationalPerimeter.Computation.ConstitutiveSearch.EndogenousDecomposition.IntegratedProjection
info: RelationalPerimeter/Computation/ConstitutiveSearch/EndogenousDecomposition/IntegratedProjection.lean:434:0: 'ConstitutiveSearch.EndogenousDecomposition.residual_preserves_avoids' does not depend on any axioms
info: RelationalPerimeter/Computation/ConstitutiveSearch/EndogenousDecomposition/IntegratedProjection.lean:435:0: 'ConstitutiveSearch.EndogenousDecomposition.retained_var_exact' does not depend on any axioms
info: RelationalPerimeter/Computation/ConstitutiveSearch/EndogenousDecomposition/IntegratedProjection.lean:436:0: 'ConstitutiveSearch.EndogenousDecomposition.retained_decisions_exact' does not depend on any axioms
info: RelationalPerimeter/Computation/ConstitutiveSearch/EndogenousDecomposition/IntegratedProjection.lean:437:0: 'ConstitutiveSearch.EndogenousDecomposition.growing_root_avoids_above' does not depend on any axioms
info: RelationalPerimeter/Computation/ConstitutiveSearch/EndogenousDecomposition/IntegratedProjection.lean:438:0: 'ConstitutiveSearch.EndogenousDecomposition.retained_formulas_avoid_future' does not depend on any axioms
info: RelationalPerimeter/Computation/ConstitutiveSearch/EndogenousDecomposition/IntegratedProjection.lean:439:0: 'ConstitutiveSearch.EndogenousDecomposition.integratedMarkedSource' does not depend on any axioms
info: RelationalPerimeter/Computation/ConstitutiveSearch/EndogenousDecomposition/IntegratedProjection.lean:440:0: 'ConstitutiveSearch.EndogenousDecomposition.integratedMarkedTarget' does not depend on any axioms
info: RelationalPerimeter/Computation/ConstitutiveSearch/EndogenousDecomposition/IntegratedProjection.lean:441:0: 'ConstitutiveSearch.EndogenousDecomposition.integrated_marked_constitutions_distinct' does not depend on any axioms
info: RelationalPerimeter/Computation/ConstitutiveSearch/EndogenousDecomposition/IntegratedProjection.lean:442:0: 'ConstitutiveSearch.EndogenousDecomposition.integrated_marked_projection_equal' does not depend on any axioms
info: RelationalPerimeter/Computation/ConstitutiveSearch/EndogenousDecomposition/IntegratedProjection.lean:443:0: 'ConstitutiveSearch.EndogenousDecomposition.integratedMarkedRelation' does not depend on any axioms
info: RelationalPerimeter/Computation/ConstitutiveSearch/EndogenousDecomposition/IntegratedProjection.lean:444:0: 'ConstitutiveSearch.EndogenousDecomposition.integrated_marked_incompatible' does not depend on any axioms
info: RelationalPerimeter/Computation/ConstitutiveSearch/EndogenousDecomposition/IntegratedProjection.lean:445:0: 'ConstitutiveSearch.EndogenousDecomposition.integratedMarkedContinuation' does not depend on any axioms
info: RelationalPerimeter/Computation/ConstitutiveSearch/EndogenousDecomposition/IntegratedProjection.lean:446:0: 'ConstitutiveSearch.EndogenousDecomposition.runMeasuredProjection' does not depend on any axioms
info: RelationalPerimeter/Computation/ConstitutiveSearch/EndogenousDecomposition/IntegratedProjection.lean:447:0: 'ConstitutiveSearch.EndogenousDecomposition.runMeasuredProjection_found' does not depend on any axioms
info: RelationalPerimeter/Computation/ConstitutiveSearch/EndogenousDecomposition/IntegratedProjection.lean:448:0: 'ConstitutiveSearch.EndogenousDecomposition.integrated_positive_found' does not depend on any axioms
info: RelationalPerimeter/Computation/ConstitutiveSearch/EndogenousDecomposition/IntegratedProjection.lean:449:0: 'ConstitutiveSearch.EndogenousDecomposition.integrated_negative_missed' does not depend on any axioms
info: RelationalPerimeter/Computation/ConstitutiveSearch/EndogenousDecomposition/IntegratedProjection.lean:450:0: 'ConstitutiveSearch.EndogenousDecomposition.integratedOrganizationObservation' does not depend on any axioms
info: RelationalPerimeter/Computation/ConstitutiveSearch/EndogenousDecomposition/IntegratedProjection.lean:451:0: 'ConstitutiveSearch.EndogenousDecomposition.integrated_positive_result' does not depend on any axioms
info: RelationalPerimeter/Computation/ConstitutiveSearch/EndogenousDecomposition/IntegratedProjection.lean:452:0: 'ConstitutiveSearch.EndogenousDecomposition.integrated_negative_result' does not depend on any axioms
info: RelationalPerimeter/Computation/ConstitutiveSearch/EndogenousDecomposition/IntegratedProjection.lean:453:0: 'ConstitutiveSearch.EndogenousDecomposition.integrated_positive_codeAtoms' does not depend on any axioms
info: RelationalPerimeter/Computation/ConstitutiveSearch/EndogenousDecomposition/IntegratedProjection.lean:454:0: 'ConstitutiveSearch.EndogenousDecomposition.integrated_negative_codeAtoms' does not depend on any axioms
info: RelationalPerimeter/Computation/ConstitutiveSearch/EndogenousDecomposition/IntegratedProjection.lean:455:0: 'ConstitutiveSearch.EndogenousDecomposition.runSection31ReferenceProjection' does not depend on any axioms
info: RelationalPerimeter/Computation/ConstitutiveSearch/EndogenousDecomposition/IntegratedProjection.lean:456:0: 'ConstitutiveSearch.EndogenousDecomposition.runMeasuredProjection_refines_section31' does not depend on any axioms
info: RelationalPerimeter/Computation/ConstitutiveSearch/EndogenousDecomposition/IntegratedProjection.lean:457:0: 'ConstitutiveSearch.EndogenousDecomposition.integrated_section31_primitiveRaccord' does not depend on any axioms
info: RelationalPerimeter/Computation/ConstitutiveSearch/EndogenousDecomposition/IntegratedProjection.lean:458:0: 'ConstitutiveSearch.EndogenousDecomposition.integrated_positive_agrees_with_main' does not depend on any axioms
info: RelationalPerimeter/Computation/ConstitutiveSearch/EndogenousDecomposition/IntegratedProjection.lean:459:0: 'ConstitutiveSearch.EndogenousDecomposition.runMeasuredProjectionFromData' does not depend on any axioms
info: RelationalPerimeter/Computation/ConstitutiveSearch/EndogenousDecomposition/IntegratedProjection.lean:460:0: 'ConstitutiveSearch.EndogenousDecomposition.runMeasuredProjectionFromData_exact' does not depend on any axioms
info: RelationalPerimeter/Computation/ConstitutiveSearch/EndogenousDecomposition/IntegratedProjection.lean:461:0: 'ConstitutiveSearch.EndogenousDecomposition.runIntegratedProjectionExperiment' does not depend on any axioms
info: RelationalPerimeter/Computation/ConstitutiveSearch/EndogenousDecomposition/IntegratedProjection.lean:462:0: 'ConstitutiveSearch.EndogenousDecomposition.integrated_projection_not_factors' does not depend on any axioms
info: RelationalPerimeter/Computation/ConstitutiveSearch/EndogenousDecomposition/IntegratedProjection.lean:463:0: 'ConstitutiveSearch.EndogenousDecomposition.SequentialHistory.firstStage' does not depend on any axioms
ℹ [93/106] Replayed RelationalPerimeter.Computation.ConstitutiveSearch.EndogenousDecomposition.MeasuredDiscoveryBounds
info: RelationalPerimeter/Computation/ConstitutiveSearch/EndogenousDecomposition/MeasuredDiscoveryBounds.lean:566:0: 'ConstitutiveSearch.EndogenousDecomposition.compareMeasuredBool_work' does not depend on any axioms
info: RelationalPerimeter/Computation/ConstitutiveSearch/EndogenousDecomposition/MeasuredDiscoveryBounds.lean:567:0: 'ConstitutiveSearch.EndogenousDecomposition.compareMeasuredDecision_bound' does not depend on any axioms
info: RelationalPerimeter/Computation/ConstitutiveSearch/EndogenousDecomposition/MeasuredDiscoveryBounds.lean:568:0: 'ConstitutiveSearch.EndogenousDecomposition.compareMeasuredHistory_bound' does not depend on any axioms
info: RelationalPerimeter/Computation/ConstitutiveSearch/EndogenousDecomposition/MeasuredDiscoveryBounds.lean:569:0: 'ConstitutiveSearch.EndogenousDecomposition.flipMeasuredDecision_bound' does not depend on any axioms
info: RelationalPerimeter/Computation/ConstitutiveSearch/EndogenousDecomposition/MeasuredDiscoveryBounds.lean:570:0: 'ConstitutiveSearch.EndogenousDecomposition.flipMeasuredHistory_bound' does not depend on any axioms
info: RelationalPerimeter/Computation/ConstitutiveSearch/EndogenousDecomposition/MeasuredDiscoveryBounds.lean:571:0: 'ConstitutiveSearch.EndogenousDecomposition.branchResidual_unarySize_le' does not depend on any axioms
info: RelationalPerimeter/Computation/ConstitutiveSearch/EndogenousDecomposition/MeasuredDiscoveryBounds.lean:572:0: 'ConstitutiveSearch.EndogenousDecomposition.searchMeasuredRelation_bound' does not depend on any axioms
info: RelationalPerimeter/Computation/ConstitutiveSearch/EndogenousDecomposition/MeasuredDiscoveryBounds.lean:573:0: 'ConstitutiveSearch.EndogenousDecomposition.searchMeasuredRelationFromData_bound' does not depend on any axioms
info: RelationalPerimeter/Computation/ConstitutiveSearch/EndogenousDecomposition/MeasuredDiscoveryBounds.lean:574:0: 'ConstitutiveSearch.EndogenousDecomposition.rootCandidate_measured_bound' does not depend on any axioms
info: RelationalPerimeter/Computation/ConstitutiveSearch/EndogenousDecomposition/MeasuredDiscoveryBounds.lean:575:0: 'ConstitutiveSearch.EndogenousDecomposition.rootCandidateWorkBound_mono' does not depend on any axioms
info: RelationalPerimeter/Computation/ConstitutiveSearch/EndogenousDecomposition/MeasuredDiscoveryBounds.lean:576:0: 'ConstitutiveSearch.EndogenousDecomposition.recordedExploration_measured_bound' does not depend on any axioms
info: RelationalPerimeter/Computation/ConstitutiveSearch/EndogenousDecomposition/MeasuredDiscoveryBounds.lean:577:0: 'ConstitutiveSearch.EndogenousDecomposition.candidateVariable_unarySize' does not depend on any axioms
info: RelationalPerimeter/Computation/ConstitutiveSearch/EndogenousDecomposition/MeasuredDiscoveryBounds.lean:578:0: 'ConstitutiveSearch.EndogenousDecomposition.clauseCandidates_size' does not depend on any axioms
info: RelationalPerimeter/Computation/ConstitutiveSearch/EndogenousDecomposition/MeasuredDiscoveryBounds.lean:579:0: 'ConstitutiveSearch.EndogenousDecomposition.clauseCandidate_label_bound' does not depend on any axioms
info: RelationalPerimeter/Computation/ConstitutiveSearch/EndogenousDecomposition/MeasuredDiscoveryBounds.lean:580:0: 'ConstitutiveSearch.EndogenousDecomposition.cnfCandidates_size' does not depend on any axioms
info: RelationalPerimeter/Computation/ConstitutiveSearch/EndogenousDecomposition/MeasuredDiscoveryBounds.lean:581:0: 'ConstitutiveSearch.EndogenousDecomposition.append_length_constructive' does not depend on any axioms
info: RelationalPerimeter/Computation/ConstitutiveSearch/EndogenousDecomposition/MeasuredDiscoveryBounds.lean:582:0: 'ConstitutiveSearch.EndogenousDecomposition.member_append_cases' does not depend on any axioms
info: RelationalPerimeter/Computation/ConstitutiveSearch/EndogenousDecomposition/MeasuredDiscoveryBounds.lean:583:0: 'ConstitutiveSearch.EndogenousDecomposition.cnfCandidate_label_bound' does not depend on any axioms
info: RelationalPerimeter/Computation/ConstitutiveSearch/EndogenousDecomposition/MeasuredDiscoveryBounds.lean:584:0: 'ConstitutiveSearch.EndogenousDecomposition.rootDiscovery_measured_input_bound' does not depend on any axioms
info: RelationalPerimeter/Computation/ConstitutiveSearch/EndogenousDecomposition/MeasuredDiscoveryBounds.lean:585:0: 'ConstitutiveSearch.EndogenousDecomposition.clauseExtraction_visits_bound' does not depend on any axioms
info: RelationalPerimeter/Computation/ConstitutiveSearch/EndogenousDecomposition/MeasuredDiscoveryBounds.lean:586:0: 'ConstitutiveSearch.EndogenousDecomposition.cnfExtraction_visits_bound' does not depend on any axioms
info: RelationalPerimeter/Computation/ConstitutiveSearch/EndogenousDecomposition/MeasuredDiscoveryBounds.lean:587:0: 'ConstitutiveSearch.EndogenousDecomposition.rootDiscovery_with_extraction_bound' does not depend on any axioms
info: RelationalPerimeter/Computation/ConstitutiveSearch/EndogenousDecomposition/MeasuredDiscoveryBounds.lean:588:0: 'ConstitutiveSearch.EndogenousDecomposition.discoveryWorkEnvelope_mono' does not depend on any axioms
info: RelationalPerimeter/Computation/ConstitutiveSearch/EndogenousDecomposition/MeasuredDiscoveryBounds.lean:589:0: 'ConstitutiveSearch.EndogenousDecomposition.distinctDecoy_unarySize_bound' does not depend on any axioms
info: RelationalPerimeter/Computation/ConstitutiveSearch/EndogenousDecomposition/MeasuredDiscoveryBounds.lean:590:0: 'ConstitutiveSearch.EndogenousDecomposition.growingFormula_unarySize_bound' does not depend on any axioms
info: RelationalPerimeter/Computation/ConstitutiveSearch/EndogenousDecomposition/MeasuredDiscoveryBounds.lean:591:0: 'ConstitutiveSearch.EndogenousDecomposition.stageDiscovery_measured_bound' does not depend on any axioms
info: RelationalPerimeter/Computation/ConstitutiveSearch/EndogenousDecomposition/MeasuredDiscoveryBounds.lean:592:0: 'ConstitutiveSearch.EndogenousDecomposition.growingFormulaSizeEnvelope_mono' does not depend on any axioms
info: RelationalPerimeter/Computation/ConstitutiveSearch/EndogenousDecomposition/MeasuredDiscoveryBounds.lean:593:0: 'ConstitutiveSearch.EndogenousDecomposition.stageDiscoveryWorkEnvelope_mono' does not depend on any axioms
info: RelationalPerimeter/Computation/ConstitutiveSearch/EndogenousDecomposition/MeasuredDiscoveryBounds.lean:594:0: 'ConstitutiveSearch.EndogenousDecomposition.retainedStageDiscovery_bound' does not depend on any axioms
info: RelationalPerimeter/Computation/ConstitutiveSearch/EndogenousDecomposition/MeasuredDiscoveryBounds.lean:595:0: 'ConstitutiveSearch.EndogenousDecomposition.historyDiscovery_measured_bound' does not depend on any axioms
info: RelationalPerimeter/Computation/ConstitutiveSearch/EndogenousDecomposition/MeasuredDiscoveryBounds.lean:596:0: 'ConstitutiveSearch.EndogenousDecomposition.storedRootScheduleSearch_bound' does not depend on any axioms
info: RelationalPerimeter/Computation/ConstitutiveSearch/EndogenousDecomposition/MeasuredDiscoveryBounds.lean:597:0: 'ConstitutiveSearch.EndogenousDecomposition.stageRelationWorkEnvelope_mono' does not depend on any axioms
info: RelationalPerimeter/Computation/ConstitutiveSearch/EndogenousDecomposition/MeasuredDiscoveryBounds.lean:598:0: 'ConstitutiveSearch.EndogenousDecomposition.retainedStageRelation_bound' does not depend on any axioms
info: RelationalPerimeter/Computation/ConstitutiveSearch/EndogenousDecomposition/MeasuredDiscoveryBounds.lean:599:0: 'ConstitutiveSearch.EndogenousDecomposition.retainedStageValidationExecution_bound' does not depend on any axioms
info: RelationalPerimeter/Computation/ConstitutiveSearch/EndogenousDecomposition/MeasuredDiscoveryBounds.lean:600:0: 'ConstitutiveSearch.EndogenousDecomposition.historyValidationExecution_measured_bound' does not depend on any axioms
info: RelationalPerimeter/Computation/ConstitutiveSearch/EndogenousDecomposition/MeasuredDiscoveryBounds.lean:601:0: 'ConstitutiveSearch.EndogenousDecomposition.growingFormulaSizePolynomial_eval' does not depend on any axioms
info: RelationalPerimeter/Computation/ConstitutiveSearch/EndogenousDecomposition/MeasuredDiscoveryBounds.lean:602:0: 'ConstitutiveSearch.EndogenousDecomposition.discoveryEnvelopePolynomial_eval' does not depend on any axioms
info: RelationalPerimeter/Computation/ConstitutiveSearch/EndogenousDecomposition/MeasuredDiscoveryBounds.lean:603:0: 'ConstitutiveSearch.EndogenousDecomposition.stageDiscoveryPolynomial_eval' does not depend on any axioms
info: RelationalPerimeter/Computation/ConstitutiveSearch/EndogenousDecomposition/MeasuredDiscoveryBounds.lean:604:0: 'ConstitutiveSearch.EndogenousDecomposition.stageRelationPolynomial_eval' does not depend on any axioms
info: RelationalPerimeter/Computation/ConstitutiveSearch/EndogenousDecomposition/MeasuredDiscoveryBounds.lean:605:0: 'ConstitutiveSearch.EndogenousDecomposition.generatedRealizationWork_exact' does not depend on any axioms
info: RelationalPerimeter/Computation/ConstitutiveSearch/EndogenousDecomposition/MeasuredDiscoveryBounds.lean:606:0: 'ConstitutiveSearch.EndogenousDecomposition.stageRealizationWork_mono' does not depend on any axioms
info: RelationalPerimeter/Computation/ConstitutiveSearch/EndogenousDecomposition/MeasuredDiscoveryBounds.lean:607:0: 'ConstitutiveSearch.EndogenousDecomposition.generatedHistoryRealizationWork_bound' does not depend on any axioms
ℹ [94/106] Replayed RelationalPerimeter.Computation.ConstitutiveSearch.EndogenousDecomposition.MeasuredGeneration
info: RelationalPerimeter/Computation/ConstitutiveSearch/EndogenousDecomposition/MeasuredGeneration.lean:107:0: 'ConstitutiveSearch.EndogenousDecomposition.initializeConstitutiveHistory' does not depend on any axioms
info: RelationalPerimeter/Computation/ConstitutiveSearch/EndogenousDecomposition/MeasuredGeneration.lean:108:0: 'ConstitutiveSearch.EndogenousDecomposition.initializeConstitutiveHistory_counts' does not depend on any axioms
info: RelationalPerimeter/Computation/ConstitutiveSearch/EndogenousDecomposition/MeasuredGeneration.lean:109:0: 'ConstitutiveSearch.EndogenousDecomposition.initializeConstitutiveHistory_material_counts' does not depend on any axioms
info: RelationalPerimeter/Computation/ConstitutiveSearch/EndogenousDecomposition/MeasuredGeneration.lean:110:0: 'ConstitutiveSearch.EndogenousDecomposition.produceMeasuredConstitutiveHistory' does not depend on any axioms
info: RelationalPerimeter/Computation/ConstitutiveSearch/EndogenousDecomposition/MeasuredGeneration.lean:111:0: 'ConstitutiveSearch.EndogenousDecomposition.produceMeasuredConstitutiveHistory_counts' does not depend on any axioms
info: RelationalPerimeter/Computation/ConstitutiveSearch/EndogenousDecomposition/MeasuredGeneration.lean:112:0: 'ConstitutiveSearch.EndogenousDecomposition.produceMeasuredConstitutiveHistory_material_counts' does not depend on any axioms
ℹ [95/106] Replayed RelationalPerimeter.Computation.ConstitutiveSearch.EndogenousDecomposition.MeasuredAssignmentBounds
info: RelationalPerimeter/Computation/ConstitutiveSearch/EndogenousDecomposition/MeasuredAssignmentBounds.lean:243:0: 'ConstitutiveSearch.EndogenousDecomposition.readAlternatingAssignment_bound' does not depend on any axioms
info: RelationalPerimeter/Computation/ConstitutiveSearch/EndogenousDecomposition/MeasuredAssignmentBounds.lean:244:0: 'ConstitutiveSearch.EndogenousDecomposition.readFlippedAssignment_bound' does not depend on any axioms
info: RelationalPerimeter/Computation/ConstitutiveSearch/EndogenousDecomposition/MeasuredAssignmentBounds.lean:245:0: 'ConstitutiveSearch.EndogenousDecomposition.transportedReadOverhead' does not depend on any axioms
info: RelationalPerimeter/Computation/ConstitutiveSearch/EndogenousDecomposition/MeasuredAssignmentBounds.lean:246:0: 'ConstitutiveSearch.EndogenousDecomposition.readTransportedAssignment_bound' does not depend on any axioms
info: RelationalPerimeter/Computation/ConstitutiveSearch/EndogenousDecomposition/MeasuredAssignmentBounds.lean:247:0: 'ConstitutiveSearch.EndogenousDecomposition.executeSequentialStage_reader_bound' does not depend on any axioms
info: RelationalPerimeter/Computation/ConstitutiveSearch/EndogenousDecomposition/MeasuredAssignmentBounds.lean:248:0: 'ConstitutiveSearch.EndogenousDecomposition.executeSequentialHistory_reader_bound' does not depend on any axioms
info: RelationalPerimeter/Computation/ConstitutiveSearch/EndogenousDecomposition/MeasuredAssignmentBounds.lean:249:0: 'ConstitutiveSearch.EndogenousDecomposition.readAssignmentQueries_bound' does not depend on any axioms
info: RelationalPerimeter/Computation/ConstitutiveSearch/EndogenousDecomposition/MeasuredAssignmentBounds.lean:250:0: 'ConstitutiveSearch.EndogenousDecomposition.stageSelectedVar_mono' does not depend on any axioms
info: RelationalPerimeter/Computation/ConstitutiveSearch/EndogenousDecomposition/MeasuredAssignmentBounds.lean:251:0: 'ConstitutiveSearch.EndogenousDecomposition.executedHistory_variables_bounded' does not depend on any axioms
info: RelationalPerimeter/Computation/ConstitutiveSearch/EndogenousDecomposition/MeasuredAssignmentBounds.lean:252:0: 'ConstitutiveSearch.EndogenousDecomposition.concreteTerminalQueries_bound' does not depend on any axioms
info: RelationalPerimeter/Computation/ConstitutiveSearch/EndogenousDecomposition/MeasuredAssignmentBounds.lean:253:0: 'ConstitutiveSearch.EndogenousDecomposition.concreteTerminalBit_bound' does not depend on any axioms
info: RelationalPerimeter/Computation/ConstitutiveSearch/EndogenousDecomposition/MeasuredAssignmentBounds.lean:254:0: 'ConstitutiveSearch.EndogenousDecomposition.SequentialTerminalArtifact.measuredReadWork' does not depend on any axioms
info: RelationalPerimeter/Computation/ConstitutiveSearch/EndogenousDecomposition/MeasuredAssignmentBounds.lean:255:0: 'ConstitutiveSearch.EndogenousDecomposition.concreteTerminalReadWork_bound' does not depend on any axioms
ℹ [96/106] Replayed RelationalPerimeter.Computation.ConstitutiveSearch.EndogenousDecomposition.ConstitutiveFullStep
info: RelationalPerimeter/Computation/ConstitutiveSearch/EndogenousDecomposition/ConstitutiveFullStep.lean:159:0: 'ConstitutiveSearch.EndogenousDecomposition.EndogenousFlipDiscovery.fullStepPreservation' does not depend on any axioms
info: RelationalPerimeter/Computation/ConstitutiveSearch/EndogenousDecomposition/ConstitutiveFullStep.lean:160:0: 'ConstitutiveSearch.EndogenousDecomposition.applyFullConstitutiveStep' does not depend on any axioms
info: RelationalPerimeter/Computation/ConstitutiveSearch/EndogenousDecomposition/ConstitutiveFullStep.lean:161:0: 'ConstitutiveSearch.EndogenousDecomposition.applyFullConstitutiveStep_preservesAccept' does not depend on any axioms
info: RelationalPerimeter/Computation/ConstitutiveSearch/EndogenousDecomposition/ConstitutiveFullStep.lean:162:0: 'ConstitutiveSearch.EndogenousDecomposition.applyFullConstitutiveStep_assignment' does not depend on any axioms
info: RelationalPerimeter/Computation/ConstitutiveSearch/EndogenousDecomposition/ConstitutiveFullStep.lean:163:0: 'ConstitutiveSearch.EndogenousDecomposition.stageParentContinuation' does not depend on any axioms
info: RelationalPerimeter/Computation/ConstitutiveSearch/EndogenousDecomposition/ConstitutiveFullStep.lean:164:0: 'ConstitutiveSearch.EndogenousDecomposition.executeFullConstitutiveStage' does not depend on any axioms
info: RelationalPerimeter/Computation/ConstitutiveSearch/EndogenousDecomposition/ConstitutiveFullStep.lean:165:0: 'ConstitutiveSearch.EndogenousDecomposition.executeFullConstitutiveStage_assignment' does not depend on any axioms
info: RelationalPerimeter/Computation/ConstitutiveSearch/EndogenousDecomposition/ConstitutiveFullStep.lean:166:0: 'ConstitutiveSearch.EndogenousDecomposition.executeFullConstitutiveStage_is_next' does not depend on any axioms
info: RelationalPerimeter/Computation/ConstitutiveSearch/EndogenousDecomposition/ConstitutiveFullStep.lean:167:0: 'ConstitutiveSearch.EndogenousDecomposition.fullStageExecution' does not depend on any axioms
info: RelationalPerimeter/Computation/ConstitutiveSearch/EndogenousDecomposition/ConstitutiveFullStep.lean:168:0: 'ConstitutiveSearch.EndogenousDecomposition.executeFullHistory' does not depend on any axioms
ℹ [97/106] Replayed RelationalPerimeter.Computation.ConstitutiveSearch.EndogenousDecomposition.ConstitutiveRoleCycle
info: RelationalPerimeter/Computation/ConstitutiveSearch/EndogenousDecomposition/ConstitutiveRoleCycle.lean:74:0: 'ConstitutiveSearch.EndogenousDecomposition.ConstitutiveRoleStage' does not depend on any axioms
info: RelationalPerimeter/Computation/ConstitutiveSearch/EndogenousDecomposition/ConstitutiveRoleCycle.lean:75:0: 'ConstitutiveSearch.EndogenousDecomposition.constitutiveRoleStage' does not depend on any axioms
info: RelationalPerimeter/Computation/ConstitutiveSearch/EndogenousDecomposition/ConstitutiveRoleCycle.lean:76:0: 'ConstitutiveSearch.EndogenousDecomposition.buildConstitutiveRoleHistory' does not depend on any axioms
info: RelationalPerimeter/Computation/ConstitutiveSearch/EndogenousDecomposition/ConstitutiveRoleCycle.lean:77:0: 'ConstitutiveSearch.EndogenousDecomposition.roleStage_relation_is_discovered' does not depend on any axioms
info: RelationalPerimeter/Computation/ConstitutiveSearch/EndogenousDecomposition/ConstitutiveRoleCycle.lean:78:0: 'ConstitutiveSearch.EndogenousDecomposition.roleStage_complete_operation_is_next' does not depend on any axioms
ℹ [98/106] Replayed RelationalPerimeter.Computation.ConstitutiveSearch.EndogenousDecomposition.ConstitutiveFeedback
info: RelationalPerimeter/Computation/ConstitutiveSearch/EndogenousDecomposition/ConstitutiveFeedback.lean:3266:0: 'ConstitutiveSearch.EndogenousDecomposition.inspectTransmittedDecisions' does not depend on any axioms
info: RelationalPerimeter/Computation/ConstitutiveSearch/EndogenousDecomposition/ConstitutiveFeedback.lean:3267:0: 'ConstitutiveSearch.EndogenousDecomposition.inspectTransmittedDecisions_head_selected' does not depend on any axioms
info: RelationalPerimeter/Computation/ConstitutiveSearch/EndogenousDecomposition/ConstitutiveFeedback.lean:3268:0: 'ConstitutiveSearch.EndogenousDecomposition.structuralDecisionsAvoidCheck_true_of_avoid' does not depend on any axioms
info: RelationalPerimeter/Computation/ConstitutiveSearch/EndogenousDecomposition/ConstitutiveFeedback.lean:3269:0: 'ConstitutiveSearch.EndogenousDecomposition.inspectTransmittedDecisions_available_of_all_lt' does not depend on any axioms
info: RelationalPerimeter/Computation/ConstitutiveSearch/EndogenousDecomposition/ConstitutiveFeedback.lean:3270:0: 'ConstitutiveSearch.EndogenousDecomposition.inspectTransmittedDecisions_visits_of_all_ne' does not depend on any axioms
info: RelationalPerimeter/Computation/ConstitutiveSearch/EndogenousDecomposition/ConstitutiveFeedback.lean:3271:0: 'ConstitutiveSearch.EndogenousDecomposition.initializationEndpointExact' does not depend on any axioms
info: RelationalPerimeter/Computation/ConstitutiveSearch/EndogenousDecomposition/ConstitutiveFeedback.lean:3272:0: 'ConstitutiveSearch.EndogenousDecomposition.initialThreadedConstitutiveStateFromInitialization' does not depend on any axioms
info: RelationalPerimeter/Computation/ConstitutiveSearch/EndogenousDecomposition/ConstitutiveFeedback.lean:3273:0: 'ConstitutiveSearch.EndogenousDecomposition.initialThreadedConstitutiveStateFromInitialization_generation_exact' does not depend on any axioms
info: RelationalPerimeter/Computation/ConstitutiveSearch/EndogenousDecomposition/ConstitutiveFeedback.lean:3274:0: 'ConstitutiveSearch.EndogenousDecomposition.initialThreadedConstitutiveState_generation_exact' does not depend on any axioms
info: RelationalPerimeter/Computation/ConstitutiveSearch/EndogenousDecomposition/ConstitutiveFeedback.lean:3275:0: 'ConstitutiveSearch.EndogenousDecomposition.initialThreadedConstitutiveStateFromInitialization_fresh' does not depend on any axioms
info: RelationalPerimeter/Computation/ConstitutiveSearch/EndogenousDecomposition/ConstitutiveFeedback.lean:3276:0: 'ConstitutiveSearch.EndogenousDecomposition.initialThreadedConstitutiveState' does not depend on any axioms
info: RelationalPerimeter/Computation/ConstitutiveSearch/EndogenousDecomposition/ConstitutiveFeedback.lean:3277:0: 'ConstitutiveSearch.EndogenousDecomposition.initialThreadedConstitutiveState_fresh' does not depend on any axioms
info: RelationalPerimeter/Computation/ConstitutiveSearch/EndogenousDecomposition/ConstitutiveFeedback.lean:3278:0: 'ConstitutiveSearch.EndogenousDecomposition.structuralDecisionsAvoid_of_all_lt' does not depend on any axioms
info: RelationalPerimeter/Computation/ConstitutiveSearch/EndogenousDecomposition/ConstitutiveFeedback.lean:3279:0: 'ConstitutiveSearch.EndogenousDecomposition.ThreadedConstitutiveState.decisionsAvoidNext' does not depend on any axioms
info: RelationalPerimeter/Computation/ConstitutiveSearch/EndogenousDecomposition/ConstitutiveFeedback.lean:3280:0: 'ConstitutiveSearch.EndogenousDecomposition.exploreRecordedCandidates_transport_exact' does not depend on any axioms
info: RelationalPerimeter/Computation/ConstitutiveSearch/EndogenousDecomposition/ConstitutiveFeedback.lean:3281:0: 'ConstitutiveSearch.EndogenousDecomposition.runFeedbackDiscoveryFromData' does not depend on any axioms
info: RelationalPerimeter/Computation/ConstitutiveSearch/EndogenousDecomposition/ConstitutiveFeedback.lean:3282:0: 'ConstitutiveSearch.EndogenousDecomposition.stageSelectedVar_eq_nextSearchIndex' does not depend on any axioms
info: RelationalPerimeter/Computation/ConstitutiveSearch/EndogenousDecomposition/ConstitutiveFeedback.lean:3283:0: 'ConstitutiveSearch.EndogenousDecomposition.executedProducedSearchSeed' does not depend on any axioms
info: RelationalPerimeter/Computation/ConstitutiveSearch/EndogenousDecomposition/ConstitutiveFeedback.lean:3284:0: 'ConstitutiveSearch.EndogenousDecomposition.executedProducedSearchSeed_eq_scheduleEntry' does not depend on any axioms
info: RelationalPerimeter/Computation/ConstitutiveSearch/EndogenousDecomposition/ConstitutiveFeedback.lean:3285:0: 'ConstitutiveSearch.EndogenousDecomposition.executedProducedSearchSeed_eq_nextSearchIndex' does not depend on any axioms
info: RelationalPerimeter/Computation/ConstitutiveSearch/EndogenousDecomposition/ConstitutiveFeedback.lean:3286:0: 'ConstitutiveSearch.EndogenousDecomposition.runThreadedNextDiscovery' does not depend on any axioms
info: RelationalPerimeter/Computation/ConstitutiveSearch/EndogenousDecomposition/ConstitutiveFeedback.lean:3287:0: 'ConstitutiveSearch.EndogenousDecomposition.filterCandidatesByHistory' does not depend on any axioms
info: RelationalPerimeter/Computation/ConstitutiveSearch/EndogenousDecomposition/ConstitutiveFeedback.lean:3288:0: 'ConstitutiveSearch.EndogenousDecomposition.provenanceAvoidCheck' does not depend on any axioms
info: RelationalPerimeter/Computation/ConstitutiveSearch/EndogenousDecomposition/ConstitutiveFeedback.lean:3289:0: 'ConstitutiveSearch.EndogenousDecomposition.inspectCandidateProvenance' does not depend on any axioms
info: RelationalPerimeter/Computation/ConstitutiveSearch/EndogenousDecomposition/ConstitutiveFeedback.lean:3290:0: 'ConstitutiveSearch.EndogenousDecomposition.provenanceAvoidCheck_decisions' does not depend on any axioms
info: RelationalPerimeter/Computation/ConstitutiveSearch/EndogenousDecomposition/ConstitutiveFeedback.lean:3291:0: 'ConstitutiveSearch.EndogenousDecomposition.filterCandidatesByProvenance' does not depend on any axioms
info: RelationalPerimeter/Computation/ConstitutiveSearch/EndogenousDecomposition/ConstitutiveFeedback.lean:3292:0: 'ConstitutiveSearch.EndogenousDecomposition.listMapLengthConstructive' does not depend on any axioms
info: RelationalPerimeter/Computation/ConstitutiveSearch/EndogenousDecomposition/ConstitutiveFeedback.lean:3293:0: 'ConstitutiveSearch.EndogenousDecomposition.filterCandidatesByProvenance_matches_history' does not depend on any axioms
info: RelationalPerimeter/Computation/ConstitutiveSearch/EndogenousDecomposition/ConstitutiveFeedback.lean:3294:0: 'ConstitutiveSearch.EndogenousDecomposition.filterCandidatesByProvenance_retained_decisions' does not depend on any axioms
info: RelationalPerimeter/Computation/ConstitutiveSearch/EndogenousDecomposition/ConstitutiveFeedback.lean:3295:0: 'ConstitutiveSearch.EndogenousDecomposition.filterCandidatesByProvenance_retained_length_le' does not depend on any axioms
info: RelationalPerimeter/Computation/ConstitutiveSearch/EndogenousDecomposition/ConstitutiveFeedback.lean:3296:0: 'ConstitutiveSearch.EndogenousDecomposition.runThreadedNextDiscovery_discovered_exact' does not depend on any axioms
info: RelationalPerimeter/Computation/ConstitutiveSearch/EndogenousDecomposition/ConstitutiveFeedback.lean:3297:0: 'ConstitutiveSearch.EndogenousDecomposition.appendProvenanceMeasured' does not depend on any axioms
info: RelationalPerimeter/Computation/ConstitutiveSearch/EndogenousDecomposition/ConstitutiveFeedback.lean:3298:0: 'ConstitutiveSearch.EndogenousDecomposition.prependProvenanceMeasured' does not depend on any axioms
info: RelationalPerimeter/Computation/ConstitutiveSearch/EndogenousDecomposition/ConstitutiveFeedback.lean:3299:0: 'ConstitutiveSearch.EndogenousDecomposition.structuralDecisionsHold_transport' does not depend on any axioms
info: RelationalPerimeter/Computation/ConstitutiveSearch/EndogenousDecomposition/ConstitutiveFeedback.lean:3300:0: 'ConstitutiveSearch.EndogenousDecomposition.stageNext_preserves_threadedDecisions' does not depend on any axioms
info: RelationalPerimeter/Computation/ConstitutiveSearch/EndogenousDecomposition/ConstitutiveFeedback.lean:3301:0: 'ConstitutiveSearch.EndogenousDecomposition.executedBranchDecision' does not depend on any axioms
info: RelationalPerimeter/Computation/ConstitutiveSearch/EndogenousDecomposition/ConstitutiveFeedback.lean:3302:0: 'ConstitutiveSearch.EndogenousDecomposition.executedBranchDecision_eq_selected_true' does not depend on any axioms
info: RelationalPerimeter/Computation/ConstitutiveSearch/EndogenousDecomposition/ConstitutiveFeedback.lean:3303:0: 'ConstitutiveSearch.EndogenousDecomposition.realizeNextOperationalState' does not depend on any axioms
info: RelationalPerimeter/Computation/ConstitutiveSearch/EndogenousDecomposition/ConstitutiveFeedback.lean:3304:0: 'ConstitutiveSearch.EndogenousDecomposition.NextOperationalStateRun.fresh' does not depend on any axioms
info: RelationalPerimeter/Computation/ConstitutiveSearch/EndogenousDecomposition/ConstitutiveFeedback.lean:3305:0: 'ConstitutiveSearch.EndogenousDecomposition.NextOperationalStateRun.generationCanonical' does not depend on any axioms
info: RelationalPerimeter/Computation/ConstitutiveSearch/EndogenousDecomposition/ConstitutiveFeedback.lean:3306:0: 'ConstitutiveSearch.EndogenousDecomposition.buildThreadedConstitutiveStage' does not depend on any axioms
info: RelationalPerimeter/Computation/ConstitutiveSearch/EndogenousDecomposition/ConstitutiveFeedback.lean:3307:0: 'ConstitutiveSearch.EndogenousDecomposition.ThreadedConstitutiveStageRun.nextDiscoveryConsumesProducedProvenance' does not depend on any axioms
info: RelationalPerimeter/Computation/ConstitutiveSearch/EndogenousDecomposition/ConstitutiveFeedback.lean:3308:0: 'ConstitutiveSearch.EndogenousDecomposition.ThreadedConstitutiveStageRun.nextDiscoveryConsumesRetainedSearchSeed' does not depend on any axioms
info: RelationalPerimeter/Computation/ConstitutiveSearch/EndogenousDecomposition/ConstitutiveFeedback.lean:3309:0: 'ConstitutiveSearch.EndogenousDecomposition.executeThreadedConstitutiveStage' does not depend on any axioms
info: RelationalPerimeter/Computation/ConstitutiveSearch/EndogenousDecomposition/ConstitutiveFeedback.lean:3310:0: 'ConstitutiveSearch.EndogenousDecomposition.executeConstitutiveExecutionHistory' does not depend on any axioms
info: RelationalPerimeter/Computation/ConstitutiveSearch/EndogenousDecomposition/ConstitutiveFeedback.lean:3311:0: 'ConstitutiveSearch.EndogenousDecomposition.failedDiscovery_noStageRun' does not depend on any axioms
info: RelationalPerimeter/Computation/ConstitutiveSearch/EndogenousDecomposition/ConstitutiveFeedback.lean:3312:0: 'ConstitutiveSearch.EndogenousDecomposition.failedDiscovery_noConstructedStage' does not depend on any axioms
info: RelationalPerimeter/Computation/ConstitutiveSearch/EndogenousDecomposition/ConstitutiveFeedback.lean:3313:0: 'ConstitutiveSearch.EndogenousDecomposition.failedDiscovery_historyCount_eq_zero' does not depend on any axioms
info: RelationalPerimeter/Computation/ConstitutiveSearch/EndogenousDecomposition/ConstitutiveFeedback.lean:3314:0: 'ConstitutiveSearch.EndogenousDecomposition.failedDiscovery_noPositiveHistory' does not depend on any axioms
info: RelationalPerimeter/Computation/ConstitutiveSearch/EndogenousDecomposition/ConstitutiveFeedback.lean:3315:0: 'ConstitutiveSearch.EndogenousDecomposition.ConstitutiveExecutionHistory.toSequentialHistory' does not depend on any axioms
info: RelationalPerimeter/Computation/ConstitutiveSearch/EndogenousDecomposition/ConstitutiveFeedback.lean:3316:0: 'ConstitutiveSearch.EndogenousDecomposition.provenanceAvoidCheck_false_of_mem' does not depend on any axioms
info: RelationalPerimeter/Computation/ConstitutiveSearch/EndogenousDecomposition/ConstitutiveFeedback.lean:3317:0: 'ConstitutiveSearch.EndogenousDecomposition.provenanceAvoidCheck_false_implies_mem' does not depend on any axioms
info: RelationalPerimeter/Computation/ConstitutiveSearch/EndogenousDecomposition/ConstitutiveFeedback.lean:3318:0: 'ConstitutiveSearch.EndogenousDecomposition.provenanceAvoidCheck_true_of_not_mem' does not depend on any axioms
info: RelationalPerimeter/Computation/ConstitutiveSearch/EndogenousDecomposition/ConstitutiveFeedback.lean:3319:0: 'ConstitutiveSearch.EndogenousDecomposition.filteredList_nodup' does not depend on any axioms
info: RelationalPerimeter/Computation/ConstitutiveSearch/EndogenousDecomposition/ConstitutiveFeedback.lean:3320:0: 'ConstitutiveSearch.EndogenousDecomposition.removeFirstVar' does not depend on any axioms
info: RelationalPerimeter/Computation/ConstitutiveSearch/EndogenousDecomposition/ConstitutiveFeedback.lean:3321:0: 'ConstitutiveSearch.EndogenousDecomposition.removeFirstVar_member_original' does not depend on any axioms
info: RelationalPerimeter/Computation/ConstitutiveSearch/EndogenousDecomposition/ConstitutiveFeedback.lean:3322:0: 'ConstitutiveSearch.EndogenousDecomposition.removeFirstVar_preserves_other' does not depend on any axioms
info: RelationalPerimeter/Computation/ConstitutiveSearch/EndogenousDecomposition/ConstitutiveFeedback.lean:3323:0: 'ConstitutiveSearch.EndogenousDecomposition.removeFirstVar_length_plus_one' does not depend on any axioms
info: RelationalPerimeter/Computation/ConstitutiveSearch/EndogenousDecomposition/ConstitutiveFeedback.lean:3324:0: 'ConstitutiveSearch.EndogenousDecomposition.removeFirstVar_nodup' does not depend on any axioms
info: RelationalPerimeter/Computation/ConstitutiveSearch/EndogenousDecomposition/ConstitutiveFeedback.lean:3325:0: 'ConstitutiveSearch.EndogenousDecomposition.removeFirstVar_excludes_target' does not depend on any axioms
info: RelationalPerimeter/Computation/ConstitutiveSearch/EndogenousDecomposition/ConstitutiveFeedback.lean:3326:0: 'ConstitutiveSearch.EndogenousDecomposition.nodupVarLists_sameLength_of_mutualMembership' does not depend on any axioms
info: RelationalPerimeter/Computation/ConstitutiveSearch/EndogenousDecomposition/ConstitutiveFeedback.lean:3327:0: 'ConstitutiveSearch.EndogenousDecomposition.filter_complement_lengths' does not depend on any axioms
info: RelationalPerimeter/Computation/ConstitutiveSearch/EndogenousDecomposition/ConstitutiveFeedback.lean:3328:0: 'ConstitutiveSearch.EndogenousDecomposition.filter_append_constructive' does not depend on any axioms
info: RelationalPerimeter/Computation/ConstitutiveSearch/EndogenousDecomposition/ConstitutiveFeedback.lean:3329:0: 'ConstitutiveSearch.EndogenousDecomposition.rejectedCandidates_length_eq_provenance' does not depend on any axioms
info: RelationalPerimeter/Computation/ConstitutiveSearch/EndogenousDecomposition/ConstitutiveFeedback.lean:3330:0: 'ConstitutiveSearch.EndogenousDecomposition.retainedCandidates_length_add_provenance' does not depend on any axioms
info: RelationalPerimeter/Computation/ConstitutiveSearch/EndogenousDecomposition/ConstitutiveFeedback.lean:3331:0: 'ConstitutiveSearch.EndogenousDecomposition.exploreFailuresThenSuccess_attempts' does not depend on any axioms
info: RelationalPerimeter/Computation/ConstitutiveSearch/EndogenousDecomposition/ConstitutiveFeedback.lean:3332:0: 'ConstitutiveSearch.EndogenousDecomposition.ThreadedProvenanceInvariant' does not depend on any axioms
info: RelationalPerimeter/Computation/ConstitutiveSearch/EndogenousDecomposition/ConstitutiveFeedback.lean:3333:0: 'ConstitutiveSearch.EndogenousDecomposition.initialThreadedProvenanceInvariant' does not depend on any axioms
info: RelationalPerimeter/Computation/ConstitutiveSearch/EndogenousDecomposition/ConstitutiveFeedback.lean:3334:0: 'ConstitutiveSearch.EndogenousDecomposition.ThreadedProvenanceInvariant.next' does not depend on any axioms
info: RelationalPerimeter/Computation/ConstitutiveSearch/EndogenousDecomposition/ConstitutiveFeedback.lean:3335:0: 'ConstitutiveSearch.EndogenousDecomposition.selectedMeasuredCandidate_succeeds' does not depend on any axioms
info: RelationalPerimeter/Computation/ConstitutiveSearch/EndogenousDecomposition/ConstitutiveFeedback.lean:3336:0: 'ConstitutiveSearch.EndogenousDecomposition.threadedDiscovery_attempts_add_provenance_exact' does not depend on any axioms
info: RelationalPerimeter/Computation/ConstitutiveSearch/EndogenousDecomposition/ConstitutiveFeedback.lean:3337:0: 'ConstitutiveSearch.EndogenousDecomposition.threadedAttemptTotal' does not depend on any axioms
info: RelationalPerimeter/Computation/ConstitutiveSearch/EndogenousDecomposition/ConstitutiveFeedback.lean:3338:0: 'ConstitutiveSearch.EndogenousDecomposition.ThreadedConstitutiveStageRun.stageDiscoveryOutcomeExact' does not depend on any axioms
info: RelationalPerimeter/Computation/ConstitutiveSearch/EndogenousDecomposition/ConstitutiveFeedback.lean:3339:0: 'ConstitutiveSearch.EndogenousDecomposition.natAddRightCancelConstructive' does not depend on any axioms
info: RelationalPerimeter/Computation/ConstitutiveSearch/EndogenousDecomposition/ConstitutiveFeedback.lean:3340:0: 'ConstitutiveSearch.EndogenousDecomposition.nextThreadedDiscovery_attempts_succ' does not depend on any axioms
info: RelationalPerimeter/Computation/ConstitutiveSearch/EndogenousDecomposition/ConstitutiveFeedback.lean:3341:0: 'ConstitutiveSearch.EndogenousDecomposition.ConstitutiveExecutionHistory.discoveryAttempts_eq_threadedTotal' does not depend on any axioms
info: RelationalPerimeter/Computation/ConstitutiveSearch/EndogenousDecomposition/ConstitutiveFeedback.lean:3342:0: 'ConstitutiveSearch.EndogenousDecomposition.threadedAttemptTotal_mono' does not depend on any axioms
info: RelationalPerimeter/Computation/ConstitutiveSearch/EndogenousDecomposition/ConstitutiveFeedback.lean:3343:0: 'ConstitutiveSearch.EndogenousDecomposition.threadedAttemptTotal_integrated_strict' does not depend on any axioms
info: RelationalPerimeter/Computation/ConstitutiveSearch/EndogenousDecomposition/ConstitutiveFeedback.lean:3344:0: 'ConstitutiveSearch.EndogenousDecomposition.executedThreadedHistory_attempts_exact' does not depend on any axioms
info: RelationalPerimeter/Computation/ConstitutiveSearch/EndogenousDecomposition/ConstitutiveFeedback.lean:3345:0: 'ConstitutiveSearch.EndogenousDecomposition.listLengthAppendConstructive' does not depend on any axioms
info: RelationalPerimeter/Computation/ConstitutiveSearch/EndogenousDecomposition/ConstitutiveFeedback.lean:3346:0: 'ConstitutiveSearch.EndogenousDecomposition.extractCnfCandidateRun_length' does not depend on any axioms
info: RelationalPerimeter/Computation/ConstitutiveSearch/EndogenousDecomposition/ConstitutiveFeedback.lean:3347:0: 'ConstitutiveSearch.EndogenousDecomposition.runCandidateExtraction_length' does not depend on any axioms
info: RelationalPerimeter/Computation/ConstitutiveSearch/EndogenousDecomposition/ConstitutiveFeedback.lean:3348:0: 'ConstitutiveSearch.EndogenousDecomposition.priorSelected_extracted_next' does not depend on any axioms
info: RelationalPerimeter/Computation/ConstitutiveSearch/EndogenousDecomposition/ConstitutiveFeedback.lean:3349:0: 'ConstitutiveSearch.EndogenousDecomposition.erasedHistory_retains_priorSelected' does not depend on any axioms
info: RelationalPerimeter/Computation/ConstitutiveSearch/EndogenousDecomposition/ConstitutiveFeedback.lean:3350:0: 'ConstitutiveSearch.EndogenousDecomposition.reachableHistory_candidateTraces_different' does not depend on any axioms
info: RelationalPerimeter/Computation/ConstitutiveSearch/EndogenousDecomposition/ConstitutiveFeedback.lean:3351:0: 'ConstitutiveSearch.EndogenousDecomposition.ConstitutiveExecutionHistory.testedCandidates_eq_attempts' does not depend on any axioms
info: RelationalPerimeter/Computation/ConstitutiveSearch/EndogenousDecomposition/ConstitutiveFeedback.lean:3352:0: 'ConstitutiveSearch.EndogenousDecomposition.ConstitutiveExecutionHistory.controlStats_exact' does not depend on any axioms
info: RelationalPerimeter/Computation/ConstitutiveSearch/EndogenousDecomposition/ConstitutiveFeedback.lean:3353:0: 'ConstitutiveSearch.EndogenousDecomposition.ConstitutiveExecutionHistory.executedBits_length' does not depend on any axioms
info: RelationalPerimeter/Computation/ConstitutiveSearch/EndogenousDecomposition/ConstitutiveFeedback.lean:3354:0: 'ConstitutiveSearch.EndogenousDecomposition.ConstitutiveExecutionHistory.decisionAccumulations_eq_count' does not depend on any axioms
info: RelationalPerimeter/Computation/ConstitutiveSearch/EndogenousDecomposition/ConstitutiveFeedback.lean:3355:0: 'ConstitutiveSearch.EndogenousDecomposition.ConstitutiveExecutionHistory.provenanceVisits_eq_count' does not depend on any axioms
info: RelationalPerimeter/Computation/ConstitutiveSearch/EndogenousDecomposition/ConstitutiveFeedback.lean:3356:0: 'ConstitutiveSearch.EndogenousDecomposition.ConstitutiveExecutionHistory.inspections_bound' does not depend on any axioms
info: RelationalPerimeter/Computation/ConstitutiveSearch/EndogenousDecomposition/ConstitutiveFeedback.lean:3357:0: 'ConstitutiveSearch.EndogenousDecomposition.executedFeedbackHistory_provenanceVisits' does not depend on any axioms
info: RelationalPerimeter/Computation/ConstitutiveSearch/EndogenousDecomposition/ConstitutiveFeedback.lean:3358:0: 'ConstitutiveSearch.EndogenousDecomposition.executedFeedbackHistory_inspections_bound' does not depend on any axioms
info: RelationalPerimeter/Computation/ConstitutiveSearch/EndogenousDecomposition/ConstitutiveFeedback.lean:3359:0: 'ConstitutiveSearch.EndogenousDecomposition.roleStage_decision_reads_executedOutput' does not depend on any axioms
info: RelationalPerimeter/Computation/ConstitutiveSearch/EndogenousDecomposition/ConstitutiveFeedback.lean:3360:0: 'ConstitutiveSearch.EndogenousDecomposition.roleStage_output_constitutes_nextOperationalState' does not depend on any axioms
info: RelationalPerimeter/Computation/ConstitutiveSearch/EndogenousDecomposition/ConstitutiveFeedback.lean:3361:0: 'ConstitutiveSearch.EndogenousDecomposition.buildThreadedConstitutiveRoleHistory' does not depend on any axioms
info: RelationalPerimeter/Computation/ConstitutiveSearch/EndogenousDecomposition/ConstitutiveFeedback.lean:3362:0: 'ConstitutiveSearch.EndogenousDecomposition.nextDiscoveryCommonOrigin' does not depend on any axioms
info: RelationalPerimeter/Computation/ConstitutiveSearch/EndogenousDecomposition/ConstitutiveFeedback.lean:3363:0: 'ConstitutiveSearch.EndogenousDecomposition.blockedNextDiscoveryChild' does not depend on any axioms
info: RelationalPerimeter/Computation/ConstitutiveSearch/EndogenousDecomposition/ConstitutiveFeedback.lean:3364:0: 'ConstitutiveSearch.EndogenousDecomposition.retainedNextDiscoveryState' does not depend on any axioms
info: RelationalPerimeter/Computation/ConstitutiveSearch/EndogenousDecomposition/ConstitutiveFeedback.lean:3365:0: 'ConstitutiveSearch.EndogenousDecomposition.blockedNextDiscoveryChild_decisions' does not depend on any axioms
info: RelationalPerimeter/Computation/ConstitutiveSearch/EndogenousDecomposition/ConstitutiveFeedback.lean:3366:0: 'ConstitutiveSearch.EndogenousDecomposition.blockedNextDiscoveryCarrier' does not depend on any axioms
info: RelationalPerimeter/Computation/ConstitutiveSearch/EndogenousDecomposition/ConstitutiveFeedback.lean:3367:0: 'ConstitutiveSearch.EndogenousDecomposition.blockedNextDiscoveryConstruction' does not depend on any axioms
info: RelationalPerimeter/Computation/ConstitutiveSearch/EndogenousDecomposition/ConstitutiveFeedback.lean:3368:0: 'ConstitutiveSearch.EndogenousDecomposition.blockedNextDiscoveryState' does not depend on any axioms
info: RelationalPerimeter/Computation/ConstitutiveSearch/EndogenousDecomposition/ConstitutiveFeedback.lean:3369:0: 'ConstitutiveSearch.EndogenousDecomposition.nextDiscovery_retained_found' does not depend on any axioms
info: RelationalPerimeter/Computation/ConstitutiveSearch/EndogenousDecomposition/ConstitutiveFeedback.lean:3370:0: 'ConstitutiveSearch.EndogenousDecomposition.nextDiscoveryConstitution' does not depend on any axioms
info: RelationalPerimeter/Computation/ConstitutiveSearch/EndogenousDecomposition/ConstitutiveFeedback.lean:3371:0: 'ConstitutiveSearch.EndogenousDecomposition.nextDiscoveryProjection' does not depend on any axioms
info: RelationalPerimeter/Computation/ConstitutiveSearch/EndogenousDecomposition/ConstitutiveFeedback.lean:3372:0: 'ConstitutiveSearch.EndogenousDecomposition.nextDiscovery_blocked_none' does not depend on any axioms
info: RelationalPerimeter/Computation/ConstitutiveSearch/EndogenousDecomposition/ConstitutiveFeedback.lean:3373:0: 'ConstitutiveSearch.EndogenousDecomposition.blocked_discovery_constructs_no_stage' does not depend on any axioms
info: RelationalPerimeter/Computation/ConstitutiveSearch/EndogenousDecomposition/ConstitutiveFeedback.lean:3374:0: 'ConstitutiveSearch.EndogenousDecomposition.nextDiscovery_states_share_executed_origin' does not depend on any axioms
info: RelationalPerimeter/Computation/ConstitutiveSearch/EndogenousDecomposition/ConstitutiveFeedback.lean:3375:0: 'ConstitutiveSearch.EndogenousDecomposition.blockedNextDiscovery_history_length' does not depend on any axioms
info: RelationalPerimeter/Computation/ConstitutiveSearch/EndogenousDecomposition/ConstitutiveFeedback.lean:3376:0: 'ConstitutiveSearch.EndogenousDecomposition.nextDiscovery_history_lengths_distinct' does not depend on any axioms
info: RelationalPerimeter/Computation/ConstitutiveSearch/EndogenousDecomposition/ConstitutiveFeedback.lean:3377:0: 'ConstitutiveSearch.EndogenousDecomposition.nextDiscovery_histories_distinct' does not depend on any axioms
info: RelationalPerimeter/Computation/ConstitutiveSearch/EndogenousDecomposition/ConstitutiveFeedback.lean:3378:0: 'ConstitutiveSearch.EndogenousDecomposition.nextDiscovery_outcome_different' does not depend on any axioms
info: RelationalPerimeter/Computation/ConstitutiveSearch/EndogenousDecomposition/ConstitutiveFeedback.lean:3379:0: 'ConstitutiveSearch.EndogenousDecomposition.nextDiscovery_projection_equal' does not depend on any axioms
info: RelationalPerimeter/Computation/ConstitutiveSearch/EndogenousDecomposition/ConstitutiveFeedback.lean:3380:0: 'ConstitutiveSearch.EndogenousDecomposition.nextDiscovery_not_factors' does not depend on any axioms
info: RelationalPerimeter/Computation/ConstitutiveSearch/EndogenousDecomposition/ConstitutiveFeedback.lean:3381:0: 'ConstitutiveSearch.EndogenousDecomposition.feedbackFailureArtifacts_exact' does not depend on any axioms
ℹ [99/106] Replayed RelationalPerimeter.Computation.ConstitutiveSearch.EndogenousDecomposition.ConstitutiveResolution
info: RelationalPerimeter/Computation/ConstitutiveSearch/EndogenousDecomposition/ConstitutiveResolution.lean:1056:0: 'ConstitutiveSearch.EndogenousDecomposition.ConstitutiveResolutionRun' does not depend on any axioms
info: RelationalPerimeter/Computation/ConstitutiveSearch/EndogenousDecomposition/ConstitutiveResolution.lean:1057:0: 'ConstitutiveSearch.EndogenousDecomposition.ConstitutiveResolutionRun.terminalReadWork_bound' does not depend on any axioms
info: RelationalPerimeter/Computation/ConstitutiveSearch/EndogenousDecomposition/ConstitutiveResolution.lean:1058:0: 'ConstitutiveSearch.EndogenousDecomposition.ConstitutiveResolutionRun.realizationWork_bound' does not depend on any axioms
info: RelationalPerimeter/Computation/ConstitutiveSearch/EndogenousDecomposition/ConstitutiveResolution.lean:1059:0: 'ConstitutiveSearch.EndogenousDecomposition.ConstitutiveResolutionRun.productionCalls' does not depend on any axioms
info: RelationalPerimeter/Computation/ConstitutiveSearch/EndogenousDecomposition/ConstitutiveResolution.lean:1060:0: 'ConstitutiveSearch.EndogenousDecomposition.ConstitutiveResolutionRun.productionCalls_exact' does not depend on any axioms
info: RelationalPerimeter/Computation/ConstitutiveSearch/EndogenousDecomposition/ConstitutiveResolution.lean:1061:0: 'ConstitutiveSearch.EndogenousDecomposition.resolutionProduction' does not depend on any axioms
info: RelationalPerimeter/Computation/ConstitutiveSearch/EndogenousDecomposition/ConstitutiveResolution.lean:1062:0: 'ConstitutiveSearch.EndogenousDecomposition.ConstitutiveResolutionRun.measuredSearchWork' does not depend on any axioms
info: RelationalPerimeter/Computation/ConstitutiveSearch/EndogenousDecomposition/ConstitutiveResolution.lean:1063:0: 'ConstitutiveSearch.EndogenousDecomposition.ConstitutiveResolutionRun.measuredSearchWork_bound' does not depend on any axioms
info: RelationalPerimeter/Computation/ConstitutiveSearch/EndogenousDecomposition/ConstitutiveResolution.lean:1064:0: 'ConstitutiveSearch.EndogenousDecomposition.constitutiveMeasuredSearch_inputPolynomial' does not depend on any axioms
info: RelationalPerimeter/Computation/ConstitutiveSearch/EndogenousDecomposition/ConstitutiveResolution.lean:1065:0: 'ConstitutiveSearch.EndogenousDecomposition.ConstitutiveResolutionRun.generatorsExact' does not depend on any axioms
info: RelationalPerimeter/Computation/ConstitutiveSearch/EndogenousDecomposition/ConstitutiveResolution.lean:1066:0: 'ConstitutiveSearch.EndogenousDecomposition.ConstitutiveResolutionRun.genericTraversalExact' does not depend on any axioms
info: RelationalPerimeter/Computation/ConstitutiveSearch/EndogenousDecomposition/ConstitutiveResolution.lean:1067:0: 'ConstitutiveSearch.EndogenousDecomposition.resolutionGeneratedHistory_eq_reference' does not depend on any axioms
info: RelationalPerimeter/Computation/ConstitutiveSearch/EndogenousDecomposition/ConstitutiveResolution.lean:1068:0: 'ConstitutiveSearch.EndogenousDecomposition.executeConstitutiveResolution' does not depend on any axioms
info: RelationalPerimeter/Computation/ConstitutiveSearch/EndogenousDecomposition/ConstitutiveResolution.lean:1069:0: 'ConstitutiveSearch.EndogenousDecomposition.encodeConstitutiveInput_length' does not depend on any axioms
info: RelationalPerimeter/Computation/ConstitutiveSearch/EndogenousDecomposition/ConstitutiveResolution.lean:1070:0: 'ConstitutiveSearch.EndogenousDecomposition.executeConstitutiveResolution_decision_from_terminal' does not depend on any axioms
info: RelationalPerimeter/Computation/ConstitutiveSearch/EndogenousDecomposition/ConstitutiveResolution.lean:1071:0: 'ConstitutiveSearch.EndogenousDecomposition.executeConstitutiveResolution_decision' does not depend on any axioms
info: RelationalPerimeter/Computation/ConstitutiveSearch/EndogenousDecomposition/ConstitutiveResolution.lean:1072:0: 'ConstitutiveSearch.EndogenousDecomposition.executeConstitutiveResolution_zero_yes' does not depend on any axioms
info: RelationalPerimeter/Computation/ConstitutiveSearch/EndogenousDecomposition/ConstitutiveResolution.lean:1073:0: 'ConstitutiveSearch.EndogenousDecomposition.executeConstitutiveResolution_one_no' does not depend on any axioms
info: RelationalPerimeter/Computation/ConstitutiveSearch/EndogenousDecomposition/ConstitutiveResolution.lean:1074:0: 'ConstitutiveSearch.EndogenousDecomposition.executeConstitutiveResolution_noGlobalComposition' does not depend on any axioms
info: RelationalPerimeter/Computation/ConstitutiveSearch/EndogenousDecomposition/ConstitutiveResolution.lean:1075:0: 'ConstitutiveSearch.EndogenousDecomposition.executeConstitutiveResolution_correspondences' does not depend on any axioms
info: RelationalPerimeter/Computation/ConstitutiveSearch/EndogenousDecomposition/ConstitutiveResolution.lean:1076:0: 'ConstitutiveSearch.EndogenousDecomposition.resolution_generatedSteps_strict' does not depend on any axioms
info: RelationalPerimeter/Computation/ConstitutiveSearch/EndogenousDecomposition/ConstitutiveResolution.lean:1077:0: 'ConstitutiveSearch.EndogenousDecomposition.executeConstitutiveResolution_attempts_exact' does not depend on any axioms
info: RelationalPerimeter/Computation/ConstitutiveSearch/EndogenousDecomposition/ConstitutiveResolution.lean:1078:0: 'ConstitutiveSearch.EndogenousDecomposition.executeConstitutiveResolution_attempts_strict' does not depend on any axioms
info: RelationalPerimeter/Computation/ConstitutiveSearch/EndogenousDecomposition/ConstitutiveResolution.lean:1079:0: 'ConstitutiveSearch.EndogenousDecomposition.constitutiveCausalStageEvidence' does not depend on any axioms
info: RelationalPerimeter/Computation/ConstitutiveSearch/EndogenousDecomposition/ConstitutiveResolution.lean:1080:0: 'ConstitutiveSearch.EndogenousDecomposition.section6OperationalSuccessionEvidence' does not depend on any axioms
info: RelationalPerimeter/Computation/ConstitutiveSearch/EndogenousDecomposition/ConstitutiveResolution.lean:1081:0: 'ConstitutiveSearch.EndogenousDecomposition.endogenousOperationalDecompositionEvidence' does not depend on any axioms
ℹ [100/106] Replayed RelationalPerimeter.Computation.ConstitutiveSearch.EndogenousDecomposition.MeasuredAccounting
info: RelationalPerimeter/Computation/ConstitutiveSearch/EndogenousDecomposition/MeasuredAccounting.lean:1111:0: 'ConstitutiveSearch.EndogenousDecomposition.measuredPhase_occurs_once' does not depend on any axioms
info: RelationalPerimeter/Computation/ConstitutiveSearch/EndogenousDecomposition/MeasuredAccounting.lean:1112:0: 'ConstitutiveSearch.EndogenousDecomposition.ConstitutiveResolutionRun.generationMaterializationWork' does not depend on any axioms
info: RelationalPerimeter/Computation/ConstitutiveSearch/EndogenousDecomposition/MeasuredAccounting.lean:1113:0: 'ConstitutiveSearch.EndogenousDecomposition.ConstitutiveResolutionRun.generationMaterializationWork_exact' does not depend on any axioms
info: RelationalPerimeter/Computation/ConstitutiveSearch/EndogenousDecomposition/MeasuredAccounting.lean:1114:0: 'ConstitutiveSearch.EndogenousDecomposition.ConstitutiveResolutionRun.extractedCandidateWork_bound' does not depend on any axioms
info: RelationalPerimeter/Computation/ConstitutiveSearch/EndogenousDecomposition/MeasuredAccounting.lean:1115:0: 'ConstitutiveSearch.EndogenousDecomposition.resolutionAttemptPolynomial_eval' does not depend on any axioms
info: RelationalPerimeter/Computation/ConstitutiveSearch/EndogenousDecomposition/MeasuredAccounting.lean:1116:0: 'ConstitutiveSearch.EndogenousDecomposition.ConstitutiveResolutionRun.candidateTestWork_bound' does not depend on any axioms
info: RelationalPerimeter/Computation/ConstitutiveSearch/EndogenousDecomposition/MeasuredAccounting.lean:1117:0: 'ConstitutiveSearch.EndogenousDecomposition.ConstitutiveResolutionRun.relationQueryWork_bound' does not depend on any axioms
info: RelationalPerimeter/Computation/ConstitutiveSearch/EndogenousDecomposition/MeasuredAccounting.lean:1118:0: 'ConstitutiveSearch.EndogenousDecomposition.ConstitutiveResolutionRun.validatedAtomWork_exact' does not depend on any axioms
info: RelationalPerimeter/Computation/ConstitutiveSearch/EndogenousDecomposition/MeasuredAccounting.lean:1119:0: 'ConstitutiveSearch.EndogenousDecomposition.ConstitutiveResolutionRun.section7ControlWork_bound' does not depend on any axioms
info: RelationalPerimeter/Computation/ConstitutiveSearch/EndogenousDecomposition/MeasuredAccounting.lean:1120:0: 'ConstitutiveSearch.EndogenousDecomposition.ConstitutiveResolutionRun.decisionAccumulationWork' does not depend on any axioms
info: RelationalPerimeter/Computation/ConstitutiveSearch/EndogenousDecomposition/MeasuredAccounting.lean:1121:0: 'ConstitutiveSearch.EndogenousDecomposition.ConstitutiveResolutionRun.decisionProvenanceWork' does not depend on any axioms
info: RelationalPerimeter/Computation/ConstitutiveSearch/EndogenousDecomposition/MeasuredAccounting.lean:1122:0: 'ConstitutiveSearch.EndogenousDecomposition.ConstitutiveResolutionRun.historyFilteringWork' does not depend on any axioms
info: RelationalPerimeter/Computation/ConstitutiveSearch/EndogenousDecomposition/MeasuredAccounting.lean:1123:0: 'ConstitutiveSearch.EndogenousDecomposition.ConstitutiveResolutionRun.feedbackControlWork' does not depend on any axioms
info: RelationalPerimeter/Computation/ConstitutiveSearch/EndogenousDecomposition/MeasuredAccounting.lean:1124:0: 'ConstitutiveSearch.EndogenousDecomposition.ConstitutiveResolutionRun.feedbackControlWork_bound' does not depend on any axioms
info: RelationalPerimeter/Computation/ConstitutiveSearch/EndogenousDecomposition/MeasuredAccounting.lean:1125:0: 'ConstitutiveSearch.EndogenousDecomposition.feedbackControlWork_inputPolynomial' does not depend on any axioms
info: RelationalPerimeter/Computation/ConstitutiveSearch/EndogenousDecomposition/MeasuredAccounting.lean:1126:0: 'ConstitutiveSearch.EndogenousDecomposition.ConstitutiveResolutionRun.additionalOwnedWork' does not depend on any axioms
info: RelationalPerimeter/Computation/ConstitutiveSearch/EndogenousDecomposition/MeasuredAccounting.lean:1127:0: 'ConstitutiveSearch.EndogenousDecomposition.ConstitutiveResolutionRun.previouslyOwnedWork_exact' does not depend on any axioms
info: RelationalPerimeter/Computation/ConstitutiveSearch/EndogenousDecomposition/MeasuredAccounting.lean:1128:0: 'ConstitutiveSearch.EndogenousDecomposition.ConstitutiveResolutionRun.additionalOwnedWork_bound' does not depend on any axioms
info: RelationalPerimeter/Computation/ConstitutiveSearch/EndogenousDecomposition/MeasuredAccounting.lean:1129:0: 'ConstitutiveSearch.EndogenousDecomposition.IntegratedProjectionExperiment.measuredWork' does not depend on any axioms
info: RelationalPerimeter/Computation/ConstitutiveSearch/EndogenousDecomposition/MeasuredAccounting.lean:1130:0: 'ConstitutiveSearch.EndogenousDecomposition.ConstitutiveResolutionRun.phaseWork' does not depend on any axioms
info: RelationalPerimeter/Computation/ConstitutiveSearch/EndogenousDecomposition/MeasuredAccounting.lean:1131:0: 'ConstitutiveSearch.EndogenousDecomposition.ConstitutiveResolutionRun.instrumentedWork' does not depend on any axioms
info: RelationalPerimeter/Computation/ConstitutiveSearch/EndogenousDecomposition/MeasuredAccounting.lean:1132:0: 'ConstitutiveSearch.EndogenousDecomposition.canonicalMeasuredAccounting' does not depend on any axioms
info: RelationalPerimeter/Computation/ConstitutiveSearch/EndogenousDecomposition/MeasuredAccounting.lean:1133:0: 'ConstitutiveSearch.EndogenousDecomposition.CanonicalMeasuredAccounting.total_is_canonical' does not depend on any axioms
info: RelationalPerimeter/Computation/ConstitutiveSearch/EndogenousDecomposition/MeasuredAccounting.lean:1134:0: 'ConstitutiveSearch.EndogenousDecomposition.canonicalMeasuredAccounting_not_inflatable' does not depend on any axioms
info: RelationalPerimeter/Computation/ConstitutiveSearch/EndogenousDecomposition/MeasuredAccounting.lean:1135:0: 'ConstitutiveSearch.EndogenousDecomposition.discoveryWork_does_not_add_legacy_surface' does not depend on any axioms
info: RelationalPerimeter/Computation/ConstitutiveSearch/EndogenousDecomposition/MeasuredAccounting.lean:1136:0: 'ConstitutiveSearch.EndogenousDecomposition.projectionWork_shared_source_once' does not depend on any axioms
info: RelationalPerimeter/Computation/ConstitutiveSearch/EndogenousDecomposition/MeasuredAccounting.lean:1137:0: 'ConstitutiveSearch.EndogenousDecomposition.stageExtractionEnvelope_mono' does not depend on any axioms
info: RelationalPerimeter/Computation/ConstitutiveSearch/EndogenousDecomposition/MeasuredAccounting.lean:1138:0: 'ConstitutiveSearch.EndogenousDecomposition.retainedStageExtraction_bound' does not depend on any axioms
info: RelationalPerimeter/Computation/ConstitutiveSearch/EndogenousDecomposition/MeasuredAccounting.lean:1139:0: 'ConstitutiveSearch.EndogenousDecomposition.historyExtraction_bound' does not depend on any axioms
info: RelationalPerimeter/Computation/ConstitutiveSearch/EndogenousDecomposition/MeasuredAccounting.lean:1140:0: 'ConstitutiveSearch.EndogenousDecomposition.ConstitutiveResolutionRun.extractionWork_bound' does not depend on any axioms
info: RelationalPerimeter/Computation/ConstitutiveSearch/EndogenousDecomposition/MeasuredAccounting.lean:1141:0: 'ConstitutiveSearch.EndogenousDecomposition.ConstitutiveResolutionRun.mainInstrumentedWork' does not depend on any axioms
info: RelationalPerimeter/Computation/ConstitutiveSearch/EndogenousDecomposition/MeasuredAccounting.lean:1142:0: 'ConstitutiveSearch.EndogenousDecomposition.ConstitutiveResolutionRun.mainInstrumentedWork_bound' does not depend on any axioms
info: RelationalPerimeter/Computation/ConstitutiveSearch/EndogenousDecomposition/MeasuredAccounting.lean:1143:0: 'ConstitutiveSearch.EndogenousDecomposition.mainInstrumentedWork_inputPolynomial' does not depend on any axioms
info: RelationalPerimeter/Computation/ConstitutiveSearch/EndogenousDecomposition/MeasuredAccounting.lean:1144:0: 'ConstitutiveSearch.EndogenousDecomposition.ConstitutiveResolutionRun.instrumentedWork_partition' does not depend on any axioms
info: RelationalPerimeter/Computation/ConstitutiveSearch/EndogenousDecomposition/MeasuredAccounting.lean:1145:0: 'ConstitutiveSearch.EndogenousDecomposition.measuredProjection_search_read_bound' does not depend on any axioms
info: RelationalPerimeter/Computation/ConstitutiveSearch/EndogenousDecomposition/MeasuredAccounting.lean:1146:0: 'ConstitutiveSearch.EndogenousDecomposition.measuredConstitutiveEvidence' does not depend on any axioms
info: RelationalPerimeter/Computation/ConstitutiveSearch/EndogenousDecomposition/MeasuredAccounting.lean:1147:0: 'ConstitutiveSearch.EndogenousDecomposition.measuredProductionCalls_strict' does not depend on any axioms
info: RelationalPerimeter/Computation/ConstitutiveSearch/EndogenousDecomposition/MeasuredAccounting.lean:1148:0: 'ConstitutiveSearch.EndogenousDecomposition.integratedProjection_measured_bound' does not depend on any axioms
info: RelationalPerimeter/Computation/ConstitutiveSearch/EndogenousDecomposition/MeasuredAccounting.lean:1149:0: 'ConstitutiveSearch.EndogenousDecomposition.ConstitutiveResolutionRun.projectionWork_bound' does not depend on any axioms
info: RelationalPerimeter/Computation/ConstitutiveSearch/EndogenousDecomposition/MeasuredAccounting.lean:1150:0: 'ConstitutiveSearch.EndogenousDecomposition.ConstitutiveResolutionRun.instrumentedWork_bound' does not depend on any axioms
info: RelationalPerimeter/Computation/ConstitutiveSearch/EndogenousDecomposition/MeasuredAccounting.lean:1151:0: 'ConstitutiveSearch.EndogenousDecomposition.canonicalIntegratedProjectionEnvelope_bound' does not depend on any axioms
info: RelationalPerimeter/Computation/ConstitutiveSearch/EndogenousDecomposition/MeasuredAccounting.lean:1152:0: 'ConstitutiveSearch.EndogenousDecomposition.projectionStagePolynomial_eval' does not depend on any axioms
info: RelationalPerimeter/Computation/ConstitutiveSearch/EndogenousDecomposition/MeasuredAccounting.lean:1153:0: 'ConstitutiveSearch.EndogenousDecomposition.ConstitutiveResolutionRun.projectionEnvelope_bound' does not depend on any axioms
info: RelationalPerimeter/Computation/ConstitutiveSearch/EndogenousDecomposition/MeasuredAccounting.lean:1154:0: 'ConstitutiveSearch.EndogenousDecomposition.ConstitutiveResolutionRun.instrumentedWork_polynomial_bound' does not depend on any axioms
info: RelationalPerimeter/Computation/ConstitutiveSearch/EndogenousDecomposition/MeasuredAccounting.lean:1155:0: 'ConstitutiveSearch.EndogenousDecomposition.instrumentedWork_inputPolynomial' does not depend on any axioms
info: RelationalPerimeter/Computation/ConstitutiveSearch/EndogenousDecomposition/MeasuredAccounting.lean:1156:0: 'ConstitutiveSearch.EndogenousDecomposition.executeConstitutiveResolution_section7Coverage' does not depend on any axioms
info: RelationalPerimeter/Computation/ConstitutiveSearch/EndogenousDecomposition/MeasuredAccounting.lean:1157:0: 'ConstitutiveSearch.EndogenousDecomposition.endogenousOperationalDecompositionPerInputEvidence' does not depend on any axioms
info: RelationalPerimeter/Computation/ConstitutiveSearch/EndogenousDecomposition/MeasuredAccounting.lean:1158:0: 'ConstitutiveSearch.EndogenousDecomposition.endogenousOperationalDecompositionFamily' does not depend on any axioms
info: RelationalPerimeter/Computation/ConstitutiveSearch/EndogenousDecomposition/MeasuredAccounting.lean:1159:0: 'ConstitutiveSearch.EndogenousDecomposition.measuredConstitutiveFamily' does not depend on any axioms
ℹ [101/106] Replayed RelationalPerimeter.Computation.EndogenousOperationalDecomposition
info: RelationalPerimeter/Computation/EndogenousOperationalDecomposition.lean:331:0: 'RelationalPerimeter.Computation.EndogenousOperationalDecomposition.evidence' does not depend on any axioms
info: RelationalPerimeter/Computation/EndogenousOperationalDecomposition.lean:332:0: 'RelationalPerimeter.Computation.EndogenousOperationalDecomposition.family' does not depend on any axioms
info: RelationalPerimeter/Computation/EndogenousOperationalDecomposition.lean:333:0: 'RelationalPerimeter.Computation.EndogenousOperationalDecomposition.opening_produces_structurally_distinct_alternatives' does not depend on any axioms
info: RelationalPerimeter/Computation/EndogenousOperationalDecomposition.lean:334:0: 'RelationalPerimeter.Computation.EndogenousOperationalDecomposition.transformContinuation' does not depend on any axioms
info: RelationalPerimeter/Computation/EndogenousOperationalDecomposition.lean:335:0: 'RelationalPerimeter.Computation.EndogenousOperationalDecomposition.transformContinuation_preserves_acceptance' does not depend on any axioms
info: RelationalPerimeter/Computation/EndogenousOperationalDecomposition.lean:336:0: 'RelationalPerimeter.Computation.EndogenousOperationalDecomposition.reconstructed_transport_preserves_viability' does not depend on any axioms
info: RelationalPerimeter/Computation/EndogenousOperationalDecomposition.lean:337:0: 'RelationalPerimeter.Computation.EndogenousOperationalDecomposition.opening_then_absorption_preserves_frontier_viability' does not depend on any axioms
info: RelationalPerimeter/Computation/EndogenousOperationalDecomposition.lean:338:0: 'RelationalPerimeter.Computation.EndogenousOperationalDecomposition.complete_step_precedes_acceptance' does not depend on any axioms
info: RelationalPerimeter/Computation/EndogenousOperationalDecomposition.lean:339:0: 'RelationalPerimeter.Computation.EndogenousOperationalDecomposition.failed_discovery_constructs_no_stage' does not depend on any axioms
info: RelationalPerimeter/Computation/EndogenousOperationalDecomposition.lean:340:0: 'RelationalPerimeter.Computation.EndogenousOperationalDecomposition.failed_discovery_constructs_no_descendant_history' does not depend on any axioms
info: RelationalPerimeter/Computation/EndogenousOperationalDecomposition.lean:341:0: 'RelationalPerimeter.Computation.EndogenousOperationalDecomposition.decoy_relation_candidates_fail' does not depend on any axioms
info: RelationalPerimeter/Computation/EndogenousOperationalDecomposition.lean:342:0: 'RelationalPerimeter.Computation.EndogenousOperationalDecomposition.relation_is_reconstructed_after_exact_attempts' does not depend on any axioms
info: RelationalPerimeter/Computation/EndogenousOperationalDecomposition.lean:343:0: 'RelationalPerimeter.Computation.EndogenousOperationalDecomposition.executed_relation_search_attempts_grow' does not depend on any axioms
info: RelationalPerimeter/Computation/EndogenousOperationalDecomposition.lean:344:0: 'RelationalPerimeter.Computation.EndogenousOperationalDecomposition.authoritative_relation_search_attempts_exact' does not depend on any axioms
info: RelationalPerimeter/Computation/EndogenousOperationalDecomposition.lean:345:0: 'RelationalPerimeter.Computation.EndogenousOperationalDecomposition.authoritative_relation_search_attempts_grow' does not depend on any axioms
info: RelationalPerimeter/Computation/EndogenousOperationalDecomposition.lean:346:0: 'RelationalPerimeter.Computation.EndogenousOperationalDecomposition.initial_state_uses_measured_initialization' does not depend on any axioms
info: RelationalPerimeter/Computation/EndogenousOperationalDecomposition.lean:347:0: 'RelationalPerimeter.Computation.EndogenousOperationalDecomposition.produced_seed_is_read_from_executed_state' does not depend on any axioms
info: RelationalPerimeter/Computation/EndogenousOperationalDecomposition.lean:348:0: 'RelationalPerimeter.Computation.EndogenousOperationalDecomposition.next_state_stores_produced_seed' does not depend on any axioms
info: RelationalPerimeter/Computation/EndogenousOperationalDecomposition.lean:349:0: 'RelationalPerimeter.Computation.EndogenousOperationalDecomposition.retained_decision_reads_executed_output' does not depend on any axioms
info: RelationalPerimeter/Computation/EndogenousOperationalDecomposition.lean:350:0: 'RelationalPerimeter.Computation.EndogenousOperationalDecomposition.extraction_uses_seeded_operational_root' does not depend on any axioms
info: RelationalPerimeter/Computation/EndogenousOperationalDecomposition.lean:351:0: 'RelationalPerimeter.Computation.EndogenousOperationalDecomposition.next_discovery_bundle_uses_transmitted_seed' does not depend on any axioms
info: RelationalPerimeter/Computation/EndogenousOperationalDecomposition.lean:352:0: 'RelationalPerimeter.Computation.EndogenousOperationalDecomposition.produced_state_seeds_next_discovery' does not depend on any axioms
info: RelationalPerimeter/Computation/EndogenousOperationalDecomposition.lean:353:0: 'RelationalPerimeter.Computation.EndogenousOperationalDecomposition.produced_provenance_filters_next_discovery' does not depend on any axioms
info: RelationalPerimeter/Computation/EndogenousOperationalDecomposition.lean:354:0: 'RelationalPerimeter.Computation.EndogenousOperationalDecomposition.next_discovery_depends_on_constitution' does not depend on any axioms
info: RelationalPerimeter/Computation/EndogenousOperationalDecomposition.lean:355:0: 'RelationalPerimeter.Computation.EndogenousOperationalDecomposition.erased_state_is_fresh_for_next' does not depend on any axioms
info: RelationalPerimeter/Computation/EndogenousOperationalDecomposition.lean:356:0: 'RelationalPerimeter.Computation.EndogenousOperationalDecomposition.same_reading_can_have_different_constitution' does not depend on any axioms
info: RelationalPerimeter/Computation/EndogenousOperationalDecomposition.lean:357:0: 'RelationalPerimeter.Computation.EndogenousOperationalDecomposition.separator_states_share_projectable_data' does not depend on any axioms
info: RelationalPerimeter/Computation/EndogenousOperationalDecomposition.lean:358:0: 'RelationalPerimeter.Computation.EndogenousOperationalDecomposition.separator_states_have_different_constitutions_and_outcomes' does not depend on any axioms
ℹ [102/106] Replayed RelationalPerimeter
info: RelationalPerimeter.lean:16:0: 'StrongPerimetralTurning.Example.examplePresentation' does not depend on any axioms
info: RelationalPerimeter.lean:17:0: 'RelationalPerimeter.Computation.EndogenousOperationalDecomposition.evidence' does not depend on any axioms
info: RelationalPerimeter.lean:18:0: 'RelationalPerimeter.Computation.EndogenousOperationalDecomposition.family' does not depend on any axioms
ℹ [103/106] Replayed Tests.ComputationalPhenomenonRegression
info: Tests/ComputationalPhenomenonRegression.lean:193:0: 'RelationalPerimeter.Tests.ComputationalPhenomenon.seed_is_read_of_producedState' does not depend on any axioms
info: Tests/ComputationalPhenomenonRegression.lean:194:0: 'RelationalPerimeter.Tests.ComputationalPhenomenon.next_searchSeed_is_produced_seed' does not depend on any axioms
info: Tests/ComputationalPhenomenonRegression.lean:195:0: 'RelationalPerimeter.Tests.ComputationalPhenomenon.and_decision_reads_output' does not depend on any axioms
info: Tests/ComputationalPhenomenonRegression.lean:196:0: 'RelationalPerimeter.Tests.ComputationalPhenomenon.extraction_runs_on_seeded_root' does not depend on any axioms
info: Tests/ComputationalPhenomenonRegression.lean:197:0: 'RelationalPerimeter.Tests.ComputationalPhenomenon.discovery_bundle_from_transmitted_seed' does not depend on any axioms
info: Tests/ComputationalPhenomenonRegression.lean:198:0: 'RelationalPerimeter.Tests.ComputationalPhenomenon.production_seed_not_constant_across_stages' does not depend on any axioms
info: Tests/ComputationalPhenomenonRegression.lean:199:0: 'RelationalPerimeter.Tests.ComputationalPhenomenon.execution_initial_state_consumes_initialization' does not depend on any axioms
info: Tests/ComputationalPhenomenonRegression.lean:200:0: 'RelationalPerimeter.Tests.ComputationalPhenomenon.same_reading_different_constitution' does not depend on any axioms
info: Tests/ComputationalPhenomenonRegression.lean:201:0: 'RelationalPerimeter.Tests.ComputationalPhenomenon.separator_states_share_projectable_data' does not depend on any axioms
info: Tests/ComputationalPhenomenonRegression.lean:202:0: 'RelationalPerimeter.Tests.ComputationalPhenomenon.separator_states_differ' does not depend on any axioms
info: Tests/ComputationalPhenomenonRegression.lean:203:0: 'RelationalPerimeter.Tests.ComputationalPhenomenon.failure_branch_constructs_nothing' does not depend on any axioms
info: Tests/ComputationalPhenomenonRegression.lean:204:0: 'RelationalPerimeter.Tests.ComputationalPhenomenon.failure_branch_has_no_descendant_history' does not depend on any axioms
info: Tests/ComputationalPhenomenonRegression.lean:205:0: 'RelationalPerimeter.Tests.ComputationalPhenomenon.authoritative_attempt_counter_grows' does not depend on any axioms
info: Tests/ComputationalPhenomenonRegression.lean:206:0: 'RelationalPerimeter.Tests.ComputationalPhenomenon.or_children_structurally_distinct' does not depend on any axioms
info: Tests/ComputationalPhenomenonRegression.lean:207:0: 'RelationalPerimeter.Tests.ComputationalPhenomenon.absorbed_alternative_viability_transported' does not depend on any axioms
info: Tests/ComputationalPhenomenonRegression.lean:208:0: 'RelationalPerimeter.Tests.ComputationalPhenomenon.opening_then_absorption_preserves_frontier_viability' does not depend on any axioms
info: Tests/ComputationalPhenomenonRegression.lean:209:0: 'RelationalPerimeter.Tests.ComputationalPhenomenon.full_step_output_independent_of_acceptance' does not depend on any axioms
info: Tests/ComputationalPhenomenonRegression.lean:210:0: 'ConstitutiveSearch.EndogenousDecomposition.executeConstitutiveExecutionHistory' does not depend on any axioms
info: Tests/ComputationalPhenomenonRegression.lean:211:0: 'ConstitutiveSearch.EndogenousDecomposition.executeConstitutiveResolution' does not depend on any axioms
info: Tests/ComputationalPhenomenonRegression.lean:212:0: 'ConstitutiveSearch.EndogenousDecomposition.nextDiscovery_not_factors' does not depend on any axioms
ℹ [104/106] Replayed Tests.ConstitutiveExecutionRegression
info: Tests/ConstitutiveExecutionRegression.lean:935:0: 'ConstitutiveSearch.EndogenousDecomposition.regression_full_step_includes_opening' does not depend on any axioms
info: Tests/ConstitutiveExecutionRegression.lean:936:0: 'ConstitutiveSearch.EndogenousDecomposition.regression_every_action_changes_produced_assignment' does not depend on any axioms
info: Tests/ConstitutiveExecutionRegression.lean:937:0: 'ConstitutiveSearch.EndogenousDecomposition.regression_instrumented_family' does not depend on any axioms
info: Tests/ConstitutiveExecutionRegression.lean:938:0: 'ConstitutiveSearch.EndogenousDecomposition.regression_integrated_measured_family' does not depend on any axioms
info: Tests/ConstitutiveExecutionRegression.lean:939:0: 'ConstitutiveSearch.EndogenousDecomposition.regression_projection_measured_bound' does not depend on any axioms
info: Tests/ConstitutiveExecutionRegression.lean:940:0: 'ConstitutiveSearch.EndogenousDecomposition.regression_measured_synthesis_same_run' does not depend on any axioms
info: Tests/ConstitutiveExecutionRegression.lean:941:0: 'ConstitutiveSearch.EndogenousDecomposition.regression_projection_accounting_included' does not depend on any axioms
info: Tests/ConstitutiveExecutionRegression.lean:942:0: 'ConstitutiveSearch.EndogenousDecomposition.regression_measured_production_strict' does not depend on any axioms
info: Tests/ConstitutiveExecutionRegression.lean:943:0: 'ConstitutiveSearch.EndogenousDecomposition.regression_measured_accounting_not_inflatable' does not depend on any axioms
info: Tests/ConstitutiveExecutionRegression.lean:944:0: 'ConstitutiveSearch.EndogenousDecomposition.regression_main_measured_phases_polynomial' does not depend on any axioms
info: Tests/ConstitutiveExecutionRegression.lean:945:0: 'ConstitutiveSearch.EndogenousDecomposition.regression_total_instrumented_work_polynomial' does not depend on any axioms
info: Tests/ConstitutiveExecutionRegression.lean:946:0: 'ConstitutiveSearch.EndogenousDecomposition.regression_phase_ownership_unique' does not depend on any axioms
info: Tests/ConstitutiveExecutionRegression.lean:947:0: 'ConstitutiveSearch.EndogenousDecomposition.regression_observed_variable_from_stored_schedule' does not depend on any axioms
info: Tests/ConstitutiveExecutionRegression.lean:948:0: 'ConstitutiveSearch.EndogenousDecomposition.regression_observed_variable_traversal_charged' does not depend on any axioms
info: Tests/ConstitutiveExecutionRegression.lean:949:0: 'ConstitutiveSearch.EndogenousDecomposition.regression_production_consumes_initialized_endpoint' does not depend on any axioms
info: Tests/ConstitutiveExecutionRegression.lean:950:0: 'ConstitutiveSearch.EndogenousDecomposition.regression_generated_history_from_counted_producer' does not depend on any axioms
info: Tests/ConstitutiveExecutionRegression.lean:951:0: 'ConstitutiveSearch.EndogenousDecomposition.regression_initialization_calls_charged' does not depend on any axioms
info: Tests/ConstitutiveExecutionRegression.lean:952:0: 'ConstitutiveSearch.EndogenousDecomposition.regression_production_calls_charged' does not depend on any axioms
info: Tests/ConstitutiveExecutionRegression.lean:953:0: 'ConstitutiveSearch.EndogenousDecomposition.regression_production_material_emitted' does not depend on any axioms
info: Tests/ConstitutiveExecutionRegression.lean:954:0: 'ConstitutiveSearch.EndogenousDecomposition.regression_stage_generation_stats_from_producer' does not depend on any axioms
info: Tests/ConstitutiveExecutionRegression.lean:955:0: 'ConstitutiveSearch.EndogenousDecomposition.regression_measured_search_input_polynomial' does not depend on any axioms
info: Tests/ConstitutiveExecutionRegression.lean:956:0: 'ConstitutiveSearch.EndogenousDecomposition.regression_generic_traversal_returns_stored_discoveries' does not depend on any axioms
info: Tests/ConstitutiveExecutionRegression.lean:957:0: 'ConstitutiveSearch.EndogenousDecomposition.regression_execution_retains_generated_history' does not depend on any axioms
info: Tests/ConstitutiveExecutionRegression.lean:958:0: 'ConstitutiveSearch.EndogenousDecomposition.regression_empty_clause_extraction_is_charged' does not depend on any axioms
info: Tests/ConstitutiveExecutionRegression.lean:959:0: 'ConstitutiveSearch.EndogenousDecomposition.regression_discovery_measured_input_bound' does not depend on any axioms
info: Tests/ConstitutiveExecutionRegression.lean:960:0: 'ConstitutiveSearch.EndogenousDecomposition.regression_integrated_discovery_measured_bound' does not depend on any axioms
info: Tests/ConstitutiveExecutionRegression.lean:961:0: 'ConstitutiveSearch.EndogenousDecomposition.regression_integrated_validation_execution_measured_bound' does not depend on any axioms
info: Tests/ConstitutiveExecutionRegression.lean:962:0: 'ConstitutiveSearch.EndogenousDecomposition.regression_projection_consumes_executed_stage' does not depend on any axioms
info: Tests/ConstitutiveExecutionRegression.lean:963:0: 'ConstitutiveSearch.EndogenousDecomposition.regression_integrated_projection_refines_section31' does not depend on any axioms
info: Tests/ConstitutiveExecutionRegression.lean:964:0: 'ConstitutiveSearch.EndogenousDecomposition.regression_integrated_projection_codeAtoms' does not depend on any axioms
info: Tests/ConstitutiveExecutionRegression.lean:965:0: 'ConstitutiveSearch.EndogenousDecomposition.regression_section6_operational_succession' does not depend on any axioms
info: Tests/ConstitutiveExecutionRegression.lean:966:0: 'ConstitutiveSearch.EndogenousDecomposition.regression_projection_positive_reads_main_action' does not depend on any axioms
info: Tests/ConstitutiveExecutionRegression.lean:967:0: 'ConstitutiveSearch.EndogenousDecomposition.regression_integrated_projection_not_factors' does not depend on any axioms
info: Tests/ConstitutiveExecutionRegression.lean:968:0: 'ConstitutiveSearch.EndogenousDecomposition.regression_generic_exploration_full_data' does not depend on any axioms
info: Tests/ConstitutiveExecutionRegression.lean:969:0: 'ConstitutiveSearch.EndogenousDecomposition.regression_all_executed_stages_refine_generic' does not depend on any axioms
info: Tests/ConstitutiveExecutionRegression.lean:970:0: 'ConstitutiveSearch.EndogenousDecomposition.regression_execution_consumes_measured_schedule' does not depend on any axioms
info: Tests/ConstitutiveExecutionRegression.lean:971:0: 'ConstitutiveSearch.EndogenousDecomposition.regression_terminal_consumes_measured_reads' does not depend on any axioms
info: Tests/ConstitutiveExecutionRegression.lean:972:0: 'ConstitutiveSearch.EndogenousDecomposition.regression_transported_read_not_free' does not depend on any axioms
info: Tests/ConstitutiveExecutionRegression.lean:973:0: 'ConstitutiveSearch.EndogenousDecomposition.regression_terminal_reader_bound' does not depend on any axioms
info: Tests/ConstitutiveExecutionRegression.lean:974:0: 'ConstitutiveSearch.EndogenousDecomposition.regression_input_cannot_replace_applied_output' does not depend on any axioms
info: Tests/ConstitutiveExecutionRegression.lean:975:0: 'ConstitutiveSearch.EndogenousDecomposition.regression_wrong_source_assignment_rejected' does not depend on any axioms
info: Tests/ConstitutiveExecutionRegression.lean:976:0: 'ConstitutiveSearch.EndogenousDecomposition.regression_generation_alone_does_not_supply_relation' does not depend on any axioms
info: Tests/ConstitutiveExecutionRegression.lean:977:0: 'ConstitutiveSearch.EndogenousDecomposition.regression_returned_codes_compile_from_local_paths' does not depend on any axioms
info: Tests/ConstitutiveExecutionRegression.lean:978:0: 'ConstitutiveSearch.EndogenousDecomposition.regression_terminal_readout_is_preserved' does not depend on any axioms
info: Tests/ConstitutiveExecutionRegression.lean:979:0: 'ConstitutiveSearch.EndogenousDecomposition.regression_measured_comparison_not_list_size' does not depend on any axioms
info: Tests/ConstitutiveExecutionRegression.lean:980:0: 'ConstitutiveSearch.EndogenousDecomposition.regression_measured_discovery_is_reference_discovery' does not depend on any axioms
info: Tests/ConstitutiveExecutionRegression.lean:981:0: 'ConstitutiveSearch.EndogenousDecomposition.regression_no_history_comparison_after_formula_failure' does not depend on any axioms
info: Tests/ConstitutiveExecutionRegression.lean:982:0: 'ConstitutiveSearch.EndogenousDecomposition.regression_generated_target_not_injected' does not depend on any axioms
info: Tests/ConstitutiveExecutionRegression.lean:983:0: 'ConstitutiveSearch.EndogenousDecomposition.external_target_cannot_construct_typed_run' does not depend on any axioms
info: Tests/ConstitutiveExecutionRegression.lean:984:0: 'ConstitutiveSearch.EndogenousDecomposition.regression_successive_operational_indices_differ' does not depend on any axioms
info: Tests/ConstitutiveExecutionRegression.lean:985:0: 'ConstitutiveSearch.EndogenousDecomposition.regression_relation_substitution_rejected' does not depend on any axioms
info: Tests/ConstitutiveExecutionRegression.lean:986:0: 'ConstitutiveSearch.EndogenousDecomposition.regression_code_is_applied' does not depend on any axioms
info: Tests/ConstitutiveExecutionRegression.lean:987:0: 'ConstitutiveSearch.EndogenousDecomposition.regression_code_application_is_instrumented' does not depend on any axioms
info: Tests/ConstitutiveExecutionRegression.lean:988:0: 'ConstitutiveSearch.EndogenousDecomposition.regression_application_fields_from_recursive_run' does not depend on any axioms
info: Tests/ConstitutiveExecutionRegression.lean:989:0: 'ConstitutiveSearch.EndogenousDecomposition.regression_application_stats_are_run_emitted' does not depend on any axioms
info: Tests/ConstitutiveExecutionRegression.lean:990:0: 'ConstitutiveSearch.EndogenousDecomposition.regression_applied_code_preserves_acceptance' does not depend on any axioms
info: Tests/ConstitutiveExecutionRegression.lean:991:0: 'ConstitutiveSearch.EndogenousDecomposition.regression_concrete_source_is_accepted' does not depend on any axioms
info: Tests/ConstitutiveExecutionRegression.lean:992:0: 'ConstitutiveSearch.EndogenousDecomposition.regression_concrete_output_is_accepted' does not depend on any axioms
info: Tests/ConstitutiveExecutionRegression.lean:993:0: 'ConstitutiveSearch.EndogenousDecomposition.regression_selected_variable_is_discovered' does not depend on any axioms
info: Tests/ConstitutiveExecutionRegression.lean:994:0: 'ConstitutiveSearch.EndogenousDecomposition.regression_discovery_not_constant' does not depend on any axioms
info: Tests/ConstitutiveExecutionRegression.lean:995:0: 'ConstitutiveSearch.EndogenousDecomposition.regression_no_factorization_by_input_and_projection' does not depend on any axioms
info: Tests/ConstitutiveExecutionRegression.lean:996:0: 'ConstitutiveSearch.EndogenousDecomposition.regression_witnesses_share_input' does not depend on any axioms
info: Tests/ConstitutiveExecutionRegression.lean:997:0: 'ConstitutiveSearch.EndogenousDecomposition.regression_index_not_spectator' does not depend on any axioms
info: Tests/ConstitutiveExecutionRegression.lean:998:0: 'ConstitutiveSearch.EndogenousDecomposition.regression_instrumented_work_grows' does not depend on any axioms
info: Tests/ConstitutiveExecutionRegression.lean:999:0: 'ConstitutiveSearch.EndogenousDecomposition.regression_tested_candidates_are_charged' does not depend on any axioms
info: Tests/ConstitutiveExecutionRegression.lean:1000:0: 'ConstitutiveSearch.EndogenousDecomposition.regression_cost_is_run_derived' does not depend on any axioms
info: Tests/ConstitutiveExecutionRegression.lean:1001:0: 'ConstitutiveSearch.EndogenousDecomposition.regression_structural_profile_is_run_derived' does not depend on any axioms
info: Tests/ConstitutiveExecutionRegression.lean:1002:0: 'ConstitutiveSearch.EndogenousDecomposition.regression_no_global_closure' does not depend on any axioms
info: Tests/ConstitutiveExecutionRegression.lean:1003:0: 'ConstitutiveSearch.EndogenousDecomposition.regression_provenance_erasure_is_observable' does not depend on any axioms
info: Tests/ConstitutiveExecutionRegression.lean:1004:0: 'ConstitutiveSearch.EndogenousDecomposition.regression_terminal_is_trace_derived' does not depend on any axioms
info: Tests/ConstitutiveExecutionRegression.lean:1005:0: 'ConstitutiveSearch.EndogenousDecomposition.regression_decision_reads_executed_bits' does not depend on any axioms
info: Tests/ConstitutiveExecutionRegression.lean:1006:0: 'ConstitutiveSearch.EndogenousDecomposition.regression_generated_history_is_consumed' does not depend on any axioms
info: Tests/ConstitutiveExecutionRegression.lean:1007:0: 'ConstitutiveSearch.EndogenousDecomposition.regression_encoded_input_size' does not depend on any axioms
info: Tests/ConstitutiveExecutionRegression.lean:1008:0: 'ConstitutiveSearch.EndogenousDecomposition.regression_relation_has_discovery_provenance' does not depend on any axioms
info: Tests/ConstitutiveExecutionRegression.lean:1009:0: 'ConstitutiveSearch.EndogenousDecomposition.regression_phase_accounting_is_canonical' does not depend on any axioms
info: Tests/ConstitutiveExecutionRegression.lean:1010:0: 'ConstitutiveSearch.EndogenousDecomposition.regression_terminal_visits_are_executed' does not depend on any axioms
info: Tests/ConstitutiveExecutionRegression.lean:1011:0: 'ConstitutiveSearch.EndogenousDecomposition.regression_formula_comparison_surface_grows' does not depend on any axioms
info: Tests/ConstitutiveExecutionRegression.lean:1012:0: 'ConstitutiveSearch.EndogenousDecomposition.regression_detailed_discovery_work_is_exact' does not depend on any axioms
info: Tests/ConstitutiveExecutionRegression.lean:1013:0: 'ConstitutiveSearch.EndogenousDecomposition.regression_relation_queries_are_charged' does not depend on any axioms
info: Tests/ConstitutiveExecutionRegression.lean:1014:0: 'ConstitutiveSearch.EndogenousDecomposition.regression_extracted_candidates_are_run_emitted' does not depend on any axioms
info: Tests/ConstitutiveExecutionRegression.lean:1015:0: 'ConstitutiveSearch.EndogenousDecomposition.regression_validated_atoms_are_run_emitted' does not depend on any axioms
info: Tests/ConstitutiveExecutionRegression.lean:1016:0: 'ConstitutiveSearch.EndogenousDecomposition.regression_section7_accounting_is_in_final_family' does not depend on any axioms
info: Tests/ConstitutiveExecutionRegression.lean:1017:0: 'ConstitutiveSearch.EndogenousDecomposition.regression_accounting_exact_in_final_per_input' does not depend on any axioms
info: Tests/ConstitutiveExecutionRegression.lean:1018:0: 'ConstitutiveSearch.EndogenousDecomposition.regression_concrete_interface_discovers' does not depend on any axioms
info: Tests/ConstitutiveExecutionRegression.lean:1019:0: 'ConstitutiveSearch.EndogenousDecomposition.regression_projection_experiment_uses_constituted_index' does not depend on any axioms
info: Tests/ConstitutiveExecutionRegression.lean:1020:0: 'ConstitutiveSearch.EndogenousDecomposition.regression_generation_accounting_is_exact' does not depend on any axioms
info: Tests/ConstitutiveExecutionRegression.lean:1021:0: 'ConstitutiveSearch.EndogenousDecomposition.regression_failure_aware_traversal_is_exact' does not depend on any axioms
info: Tests/ConstitutiveExecutionRegression.lean:1022:0: 'ConstitutiveSearch.EndogenousDecomposition.regression_all_structural_correspondences' does not depend on any axioms
info: Tests/ConstitutiveExecutionRegression.lean:1023:0: 'ConstitutiveSearch.EndogenousDecomposition.regression_public_history_is_causal' does not depend on any axioms
info: Tests/ConstitutiveExecutionRegression.lean:1024:0: 'ConstitutiveSearch.EndogenousDecomposition.regression_causal_history_matches_reference_after_execution' does not depend on any axioms
info: Tests/ConstitutiveExecutionRegression.lean:1025:0: 'ConstitutiveSearch.EndogenousDecomposition.regression_stage_is_constructed_from_returned_discovery' does not depend on any axioms
info: Tests/ConstitutiveExecutionRegression.lean:1026:0: 'ConstitutiveSearch.EndogenousDecomposition.regression_provenance_filter_matches_prior_history_filter' does not depend on any axioms
info: Tests/ConstitutiveExecutionRegression.lean:1027:0: 'ConstitutiveSearch.EndogenousDecomposition.regression_feedback_next_contains_executed_output_and_decision_history' does not depend on any axioms
info: Tests/ConstitutiveExecutionRegression.lean:1028:0: 'ConstitutiveSearch.EndogenousDecomposition.regression_feedback_provenance_from_scheduled_operation' does not depend on any axioms
info: Tests/ConstitutiveExecutionRegression.lean:1029:0: 'ConstitutiveSearch.EndogenousDecomposition.regression_next_discovery_consumes_produced_provenance' does not depend on any axioms
info: Tests/ConstitutiveExecutionRegression.lean:1030:0: 'ConstitutiveSearch.EndogenousDecomposition.regression_feedback_search_seed_from_produced_state' does not depend on any axioms
info: Tests/ConstitutiveExecutionRegression.lean:1031:0: 'ConstitutiveSearch.EndogenousDecomposition.regression_next_discovery_consumes_retained_search_seed' does not depend on any axioms
info: Tests/ConstitutiveExecutionRegression.lean:1032:0: 'ConstitutiveSearch.EndogenousDecomposition.regression_next_operational_state_consumes_generated_target' does not depend on any axioms
info: Tests/ConstitutiveExecutionRegression.lean:1033:0: 'ConstitutiveSearch.EndogenousDecomposition.regression_old_input_cannot_replace_feedback_output' does not depend on any axioms
info: Tests/ConstitutiveExecutionRegression.lean:1034:0: 'ConstitutiveSearch.EndogenousDecomposition.regression_other_decision_history_changes_next_discovery' does not depend on any axioms
info: Tests/ConstitutiveExecutionRegression.lean:1035:0: 'ConstitutiveSearch.EndogenousDecomposition.regression_same_depth_projection_different_next_discovery' does not depend on any axioms
info: Tests/ConstitutiveExecutionRegression.lean:1036:0: 'ConstitutiveSearch.EndogenousDecomposition.regression_next_discovery_not_depth_factor' does not depend on any axioms
info: Tests/ConstitutiveExecutionRegression.lean:1037:0: 'ConstitutiveSearch.EndogenousDecomposition.regression_feedback_relation_is_from_transmitted_run' does not depend on any axioms
info: Tests/ConstitutiveExecutionRegression.lean:1038:0: 'ConstitutiveSearch.EndogenousDecomposition.regression_feedback_code_is_from_discovered_relation' does not depend on any axioms
info: Tests/ConstitutiveExecutionRegression.lean:1039:0: 'ConstitutiveSearch.EndogenousDecomposition.regression_feedback_failure_produces_nothing' does not depend on any axioms
info: Tests/ConstitutiveExecutionRegression.lean:1040:0: 'ConstitutiveSearch.EndogenousDecomposition.regression_failed_discovery_constructs_no_stage' does not depend on any axioms
info: Tests/ConstitutiveExecutionRegression.lean:1041:0: 'ConstitutiveSearch.EndogenousDecomposition.regression_failed_discovery_has_no_positive_history' does not depend on any axioms
info: Tests/ConstitutiveExecutionRegression.lean:1042:0: 'ConstitutiveSearch.EndogenousDecomposition.regression_authoritative_attempts_strict' does not depend on any axioms
info: Tests/ConstitutiveExecutionRegression.lean:1043:0: 'ConstitutiveSearch.EndogenousDecomposition.regression_blocked_state_is_constructed_from_child' does not depend on any axioms
info: Tests/ConstitutiveExecutionRegression.lean:1044:0: 'ConstitutiveSearch.EndogenousDecomposition.regression_separator_states_share_executed_origin' does not depend on any axioms
info: Tests/ConstitutiveExecutionRegression.lean:1045:0: 'ConstitutiveSearch.EndogenousDecomposition.regression_separator_states_are_complete_and_distinct' does not depend on any axioms
info: Tests/ConstitutiveExecutionRegression.lean:1046:0: 'ConstitutiveSearch.EndogenousDecomposition.regression_feedback_inspects_no_global_composition' does not depend on any axioms
info: Tests/ConstitutiveExecutionRegression.lean:1047:0: 'ConstitutiveSearch.EndogenousDecomposition.regression_prior_integrated_results_remain_available' does not depend on any axioms
info: Tests/ConstitutiveExecutionRegression.lean:1048:0: 'ConstitutiveSearch.EndogenousDecomposition.regression_feedback_accounting_is_canonical' does not depend on any axioms
info: Tests/ConstitutiveExecutionRegression.lean:1049:0: 'ConstitutiveSearch.EndogenousDecomposition.regression_public_run_is_single_pass' does not depend on any axioms
info: Tests/ConstitutiveExecutionRegression.lean:1050:0: 'ConstitutiveSearch.EndogenousDecomposition.regression_reachable_history_changes_candidate_trace' does not depend on any axioms
info: Tests/ConstitutiveExecutionRegression.lean:1051:0: 'ConstitutiveSearch.EndogenousDecomposition.regression_filtering_cost_is_owned_once' does not depend on any axioms
ℹ [105/106] Replayed Tests.PublicRootImport
info: Tests/PublicRootImport.lean:49:0: 'RelationalPerimeter.Tests.PublicRootImport.publicEvidence' does not depend on any axioms
info: Tests/PublicRootImport.lean:50:0: 'RelationalPerimeter.Tests.PublicRootImport.publicFamily' does not depend on any axioms
info: Tests/PublicRootImport.lean:51:0: 'RelationalPerimeter.Tests.PublicRootImport.publicPositivePresentation' does not depend on any axioms
info: Tests/PublicRootImport.lean:52:0: 'RelationalPerimeter.Tests.PublicRootImport.publicBoundaryTransport' does not depend on any axioms
info: Tests/PublicRootImport.lean:53:0: 'RelationalPerimeter.Tests.PublicRootImport.publicHistoricalRoundTrip' does not depend on any axioms
info: Tests/PublicRootImport.lean:54:0: 'RelationalPerimeter.Tests.PublicRootImport.publicClosingBoundaryShape' does not depend on any axioms
info: Tests/PublicRootImport.lean:55:0: 'RelationalPerimeter.Tests.PublicRootImport.publicClosingBoundaryPointing' does not depend on any axioms
info: Tests/PublicRootImport.lean:56:0: 'RelationalPerimeter.Tests.PublicRootImport.publicClosingBoundaryRoundTrip' does not depend on any axioms
Build completed successfully (106 jobs).
warning: in the working copy of 'StrongPerimetralTurning.lean', CRLF will be replaced by LF the next time Git touches it
Verified 109 Lean files: build, constructivity, audit blocks, and migration boundaries are clean.
