ℹ [2/23] Replayed RelationalPerimeter.Constitution.Primitives
info: RelationalPerimeter/Constitution/Primitives.lean:212:0: 'StrongPerimetralTurning.LocalNode' does not depend on any axioms
info: RelationalPerimeter/Constitution/Primitives.lean:213:0: 'StrongPerimetralTurning.PerimeterSpine' does not depend on any axioms
info: RelationalPerimeter/Constitution/Primitives.lean:214:0: 'StrongPerimetralTurning.PerimeterSpine.startNode' does not depend on any axioms
info: RelationalPerimeter/Constitution/Primitives.lean:215:0: 'StrongPerimetralTurning.PerimeterSpine.finalNode' does not depend on any axioms
info: RelationalPerimeter/Constitution/Primitives.lean:216:0: 'StrongPerimetralTurning.NonClosingPosition' does not depend on any axioms
info: RelationalPerimeter/Constitution/Primitives.lean:217:0: 'StrongPerimetralTurning.NonClosingPrecedes' does not depend on any axioms
info: RelationalPerimeter/Constitution/Primitives.lean:218:0: 'StrongPerimetralTurning.NonClosingNext' does not depend on any axioms
info: RelationalPerimeter/Constitution/Primitives.lean:219:0: 'StrongPerimetralTurning.NonClosingPrecedes.ne' does not depend on any axioms
info: RelationalPerimeter/Constitution/Primitives.lean:220:0: 'StrongPerimetralTurning.NonClosingNext.toPrecedes' does not depend on any axioms
ℹ [3/23] Replayed RelationalPerimeter.Constitution.PositivePresentation
info: RelationalPerimeter/Constitution/PositivePresentation.lean:79:0: 'StrongPerimetralTurning.PositiveCircularPresentation' does not depend on any axioms
info: RelationalPerimeter/Constitution/PositivePresentation.lean:80:0: 'StrongPerimetralTurning.EndpointBoundary' does not depend on any axioms
info: RelationalPerimeter/Constitution/PositivePresentation.lean:81:0: 'StrongPerimetralTurning.CircularClosureObstruction' does not depend on any axioms
info: RelationalPerimeter/Constitution/PositivePresentation.lean:82:0: 'StrongPerimetralTurning.CircularClosureObstruction.rejectTotalLoop' does not depend on any axioms
info: RelationalPerimeter/Constitution/PositivePresentation.lean:83:0: 'StrongPerimetralTurning.CircularClosureObstruction.endpointsSeparated' does not depend on any axioms
info: RelationalPerimeter/Constitution/PositivePresentation.lean:84:0: 'StrongPerimetralTurning.CircularClosureObstruction.noObstructionOfIdentifiedEndpoints' does not depend on any axioms
ℹ [4/23] Replayed ExactTypeTransport
info: ExactTypeTransport.lean:120:0: 'ExactTypeTransport' does not depend on any axioms
info: ExactTypeTransport.lean:121:0: 'ExactTypeTransport.reflexive' does not depend on any axioms
info: ExactTypeTransport.lean:122:0: 'ExactTypeTransport.ofEquality' does not depend on any axioms
info: ExactTypeTransport.lean:123:0: 'ExactTypeTransport.reverse' does not depend on any axioms
info: ExactTypeTransport.lean:124:0: 'ExactTypeTransport.compose' does not depend on any axioms
info: ExactTypeTransport.lean:125:0: 'ExactTypeTransport.sumUnit' does not depend on any axioms
info: ExactTypeTransport.lean:126:0: 'ExactTypeTransport.backward_eq_of_forward_eq' does not depend on any axioms
ℹ [5/23] Replayed RelationalPerimeter.Constitution.BoundaryTransport
info: RelationalPerimeter/Constitution/BoundaryTransport.lean:291:0: 'RelationalPerimeter.Constitution.ConstitutiveBoundary' does not depend on any axioms
info: RelationalPerimeter/Constitution/BoundaryTransport.lean:292:0: 'RelationalPerimeter.Constitution.closingBoundary' does not depend on any axioms
info: RelationalPerimeter/Constitution/BoundaryTransport.lean:293:0: 'RelationalPerimeter.Constitution.BoundaryCarrierTransport' does not depend on any axioms
info: RelationalPerimeter/Constitution/BoundaryTransport.lean:294:0: 'RelationalPerimeter.Constitution.BoundaryTransport' does not depend on any axioms
info: RelationalPerimeter/Constitution/BoundaryTransport.lean:295:0: 'RelationalPerimeter.Constitution.BoundaryTransport.identity' does not depend on any axioms
info: RelationalPerimeter/Constitution/BoundaryTransport.lean:296:0: 'RelationalPerimeter.Constitution.BoundaryTransport.reverse' does not depend on any axioms
info: RelationalPerimeter/Constitution/BoundaryTransport.lean:297:0: 'RelationalPerimeter.Constitution.BoundaryTransport.compose' does not depend on any axioms
info: RelationalPerimeter/Constitution/BoundaryTransport.lean:298:0: 'RelationalPerimeter.Constitution.BoundaryTransport.ForwardAgreement' does not depend on any axioms
info: RelationalPerimeter/Constitution/BoundaryTransport.lean:299:0: 'RelationalPerimeter.Constitution.BoundaryTransport.identity_left' does not depend on any axioms
info: RelationalPerimeter/Constitution/BoundaryTransport.lean:300:0: 'RelationalPerimeter.Constitution.BoundaryTransport.identity_right' does not depend on any axioms
info: RelationalPerimeter/Constitution/BoundaryTransport.lean:301:0: 'RelationalPerimeter.Constitution.BoundaryTransport.compose_associative' does not depend on any axioms
info: RelationalPerimeter/Constitution/BoundaryTransport.lean:302:0: 'RelationalPerimeter.Constitution.BoundaryTransport.reverse_left' does not depend on any axioms
info: RelationalPerimeter/Constitution/BoundaryTransport.lean:303:0: 'RelationalPerimeter.Constitution.BoundaryTransport.reverse_right' does not depend on any axioms
info: RelationalPerimeter/Constitution/BoundaryTransport.lean:304:0: 'RelationalPerimeter.Constitution.BoundaryTransport.reverse_reverse' does not depend on any axioms
info: RelationalPerimeter/Constitution/BoundaryTransport.lean:305:0: 'RelationalPerimeter.Constitution.BoundaryTransport.reverse_compose' does not depend on any axioms
info: RelationalPerimeter/Constitution/BoundaryTransport.lean:306:0: 'RelationalPerimeter.Constitution.BoundaryTransport.BackwardAgreement' does not depend on any axioms
info: RelationalPerimeter/Constitution/BoundaryTransport.lean:307:0: 'RelationalPerimeter.Constitution.BoundaryTransport.backward_of_forward' does not depend on any axioms
info: RelationalPerimeter/Constitution/BoundaryTransport.lean:308:0: 'RelationalPerimeter.Constitution.BoundaryTransport.exists_identity' does not depend on any axioms
info: RelationalPerimeter/Constitution/BoundaryTransport.lean:309:0: 'RelationalPerimeter.Constitution.BoundaryTransport.exists_reverse' does not depend on any axioms
info: RelationalPerimeter/Constitution/BoundaryTransport.lean:310:0: 'RelationalPerimeter.Constitution.BoundaryTransport.exists_compose' does not depend on any axioms
info: RelationalPerimeter/Constitution/BoundaryTransport.lean:311:0: 'RelationalPerimeter.Constitution.EquippedFinalRole' does not depend on any axioms
info: RelationalPerimeter/Constitution/BoundaryTransport.lean:312:0: 'RelationalPerimeter.Constitution.EquippedFinalRole.ext' does not depend on any axioms
info: RelationalPerimeter/Constitution/BoundaryTransport.lean:313:0: 'RelationalPerimeter.Constitution.EquippedFinalRole.unique' does not depend on any axioms
info: RelationalPerimeter/Constitution/BoundaryTransport.lean:314:0: 'RelationalPerimeter.Constitution.EquippedFinalRole.canonical' does not depend on any axioms
info: RelationalPerimeter/Constitution/BoundaryTransport.lean:315:0: 'RelationalPerimeter.Constitution.EquippedFinalRole.source' does not depend on any axioms
info: RelationalPerimeter/Constitution/BoundaryTransport.lean:316:0: 'RelationalPerimeter.Constitution.EquippedFinalRole.target' does not depend on any axioms
info: RelationalPerimeter/Constitution/BoundaryTransport.lean:317:0: 'RelationalPerimeter.Constitution.EquippedFinalRole.provenance' does not depend on any axioms
info: RelationalPerimeter/Constitution/BoundaryTransport.lean:318:0: 'RelationalPerimeter.Constitution.EquippedFinalRole.transport' does not depend on any axioms
info: RelationalPerimeter/Constitution/BoundaryTransport.lean:319:0: 'RelationalPerimeter.Constitution.EquippedFinalRole.source_preserved' does not depend on any axioms
info: RelationalPerimeter/Constitution/BoundaryTransport.lean:320:0: 'RelationalPerimeter.Constitution.EquippedFinalRole.target_preserved' does not depend on any axioms
info: RelationalPerimeter/Constitution/BoundaryTransport.lean:321:0: 'RelationalPerimeter.Constitution.EquippedFinalRole.provenance_preserved' does not depend on any axioms
info: RelationalPerimeter/Constitution/BoundaryTransport.lean:322:0: 'RelationalPerimeter.Constitution.EquippedFinalRole.transport_identity' does not depend on any axioms
info: RelationalPerimeter/Constitution/BoundaryTransport.lean:323:0: 'RelationalPerimeter.Constitution.EquippedFinalRole.transport_compose' does not depend on any axioms
info: RelationalPerimeter/Constitution/BoundaryTransport.lean:324:0: 'RelationalPerimeter.Constitution.EquippedFinalRole.transport_reverse' does not depend on any axioms
info: RelationalPerimeter/Constitution/BoundaryTransport.lean:325:0: 'RelationalPerimeter.Constitution.EquippedFinalRole.transport_reverse_right' does not depend on any axioms
info: RelationalPerimeter/Constitution/BoundaryTransport.lean:326:0: 'RelationalPerimeter.Constitution.EquippedFinalRole.exactTransport' does not depend on any axioms
ℹ [6/23] Replayed RelationalPerimeter.Constitution.ClosingBoundary
info: RelationalPerimeter/Constitution/ClosingBoundary.lean:147:0: 'RelationalPerimeter.Constitution.ClosingBoundaryShape' does not depend on any axioms
info: RelationalPerimeter/Constitution/ClosingBoundary.lean:148:0: 'RelationalPerimeter.Constitution.ClosingWitness' does not depend on any axioms
info: RelationalPerimeter/Constitution/ClosingBoundary.lean:149:0: 'RelationalPerimeter.Constitution.PointedClosingBoundary' does not depend on any axioms
info: RelationalPerimeter/Constitution/ClosingBoundary.lean:150:0: 'RelationalPerimeter.Constitution.ClosingBoundaryShape.point' does not depend on any axioms
info: RelationalPerimeter/Constitution/ClosingBoundary.lean:151:0: 'RelationalPerimeter.Constitution.ClosingBoundaryShape.pointingTransport' does not depend on any axioms
info: RelationalPerimeter/Constitution/ClosingBoundary.lean:152:0: 'RelationalPerimeter.Constitution.ClosingBoundaryShape.nonempty_pointed_iff' does not depend on any axioms
info: RelationalPerimeter/Constitution/ClosingBoundary.lean:153:0: 'RelationalPerimeter.Constitution.ClosingBoundaryShape.noPointingOfEmpty' does not depend on any axioms
info: RelationalPerimeter/Constitution/ClosingBoundary.lean:154:0: 'RelationalPerimeter.Constitution.ConstitutiveBoundary.toClosingBoundaryShape' does not depend on any axioms
info: RelationalPerimeter/Constitution/ClosingBoundary.lean:155:0: 'RelationalPerimeter.Constitution.ConstitutiveBoundary.toPointedClosingBoundary' does not depend on any axioms
info: RelationalPerimeter/Constitution/ClosingBoundary.lean:156:0: 'RelationalPerimeter.Constitution.ConstitutiveBoundary.shape_fibre_nonempty' does not depend on any axioms
info: RelationalPerimeter/Constitution/ClosingBoundary.lean:157:0: 'RelationalPerimeter.Constitution.PointedClosingBoundary.toConstitutiveBoundary' does not depend on any axioms
info: RelationalPerimeter/Constitution/ClosingBoundary.lean:158:0: 'RelationalPerimeter.Constitution.PointedClosingBoundary.shape_roundTrip' does not depend on any axioms
info: RelationalPerimeter/Constitution/ClosingBoundary.lean:159:0: 'RelationalPerimeter.Constitution.PointedClosingBoundary.pointing_roundTrip' does not depend on any axioms
info: RelationalPerimeter/Constitution/ClosingBoundary.lean:160:0: 'RelationalPerimeter.Constitution.PointedClosingBoundary.FinalRole' does not depend on any axioms
info: RelationalPerimeter/Constitution/ClosingBoundary.lean:161:0: 'RelationalPerimeter.Constitution.PointedClosingBoundary.finalRole' does not depend on any axioms
info: RelationalPerimeter/Constitution/ClosingBoundary.lean:162:0: 'RelationalPerimeter.Constitution.PointedClosingBoundary.finalRole_unique' does not depend on any axioms
info: RelationalPerimeter/Constitution/ClosingBoundary.lean:163:0: 'RelationalPerimeter.Constitution.PointedClosingBoundary.finalRole_junction' does not depend on any axioms
info: RelationalPerimeter/Constitution/ClosingBoundary.lean:164:0: 'RelationalPerimeter.Constitution.ConstitutiveBoundary.boundary_roundTrip' does not depend on any axioms
info: RelationalPerimeter/Constitution/ClosingBoundary.lean:165:0: 'RelationalPerimeter.Constitution.ClosingBoundaryShape.nonempty_finalRole_iff' does not depend on any axioms
info: RelationalPerimeter/Constitution/ClosingBoundary.lean:166:0: 'RelationalPerimeter.Constitution.ClosingBoundaryShape.noFinalRoleOfEmpty' does not depend on any axioms
ℹ [7/23] Replayed RelationalPerimeter.Constitution.PositiveGeneration
info: RelationalPerimeter/Constitution/PositiveGeneration.lean:285:0: 'StrongPerimetralTurning.SuccessiveLink' does not depend on any axioms
info: RelationalPerimeter/Constitution/PositiveGeneration.lean:286:0: 'StrongPerimetralTurning.PerimeterSpine.append' does not depend on any axioms
info: RelationalPerimeter/Constitution/PositiveGeneration.lean:287:0: 'StrongPerimetralTurning.PerimeterSpine.appendAlong' does not depend on any axioms
info: RelationalPerimeter/Constitution/PositiveGeneration.lean:288:0: 'StrongPerimetralTurning.PerimeterSpine.append_finalNode' does not depend on any axioms
info: RelationalPerimeter/Constitution/PositiveGeneration.lean:289:0: 'StrongPerimetralTurning.PerimeterSpine.linkAt' does not depend on any axioms
info: RelationalPerimeter/Constitution/PositiveGeneration.lean:290:0: 'RelationalPerimeter.Constitution.PositiveFormation' does not depend on any axioms
info: RelationalPerimeter/Constitution/PositiveGeneration.lean:291:0: 'RelationalPerimeter.Constitution.PositiveFormation.link' does not depend on any axioms
info: RelationalPerimeter/Constitution/PositiveGeneration.lean:292:0: 'RelationalPerimeter.Constitution.PositiveHistory' does not depend on any axioms
info: RelationalPerimeter/Constitution/PositiveGeneration.lean:293:0: 'RelationalPerimeter.Constitution.PositiveHistory.append' does not depend on any axioms
info: RelationalPerimeter/Constitution/PositiveGeneration.lean:294:0: 'RelationalPerimeter.Constitution.PositiveHistory.nil_append' does not depend on any axioms
info: RelationalPerimeter/Constitution/PositiveGeneration.lean:295:0: 'RelationalPerimeter.Constitution.PositiveHistory.append_nil' does not depend on any axioms
info: RelationalPerimeter/Constitution/PositiveGeneration.lean:296:0: 'RelationalPerimeter.Constitution.PositiveHistory.append_associative' does not depend on any axioms
info: RelationalPerimeter/Constitution/PositiveGeneration.lean:297:0: 'RelationalPerimeter.Constitution.PositiveHistory.deploy' does not depend on any axioms
info: RelationalPerimeter/Constitution/PositiveGeneration.lean:298:0: 'RelationalPerimeter.Constitution.PositiveHistory.deploy_start' does not depend on any axioms
info: RelationalPerimeter/Constitution/PositiveGeneration.lean:299:0: 'RelationalPerimeter.Constitution.PositiveHistory.deploy_final' does not depend on any axioms
info: RelationalPerimeter/Constitution/PositiveGeneration.lean:300:0: 'RelationalPerimeter.Constitution.PositiveHistory.deploy_append' does not depend on any axioms
info: RelationalPerimeter/Constitution/PositiveGeneration.lean:301:0: 'RelationalPerimeter.Constitution.PositiveHistory.Occurrence' does not depend on any axioms
info: RelationalPerimeter/Constitution/PositiveGeneration.lean:302:0: 'RelationalPerimeter.Constitution.PositiveHistory.nil_noOccurrence' does not depend on any axioms
info: RelationalPerimeter/Constitution/PositiveGeneration.lean:303:0: 'RelationalPerimeter.Constitution.PositiveHistory.here_ne_later' does not depend on any axioms
info: RelationalPerimeter/Constitution/PositiveGeneration.lean:304:0: 'RelationalPerimeter.Constitution.PositiveHistory.toPosition' does not depend on any axioms
info: RelationalPerimeter/Constitution/PositiveGeneration.lean:305:0: 'RelationalPerimeter.Constitution.PositiveHistory.fromPosition' does not depend on any axioms
info: RelationalPerimeter/Constitution/PositiveGeneration.lean:306:0: 'RelationalPerimeter.Constitution.PositiveHistory.position_occurrence_return' does not depend on any axioms
info: RelationalPerimeter/Constitution/PositiveGeneration.lean:307:0: 'RelationalPerimeter.Constitution.PositiveHistory.occurrence_position_return' does not depend on any axioms
info: RelationalPerimeter/Constitution/PositiveGeneration.lean:308:0: 'RelationalPerimeter.Constitution.PositiveHistory.positionTransport' does not depend on any axioms
info: RelationalPerimeter/Constitution/PositiveGeneration.lean:309:0: 'RelationalPerimeter.Constitution.PositiveHistory.linkAt' does not depend on any axioms
info: RelationalPerimeter/Constitution/PositiveGeneration.lean:310:0: 'RelationalPerimeter.Constitution.PositiveHistory.deploy_link_exact' does not depend on any axioms
info: RelationalPerimeter/Constitution/PositiveGeneration.lean:311:0: 'RelationalPerimeter.Constitution.PositiveHistory.boundaryShape' does not depend on any axioms
info: RelationalPerimeter/Constitution/PositiveGeneration.lean:312:0: 'RelationalPerimeter.Constitution.PositiveHistory.boundary_source_exact' does not depend on any axioms
info: RelationalPerimeter/Constitution/PositiveGeneration.lean:313:0: 'RelationalPerimeter.Constitution.PositiveHistory.toCircular' does not depend on any axioms
info: RelationalPerimeter/Constitution/PositiveGeneration.lean:314:0: 'RelationalPerimeter.Constitution.PositiveHistory.toCircular_initial' does not depend on any axioms
info: RelationalPerimeter/Constitution/PositiveGeneration.lean:315:0: 'RelationalPerimeter.Constitution.PositiveHistory.toCircular_deployment' does not depend on any axioms
info: RelationalPerimeter/Constitution/PositiveGeneration.lean:316:0: 'RelationalPerimeter.Constitution.PositiveHistory.toCircular_junction' does not depend on any axioms
info: RelationalPerimeter/Constitution/PositiveGeneration.lean:317:0: 'RelationalPerimeter.Constitution.PositiveHistory.toCircular_boundary' does not depend on any axioms
info: RelationalPerimeter/Constitution/PositiveGeneration.lean:318:0: 'RelationalPerimeter.Constitution.ChosenPositiveContinuation' does not depend on any axioms
info: RelationalPerimeter/Constitution/PositiveGeneration.lean:319:0: 'RelationalPerimeter.Constitution.ChosenPositiveContinuation.walk' does not depend on any axioms
info: RelationalPerimeter/Constitution/PositiveGeneration.lean:320:0: 'RelationalPerimeter.Constitution.ChosenPositiveContinuation.walk_successor_positive' does not depend on any axioms
ℹ [8/23] Replayed RelationalPerimeter.Constitution.CircularRoles
info: RelationalPerimeter/Constitution/CircularRoles.lean:148:0: 'RelationalPerimeter.Constitution.RoleLink' does not depend on any axioms
info: RelationalPerimeter/Constitution/CircularRoles.lean:149:0: 'RelationalPerimeter.Constitution.EquippedInteriorRole' does not depend on any axioms
info: RelationalPerimeter/Constitution/CircularRoles.lean:150:0: 'RelationalPerimeter.Constitution.EquippedInteriorRole.canonical' does not depend on any axioms
info: RelationalPerimeter/Constitution/CircularRoles.lean:151:0: 'RelationalPerimeter.Constitution.EquippedInteriorRole.ext' does not depend on any axioms
info: RelationalPerimeter/Constitution/CircularRoles.lean:152:0: 'RelationalPerimeter.Constitution.EquippedInteriorRole.canonical_return' does not depend on any axioms
info: RelationalPerimeter/Constitution/CircularRoles.lean:153:0: 'RelationalPerimeter.Constitution.EquippedInteriorRole.positionTransport' does not depend on any axioms
info: RelationalPerimeter/Constitution/CircularRoles.lean:154:0: 'RelationalPerimeter.Constitution.EquippedInteriorRole.link_readout' does not depend on any axioms
info: RelationalPerimeter/Constitution/CircularRoles.lean:155:0: 'RelationalPerimeter.Constitution.EquippedInteriorRole.source_readout' does not depend on any axioms
info: RelationalPerimeter/Constitution/CircularRoles.lean:156:0: 'RelationalPerimeter.Constitution.EquippedInteriorRole.target_readout' does not depend on any axioms
info: RelationalPerimeter/Constitution/CircularRoles.lean:157:0: 'RelationalPerimeter.Constitution.EquippedInteriorRole.ofOccurrence' does not depend on any axioms
info: RelationalPerimeter/Constitution/CircularRoles.lean:158:0: 'RelationalPerimeter.Constitution.EquippedInteriorRole.occurrence_link_readout' does not depend on any axioms
info: RelationalPerimeter/Constitution/CircularRoles.lean:159:0: 'RelationalPerimeter.Constitution.EquippedInteriorRole.occurrenceTransport' does not depend on any axioms
info: RelationalPerimeter/Constitution/CircularRoles.lean:160:0: 'RelationalPerimeter.Constitution.CircularRole' does not depend on any axioms
info: RelationalPerimeter/Constitution/CircularRoles.lean:161:0: 'RelationalPerimeter.Constitution.CircularRole.classify' does not depend on any axioms
info: RelationalPerimeter/Constitution/CircularRoles.lean:162:0: 'RelationalPerimeter.Constitution.CircularRole.assemble' does not depend on any axioms
info: RelationalPerimeter/Constitution/CircularRoles.lean:163:0: 'RelationalPerimeter.Constitution.CircularRole.assemble_classify' does not depend on any axioms
info: RelationalPerimeter/Constitution/CircularRoles.lean:164:0: 'RelationalPerimeter.Constitution.CircularRole.classify_assemble' does not depend on any axioms
info: RelationalPerimeter/Constitution/CircularRoles.lean:165:0: 'RelationalPerimeter.Constitution.CircularRole.classificationTransport' does not depend on any axioms
info: RelationalPerimeter/Constitution/CircularRoles.lean:166:0: 'RelationalPerimeter.Constitution.CircularRole.exhaustive' does not depend on any axioms
info: RelationalPerimeter/Constitution/CircularRoles.lean:167:0: 'RelationalPerimeter.Constitution.CircularRole.branches_distinct' does not depend on any axioms
info: RelationalPerimeter/Constitution/CircularRoles.lean:168:0: 'RelationalPerimeter.Constitution.CircularRole.generatedPosition' does not depend on any axioms
info: RelationalPerimeter/Constitution/CircularRoles.lean:169:0: 'RelationalPerimeter.Constitution.CircularRole.interior_generated' does not depend on any axioms
info: RelationalPerimeter/Constitution/CircularRoles.lean:170:0: 'RelationalPerimeter.Constitution.CircularRole.final_no_generated_position' does not depend on any axioms
info: RelationalPerimeter/Constitution/CircularRoles.lean:171:0: 'RelationalPerimeter.Constitution.CircularRole.final_not_interior_position' does not depend on any axioms
ℹ [9/23] Replayed RelationalPerimeter.Constitution.SignatureTransport
info: RelationalPerimeter/Constitution/SignatureTransport.lean:286:0: 'RelationalPerimeter.Constitution.ConstitutiveSignature' does not depend on any axioms
info: RelationalPerimeter/Constitution/SignatureTransport.lean:287:0: 'RelationalPerimeter.Constitution.ConstitutiveBoundary.signature' does not depend on any axioms
info: RelationalPerimeter/Constitution/SignatureTransport.lean:288:0: 'RelationalPerimeter.Constitution.ConstitutiveSignature.Node' does not depend on any axioms
info: RelationalPerimeter/Constitution/SignatureTransport.lean:289:0: 'RelationalPerimeter.Constitution.ConstitutiveSignature.compatibilityReindex' does not depend on any axioms
info: RelationalPerimeter/Constitution/SignatureTransport.lean:290:0: 'RelationalPerimeter.Constitution.ConstitutiveSignature.provenanceReindex' does not depend on any axioms
info: RelationalPerimeter/Constitution/SignatureTransport.lean:291:0: 'RelationalPerimeter.Constitution.ConstitutiveSignatureTransport' does not depend on any axioms
info: RelationalPerimeter/Constitution/SignatureTransport.lean:292:0: 'RelationalPerimeter.Constitution.ConstitutiveSignatureTransport.identity' does not depend on any axioms
info: RelationalPerimeter/Constitution/SignatureTransport.lean:293:0: 'RelationalPerimeter.Constitution.ConstitutiveSignatureTransport.compatibilityAt' does not depend on any axioms
info: RelationalPerimeter/Constitution/SignatureTransport.lean:294:0: 'RelationalPerimeter.Constitution.ConstitutiveSignatureTransport.provenanceAt' does not depend on any axioms
info: RelationalPerimeter/Constitution/SignatureTransport.lean:295:0: 'RelationalPerimeter.Constitution.ConstitutiveSignatureTransport.reverse' does not depend on any axioms
info: RelationalPerimeter/Constitution/SignatureTransport.lean:296:0: 'RelationalPerimeter.Constitution.ConstitutiveSignatureTransport.compose' does not depend on any axioms
info: RelationalPerimeter/Constitution/SignatureTransport.lean:297:0: 'RelationalPerimeter.Constitution.ConstitutiveSignatureTransport.compatibility_return' does not depend on any axioms
info: RelationalPerimeter/Constitution/SignatureTransport.lean:298:0: 'RelationalPerimeter.Constitution.ConstitutiveSignatureTransport.compatibility_return_target' does not depend on any axioms
info: RelationalPerimeter/Constitution/SignatureTransport.lean:299:0: 'RelationalPerimeter.Constitution.ConstitutiveSignatureTransport.provenance_return' does not depend on any axioms
info: RelationalPerimeter/Constitution/SignatureTransport.lean:300:0: 'RelationalPerimeter.Constitution.ConstitutiveSignatureTransport.provenance_return_target' does not depend on any axioms
info: RelationalPerimeter/Constitution/SignatureTransport.lean:301:0: 'RelationalPerimeter.Constitution.ConstitutiveSignatureTransport.reindexed_compatibility_return' does not depend on any axioms
info: RelationalPerimeter/Constitution/SignatureTransport.lean:302:0: 'RelationalPerimeter.Constitution.ConstitutiveSignatureTransport.reindexed_provenance_return' does not depend on any axioms
info: RelationalPerimeter/Constitution/SignatureTransport.lean:303:0: 'RelationalPerimeter.Constitution.ConstitutiveSignatureTransport.identity_compatibility' does not depend on any axioms
info: RelationalPerimeter/Constitution/SignatureTransport.lean:304:0: 'RelationalPerimeter.Constitution.ConstitutiveSignatureTransport.identity_provenance' does not depend on any axioms
info: RelationalPerimeter/Constitution/SignatureTransport.lean:305:0: 'RelationalPerimeter.Constitution.ConstitutiveSignatureTransport.compose_compatibility' does not depend on any axioms
info: RelationalPerimeter/Constitution/SignatureTransport.lean:306:0: 'RelationalPerimeter.Constitution.ConstitutiveSignatureTransport.compose_provenance' does not depend on any axioms
info: RelationalPerimeter/Constitution/SignatureTransport.lean:307:0: 'RelationalPerimeter.Constitution.ConstitutiveSignatureTransport.identity_left_compatibility' does not depend on any axioms
info: RelationalPerimeter/Constitution/SignatureTransport.lean:308:0: 'RelationalPerimeter.Constitution.ConstitutiveSignatureTransport.identity_right_compatibility' does not depend on any axioms
info: RelationalPerimeter/Constitution/SignatureTransport.lean:309:0: 'RelationalPerimeter.Constitution.ConstitutiveSignatureTransport.identity_left_provenance' does not depend on any axioms
info: RelationalPerimeter/Constitution/SignatureTransport.lean:310:0: 'RelationalPerimeter.Constitution.ConstitutiveSignatureTransport.identity_right_provenance' does not depend on any axioms
info: RelationalPerimeter/Constitution/SignatureTransport.lean:311:0: 'RelationalPerimeter.Constitution.ConstitutiveSignatureTransport.compose_associative_compatibility' does not depend on any axioms
info: RelationalPerimeter/Constitution/SignatureTransport.lean:312:0: 'RelationalPerimeter.Constitution.ConstitutiveSignatureTransport.compose_associative_provenance' does not depend on any axioms
info: RelationalPerimeter/Constitution/SignatureTransport.lean:313:0: 'RelationalPerimeter.Constitution.ConstitutiveSignatureTransport.reverse_compatibility_return' does not depend on any axioms
info: RelationalPerimeter/Constitution/SignatureTransport.lean:314:0: 'RelationalPerimeter.Constitution.ConstitutiveSignatureTransport.reverse_provenance_return' does not depend on any axioms
info: RelationalPerimeter/Constitution/SignatureTransport.lean:315:0: 'RelationalPerimeter.Constitution.ConstitutiveSignatureTransport.compatibility_backward_reindex' does not depend on any axioms
info: RelationalPerimeter/Constitution/SignatureTransport.lean:316:0: 'RelationalPerimeter.Constitution.ConstitutiveSignatureTransport.provenance_backward_reindex' does not depend on any axioms
info: RelationalPerimeter/Constitution/SignatureTransport.lean:317:0: 'RelationalPerimeter.Constitution.ConstitutiveSignatureTransport.reverse_compatibility_return_target' does not depend on any axioms
info: RelationalPerimeter/Constitution/SignatureTransport.lean:318:0: 'RelationalPerimeter.Constitution.ConstitutiveSignatureTransport.reverse_provenance_return_target' does not depend on any axioms
info: RelationalPerimeter/Constitution/SignatureTransport.lean:319:0: 'RelationalPerimeter.Constitution.ConstitutiveSignatureTransport.mapNode' does not depend on any axioms
info: RelationalPerimeter/Constitution/SignatureTransport.lean:320:0: 'RelationalPerimeter.Constitution.ConstitutiveSignatureTransport.mapNode_identity' does not depend on any axioms
info: RelationalPerimeter/Constitution/SignatureTransport.lean:321:0: 'RelationalPerimeter.Constitution.ConstitutiveSignatureTransport.mapNode_compose' does not depend on any axioms
info: RelationalPerimeter/Constitution/SignatureTransport.lean:322:0: 'RelationalPerimeter.Constitution.ConstitutiveSignatureTransport.restrictCarriers' does not depend on any axioms
info: RelationalPerimeter/Constitution/SignatureTransport.lean:323:0: 'RelationalPerimeter.Constitution.ConstitutiveSignatureTransport.restrict' does not depend on any axioms
info: RelationalPerimeter/Constitution/SignatureTransport.lean:324:0: 'RelationalPerimeter.Constitution.ConstitutiveSignatureTransport.restrict_junction_forward' does not depend on any axioms
info: RelationalPerimeter/Constitution/SignatureTransport.lean:325:0: 'RelationalPerimeter.Constitution.ConstitutiveSignatureTransport.restrict_provenance_backward' does not depend on any axioms
ℹ [10/23] Replayed RelationalPerimeter.Constitution.SpineTransport
info: RelationalPerimeter/Constitution/SpineTransport.lean:167:0: 'RelationalPerimeter.Constitution.ConstitutiveSignatureTransport.mapSpine' does not depend on any axioms
info: RelationalPerimeter/Constitution/SpineTransport.lean:168:0: 'RelationalPerimeter.Constitution.ConstitutiveSignatureTransport.mapSpine_final' does not depend on any axioms
info: RelationalPerimeter/Constitution/SpineTransport.lean:169:0: 'RelationalPerimeter.Constitution.ConstitutiveSignatureTransport.mapSpine_append' does not depend on any axioms
info: RelationalPerimeter/Constitution/SpineTransport.lean:170:0: 'RelationalPerimeter.Constitution.ConstitutiveSignatureTransport.mapPosition' does not depend on any axioms
info: RelationalPerimeter/Constitution/SpineTransport.lean:171:0: 'RelationalPerimeter.Constitution.ConstitutiveSignatureTransport.restorePosition' does not depend on any axioms
info: RelationalPerimeter/Constitution/SpineTransport.lean:172:0: 'RelationalPerimeter.Constitution.ConstitutiveSignatureTransport.position_return' does not depend on any axioms
info: RelationalPerimeter/Constitution/SpineTransport.lean:173:0: 'RelationalPerimeter.Constitution.ConstitutiveSignatureTransport.position_return_target' does not depend on any axioms
info: RelationalPerimeter/Constitution/SpineTransport.lean:174:0: 'RelationalPerimeter.Constitution.ConstitutiveSignatureTransport.positionTransport' does not depend on any axioms
info: RelationalPerimeter/Constitution/SpineTransport.lean:175:0: 'RelationalPerimeter.Constitution.ConstitutiveSignatureTransport.mapPrecedes' does not depend on any axioms
info: RelationalPerimeter/Constitution/SpineTransport.lean:176:0: 'RelationalPerimeter.Constitution.ConstitutiveSignatureTransport.restorePrecedes' does not depend on any axioms
info: RelationalPerimeter/Constitution/SpineTransport.lean:177:0: 'RelationalPerimeter.Constitution.ConstitutiveSignatureTransport.mapNext' does not depend on any axioms
info: RelationalPerimeter/Constitution/SpineTransport.lean:178:0: 'RelationalPerimeter.Constitution.ConstitutiveSignatureTransport.restoreNext' does not depend on any axioms
info: RelationalPerimeter/Constitution/SpineTransport.lean:179:0: 'RelationalPerimeter.Constitution.ConstitutiveSignatureTransport.precedes_iff' does not depend on any axioms
info: RelationalPerimeter/Constitution/SpineTransport.lean:180:0: 'RelationalPerimeter.Constitution.ConstitutiveSignatureTransport.next_iff' does not depend on any axioms
info: RelationalPerimeter/Constitution/SpineTransport.lean:181:0: 'RelationalPerimeter.Constitution.ConstitutiveSignatureTransport.mapLink' does not depend on any axioms
info: RelationalPerimeter/Constitution/SpineTransport.lean:182:0: 'RelationalPerimeter.Constitution.ConstitutiveSignatureTransport.mapSpine_link' does not depend on any axioms
ℹ [11/23] Replayed RelationalPerimeter.Constitution.FormationTransport
info: RelationalPerimeter/Constitution/FormationTransport.lean:326:0: 'RelationalPerimeter.Constitution.PositiveFormation.signature' does not depend on any axioms
info: RelationalPerimeter/Constitution/FormationTransport.lean:327:0: 'RelationalPerimeter.Constitution.PositiveFormation.transport' does not depend on any axioms
info: RelationalPerimeter/Constitution/FormationTransport.lean:328:0: 'RelationalPerimeter.Constitution.PositiveFormation.transport_node' does not depend on any axioms
info: RelationalPerimeter/Constitution/FormationTransport.lean:329:0: 'RelationalPerimeter.Constitution.PositiveFormation.transport_step_readout' does not depend on any axioms
info: RelationalPerimeter/Constitution/FormationTransport.lean:330:0: 'RelationalPerimeter.Constitution.PositionReindex.cast_here' does not depend on any axioms
info: RelationalPerimeter/Constitution/FormationTransport.lean:331:0: 'RelationalPerimeter.Constitution.PositionReindex.cast_later' does not depend on any axioms
info: RelationalPerimeter/Constitution/FormationTransport.lean:332:0: 'RelationalPerimeter.Constitution.PositionReindex.precedes_cast' does not depend on any axioms
info: RelationalPerimeter/Constitution/FormationTransport.lean:333:0: 'RelationalPerimeter.Constitution.PositionReindex.next_cast' does not depend on any axioms
info: RelationalPerimeter/Constitution/FormationTransport.lean:334:0: 'RelationalPerimeter.Constitution.PositiveHistory.transportSignature' does not depend on any axioms
info: RelationalPerimeter/Constitution/FormationTransport.lean:335:0: 'RelationalPerimeter.Constitution.PositiveHistory.restoreSignature' does not depend on any axioms
info: RelationalPerimeter/Constitution/FormationTransport.lean:336:0: 'RelationalPerimeter.Constitution.PositiveHistory.transport_restore' does not depend on any axioms
info: RelationalPerimeter/Constitution/FormationTransport.lean:337:0: 'RelationalPerimeter.Constitution.PositiveHistory.restore_transport' does not depend on any axioms
info: RelationalPerimeter/Constitution/FormationTransport.lean:338:0: 'RelationalPerimeter.Constitution.PositiveHistory.signatureTransport' does not depend on any axioms
info: RelationalPerimeter/Constitution/FormationTransport.lean:339:0: 'RelationalPerimeter.Constitution.PositiveHistory.transport_append' does not depend on any axioms
info: RelationalPerimeter/Constitution/FormationTransport.lean:340:0: 'RelationalPerimeter.Constitution.PositiveHistory.transport_deploy' does not depend on any axioms
info: RelationalPerimeter/Constitution/FormationTransport.lean:341:0: 'RelationalPerimeter.Constitution.PositiveHistory.transportOccurrence' does not depend on any axioms
info: RelationalPerimeter/Constitution/FormationTransport.lean:342:0: 'RelationalPerimeter.Constitution.PositiveHistory.restoreOccurrence' does not depend on any axioms
info: RelationalPerimeter/Constitution/FormationTransport.lean:343:0: 'RelationalPerimeter.Constitution.PositiveHistory.transport_restore_occurrence' does not depend on any axioms
info: RelationalPerimeter/Constitution/FormationTransport.lean:344:0: 'RelationalPerimeter.Constitution.PositiveHistory.restore_transport_occurrence' does not depend on any axioms
info: RelationalPerimeter/Constitution/FormationTransport.lean:345:0: 'RelationalPerimeter.Constitution.PositiveHistory.occurrenceSignatureTransport' does not depend on any axioms
info: RelationalPerimeter/Constitution/FormationTransport.lean:346:0: 'RelationalPerimeter.Constitution.PositiveHistory.transport_position' does not depend on any axioms
info: RelationalPerimeter/Constitution/FormationTransport.lean:347:0: 'RelationalPerimeter.Constitution.PositiveHistory.transport_precedes_iff' does not depend on any axioms
info: RelationalPerimeter/Constitution/FormationTransport.lean:348:0: 'RelationalPerimeter.Constitution.PositiveHistory.transport_next_iff' does not depend on any axioms
info: RelationalPerimeter/Constitution/FormationTransport.lean:349:0: 'RelationalPerimeter.Constitution.PositiveHistory.transport_link' does not depend on any axioms
info: RelationalPerimeter/Constitution/FormationTransport.lean:350:0: 'RelationalPerimeter.Constitution.ChosenPositiveContinuation.transportSignature' does not depend on any axioms
info: RelationalPerimeter/Constitution/FormationTransport.lean:351:0: 'RelationalPerimeter.Constitution.ChosenPositiveContinuation.transport_successor' does not depend on any axioms
info: RelationalPerimeter/Constitution/FormationTransport.lean:352:0: 'RelationalPerimeter.Constitution.ChosenPositiveContinuation.transport_selected_step' does not depend on any axioms
info: RelationalPerimeter/Constitution/FormationTransport.lean:353:0: 'RelationalPerimeter.Constitution.ChosenPositiveContinuation.transport_walk' does not depend on any axioms
ℹ [12/23] Replayed RelationalPerimeter.Constitution.ClosingTransport
info: RelationalPerimeter/Constitution/ClosingTransport.lean:73:0: 'RelationalPerimeter.Constitution.PositiveHistory.transport_closing_source' does not depend on any axioms
info: RelationalPerimeter/Constitution/ClosingTransport.lean:74:0: 'RelationalPerimeter.Constitution.PositiveHistory.closingSignatureTransport' does not depend on any axioms
info: RelationalPerimeter/Constitution/ClosingTransport.lean:75:0: 'RelationalPerimeter.Constitution.PositiveHistory.transport_closing_return' does not depend on any axioms
info: RelationalPerimeter/Constitution/ClosingTransport.lean:76:0: 'RelationalPerimeter.Constitution.PositiveHistory.transport_closing_return_target' does not depend on any axioms
info: RelationalPerimeter/Constitution/ClosingTransport.lean:77:0: 'RelationalPerimeter.Constitution.PositiveHistory.transportedCircular' does not depend on any axioms
info: RelationalPerimeter/Constitution/ClosingTransport.lean:78:0: 'RelationalPerimeter.Constitution.PositiveHistory.circularBoundaryTransport' does not depend on any axioms
info: RelationalPerimeter/Constitution/ClosingTransport.lean:79:0: 'RelationalPerimeter.Constitution.PositiveHistory.circular_junction_preserved' does not depend on any axioms
info: RelationalPerimeter/Constitution/ClosingTransport.lean:80:0: 'RelationalPerimeter.Constitution.PositiveHistory.circular_provenance_preserved' does not depend on any axioms
ℹ [13/23] Replayed SegmentedResidualRole
info: SegmentedResidualRole.lean:791:0: 'SegmentedResidualRole.ExactInternalRealization' does not depend on any axioms
info: SegmentedResidualRole.lean:792:0: 'SegmentedResidualRole.ResidualUniquenessKernel' does not depend on any axioms
info: SegmentedResidualRole.lean:793:0: 'SegmentedResidualRole.ResidualDeterminationCore' does not depend on any axioms
info: SegmentedResidualRole.lean:794:0: 'SegmentedResidualRole.ResidualDeterminationCore.label_is_residual' does not depend on any axioms
info: SegmentedResidualRole.lean:795:0: 'SegmentedResidualRole.ResidualDeterminationCore.occurrences_unique' does not depend on any axioms
info: SegmentedResidualRole.lean:796:0: 'SegmentedResidualRole.CoreUniqueResidualOccurrence' does not depend on any axioms
info: SegmentedResidualRole.lean:797:0: 'SegmentedResidualRole.positiveCore_hasUniqueResidualOccurrence' does not depend on any axioms
info: SegmentedResidualRole.lean:798:0: 'SegmentedResidualRole.CoreUniqueResidualOccurrence.toKernel' does not depend on any axioms
info: SegmentedResidualRole.lean:799:0: 'SegmentedResidualRole.FaithfulExtension.toResidualUniquenessKernel' does not depend on any axioms
info: SegmentedResidualRole.lean:800:0: 'SegmentedResidualRole.ResidualUniquenessKernel.newOccurrence_cannotReuseInternalRole' does not depend on any axioms
info: SegmentedResidualRole.lean:801:0: 'SegmentedResidualRole.ResidualUniquenessKernel.toDeterminationCore' does not depend on any axioms
info: SegmentedResidualRole.lean:802:0: 'SegmentedResidualRole.ResidualUniquenessKernel.newOccurrence_label_is_residual' does not depend on any axioms
info: SegmentedResidualRole.lean:803:0: 'SegmentedResidualRole.ResidualUniquenessKernel.newOccurrences_unique' does not depend on any axioms
info: SegmentedResidualRole.lean:804:0: 'SegmentedResidualRole.FaithfulExtension.newOccurrence_cannotReuseInternalRole' does not depend on any axioms
info: SegmentedResidualRole.lean:805:0: 'SegmentedResidualRole.FaithfulExtension.newOccurrence_label_is_residual' does not depend on any axioms
info: SegmentedResidualRole.lean:806:0: 'SegmentedResidualRole.FaithfulExtension.newOccurrences_unique' does not depend on any axioms
info: SegmentedResidualRole.lean:807:0: 'SegmentedResidualRole.KernelUniqueResidualOccurrence' does not depend on any axioms
info: SegmentedResidualRole.lean:808:0: 'SegmentedResidualRole.positiveKernel_hasUniqueResidualOccurrence' does not depend on any axioms
info: SegmentedResidualRole.lean:809:0: 'SegmentedResidualRole.OldLabelsInternal' does not depend on any axioms
info: SegmentedResidualRole.lean:810:0: 'SegmentedResidualRole.ExactInternalCompletion' does not depend on any axioms
info: SegmentedResidualRole.lean:811:0: 'SegmentedResidualRole.ExactReconstructionConditions' does not depend on any axioms
info: SegmentedResidualRole.lean:812:0: 'SegmentedResidualRole.ExactReconstructionConditions.toExactInternalCompletion' does not depend on any axioms
info: SegmentedResidualRole.lean:813:0: 'SegmentedResidualRole.ExactInternalCompletion.toExactInternalRealization' does not depend on any axioms
info: SegmentedResidualRole.lean:814:0: 'SegmentedResidualRole.ExactInternalCompletion.toReconstructionConditions' does not depend on any axioms
info: SegmentedResidualRole.lean:815:0: 'SegmentedResidualRole.ExactInternalCompletion.occurrenceToRole_pointwise_unique' does not depend on any axioms
info: SegmentedResidualRole.lean:816:0: 'SegmentedResidualRole.ResidualUniquenessKernel.oldLabelsInternal_of_positive' does not depend on any axioms
info: SegmentedResidualRole.lean:817:0: 'SegmentedResidualRole.ResidualUniquenessKernel.toExactInternalCompletion_of_positive' does not depend on any axioms
info: SegmentedResidualRole.lean:818:0: 'SegmentedResidualRole.FaithfulExtension.internalCompletion' does not depend on any axioms
info: SegmentedResidualRole.lean:819:0: 'SegmentedResidualRole.FaithfulExtension.embedOld_injective' does not depend on any axioms
info: SegmentedResidualRole.lean:820:0: 'SegmentedResidualRole.FaithfulExtension.reconstructInternalCompletion' does not depend on any axioms
info: SegmentedResidualRole.lean:821:0: 'SegmentedResidualRole.FaithfulExtension.reconstructed_roleToOccurrence_eq' does not depend on any axioms
info: SegmentedResidualRole.lean:822:0: 'SegmentedResidualRole.FaithfulExtension.reconstructed_roleToOccurrence_agrees' does not depend on any axioms
info: SegmentedResidualRole.lean:823:0: 'SegmentedResidualRole.FaithfulExtension.reconstructed_occurrenceToRole_agrees' does not depend on any axioms
info: SegmentedResidualRole.lean:824:0: 'SegmentedResidualRole.positiveExtension_hasUniqueResidualOccurrence' does not depend on any axioms
info: SegmentedResidualRole.lean:825:0: 'SegmentedResidualRole.CoreUniqueResidualOccurrence.toRich' does not depend on any axioms
info: SegmentedResidualRole.lean:826:0: 'SegmentedResidualRole.positiveExtension_result_occurrence' does not depend on any axioms
ℹ [14/23] Replayed AbstractSegmentedTurning
info: AbstractSegmentedTurning.lean:1177:0: 'AbstractSegmentedTurning.BoundaryGenerator.continuation_ne_boundary' does not depend on any axioms
info: AbstractSegmentedTurning.lean:1178:0: 'AbstractSegmentedTurning.ObstructedRegime.exactClassification' does not depend on any axioms
info: AbstractSegmentedTurning.lean:1179:0: 'AbstractSegmentedTurning.ObstructedRegime.continuation_outside_regime' does not depend on any axioms
info: AbstractSegmentedTurning.lean:1180:0: 'AbstractSegmentedTurning.ObstructedRegime.no_strict_regime_extension' does not depend on any axioms
info: AbstractSegmentedTurning.lean:1181:0: 'AbstractSegmentedTurning.CoreSegmentedBoundary' does not depend on any axioms
info: AbstractSegmentedTurning.lean:1182:0: 'AbstractSegmentedTurning.SegmentedBoundary.toCoreBoundary' does not depend on any axioms
info: AbstractSegmentedTurning.lean:1183:0: 'AbstractSegmentedTurning.CoreTurningConclusion' does not depend on any axioms
info: AbstractSegmentedTurning.lean:1184:0: 'AbstractSegmentedTurning.coreTurning' does not depend on any axioms
info: AbstractSegmentedTurning.lean:1185:0: 'AbstractSegmentedTurning.CorePositiveResidualBoundary' does not depend on any axioms
info: AbstractSegmentedTurning.lean:1186:0: 'AbstractSegmentedTurning.CorePositiveResidualBoundary.uniqueResidualOccurrence' does not depend on any axioms
info: AbstractSegmentedTurning.lean:1187:0: 'AbstractSegmentedTurning.PositiveResidualBoundary.toCoreBoundary' does not depend on any axioms
info: AbstractSegmentedTurning.lean:1188:0: 'AbstractSegmentedTurning.CoreCoupledObstructedRegime' does not depend on any axioms
info: AbstractSegmentedTurning.lean:1189:0: 'AbstractSegmentedTurning.CoreCoupledObstructedRegime.exactClassification' does not depend on any axioms
info: AbstractSegmentedTurning.lean:1190:0: 'AbstractSegmentedTurning.CoreCoupledObstructedRegime.toObstructedRegime' does not depend on any axioms
info: AbstractSegmentedTurning.lean:1191:0: 'AbstractSegmentedTurning.CoreCoupledObstructedRegime.admittedPositiveBoundary_rejected' does not depend on any axioms
info: AbstractSegmentedTurning.lean:1192:0: 'AbstractSegmentedTurning.CoreCoupledObstructedRegime.continuation_outside_regime' does not depend on any axioms
info: AbstractSegmentedTurning.lean:1193:0: 'AbstractSegmentedTurning.CoreCoupledObstructedRegime.no_strict_regime_extension' does not depend on any axioms
info: AbstractSegmentedTurning.lean:1194:0: 'AbstractSegmentedTurning.CoreCoupledTurningConclusion' does not depend on any axioms
info: AbstractSegmentedTurning.lean:1195:0: 'AbstractSegmentedTurning.coreCoupledTurning' does not depend on any axioms
info: AbstractSegmentedTurning.lean:1196:0: 'AbstractSegmentedTurning.CoupledObstructedRegime.toCoreCoupled' does not depend on any axioms
info: AbstractSegmentedTurning.lean:1197:0: 'AbstractSegmentedTurning.abstractTurning' does not depend on any axioms
info: AbstractSegmentedTurning.lean:1198:0: 'AbstractSegmentedTurning.PositiveResidualBoundary.uniqueResidualOccurrence' does not depend on any axioms
info: AbstractSegmentedTurning.lean:1199:0: 'AbstractSegmentedTurning.CoupledObstructedRegime.exactClassification' does not depend on any axioms
info: AbstractSegmentedTurning.lean:1200:0: 'AbstractSegmentedTurning.CoupledObstructedRegime.toObstructedRegime' does not depend on any axioms
info: AbstractSegmentedTurning.lean:1201:0: 'AbstractSegmentedTurning.CoupledObstructedRegime.admittedPositiveBoundary_rejected' does not depend on any axioms
info: AbstractSegmentedTurning.lean:1202:0: 'AbstractSegmentedTurning.coupledTurning' does not depend on any axioms
info: AbstractSegmentedTurning.lean:1203:0: 'AbstractSegmentedTurning.RegimeExit' does not depend on any axioms
info: AbstractSegmentedTurning.lean:1204:0: 'AbstractSegmentedTurning.RegimeExit.mapFaithful' does not depend on any axioms
info: AbstractSegmentedTurning.lean:1205:0: 'AbstractSegmentedTurning.RegimeExit.restrictRegime' does not depend on any axioms
info: AbstractSegmentedTurning.lean:1206:0: 'AbstractSegmentedTurning.RegimeExit.refutesFaithfulToRegime' does not depend on any axioms
info: AbstractSegmentedTurning.lean:1207:0: 'AbstractSegmentedTurning.RegimeExit.mapFaithful_id' does not depend on any axioms
info: AbstractSegmentedTurning.lean:1208:0: 'AbstractSegmentedTurning.RegimeExit.mapFaithful_comp' does not depend on any axioms
info: AbstractSegmentedTurning.lean:1209:0: 'AbstractSegmentedTurning.RegimeExit.restrictRegime_id' does not depend on any axioms
info: AbstractSegmentedTurning.lean:1210:0: 'AbstractSegmentedTurning.RegimeExit.restrictRegime_comp' does not depend on any axioms
info: AbstractSegmentedTurning.lean:1211:0: 'AbstractSegmentedTurning.RegimeExit.mapFaithful_restrictRegime' does not depend on any axioms
info: AbstractSegmentedTurning.lean:1212:0: 'AbstractSegmentedTurning.UniformRegimeExit' does not depend on any axioms
info: AbstractSegmentedTurning.lean:1213:0: 'AbstractSegmentedTurning.UniformRegimeExit.atImplementation' does not depend on any axioms
info: AbstractSegmentedTurning.lean:1214:0: 'AbstractSegmentedTurning.UniformRegimeExit.reindexImplementation' does not depend on any axioms
info: AbstractSegmentedTurning.lean:1215:0: 'AbstractSegmentedTurning.UniformRegimeExit.reindex_id' does not depend on any axioms
info: AbstractSegmentedTurning.lean:1216:0: 'AbstractSegmentedTurning.UniformRegimeExit.reindex_comp' does not depend on any axioms
info: AbstractSegmentedTurning.lean:1217:0: 'AbstractSegmentedTurning.UniformRegimeExit.reindex_at' does not depend on any axioms
ℹ [15/23] Replayed StrongPerimetralTurning
info: StrongPerimetralTurning.lean:8686:0: 'StrongPerimetralTurning.CircularPresentation.rejectTotalLoop' does not depend on any axioms
info: StrongPerimetralTurning.lean:8687:0: 'StrongPerimetralTurning.CircularPresentation.positiveClosureObstruction' does not depend on any axioms
info: StrongPerimetralTurning.lean:8688:0: 'StrongPerimetralTurning.RawJunctionWithSeparatedEndpoints' does not depend on any axioms
info: StrongPerimetralTurning.lean:8689:0: 'StrongPerimetralTurning.ExplicitTotalization.toContractionKernel' does not depend on any axioms
info: StrongPerimetralTurning.lean:8690:0: 'StrongPerimetralTurning.ImplicitTotalization.toContractionKernel' does not depend on any axioms
info: StrongPerimetralTurning.lean:8691:0: 'StrongPerimetralTurning.explicitKernelContractsClosureDifference' does not depend on any axioms
info: StrongPerimetralTurning.lean:8692:0: 'StrongPerimetralTurning.implicitKernelContractsClosureDifference' does not depend on any axioms
info: StrongPerimetralTurning.lean:8693:0: 'StrongPerimetralTurning.explicitContractionKernelRejected' does not depend on any axioms
info: StrongPerimetralTurning.lean:8694:0: 'StrongPerimetralTurning.implicitContractionKernelRejected' does not depend on any axioms
info: StrongPerimetralTurning.lean:8695:0: 'StrongPerimetralTurning.ContractedClosureDifference.endpointContraction' does not depend on any axioms
info: StrongPerimetralTurning.lean:8696:0: 'StrongPerimetralTurning.ContractedClosureDifference.reject' does not depend on any axioms
info: StrongPerimetralTurning.lean:8697:0: 'StrongPerimetralTurning.explicitTotalizationContractsClosureDifference' does not depend on any axioms
info: StrongPerimetralTurning.lean:8698:0: 'StrongPerimetralTurning.implicitTotalizationContractsClosureDifference' does not depend on any axioms
info: StrongPerimetralTurning.lean:8699:0: 'StrongPerimetralTurning.explicitTotalizationRejected' does not depend on any axioms
info: StrongPerimetralTurning.lean:8700:0: 'StrongPerimetralTurning.implicitTotalizationRejected' does not depend on any axioms
info: StrongPerimetralTurning.lean:8701:0: 'StrongPerimetralTurning.FreeConstitution.formed_boundaryCode_exact' does not depend on any axioms
info: StrongPerimetralTurning.lean:8702:0: 'StrongPerimetralTurning.FreeConstitution.formed_core_exact' does not depend on any axioms
info: StrongPerimetralTurning.lean:8703:0: 'StrongPerimetralTurning.FreeConstitution.root_inheritedClosureObstruction_exact' does not depend on any axioms
info: StrongPerimetralTurning.lean:8704:0: 'StrongPerimetralTurning.FreeConstitution.formed_inheritedClosureObstruction_exact' does not depend on any axioms
info: StrongPerimetralTurning.lean:8705:0: 'StrongPerimetralTurning.FreeConstitution.formed_integratedClosureObstruction_exact' does not depend on any axioms
info: StrongPerimetralTurning.lean:8706:0: 'StrongPerimetralTurning.FreeConstitution.formed_integratedProvenance_exact' does not depend on any axioms
info: StrongPerimetralTurning.lean:8707:0: 'StrongPerimetralTurning.canonicalTarget_inheritedClosureObstruction_exact' does not depend on any axioms
info: StrongPerimetralTurning.lean:8708:0: 'StrongPerimetralTurning.generate' does not depend on any axioms
info: StrongPerimetralTurning.lean:8709:0: 'StrongPerimetralTurning.canonicalFormationEliminator_exact' does not depend on any axioms
info: StrongPerimetralTurning.lean:8710:0: 'StrongPerimetralTurning.formationEliminator_is_free_fold' does not depend on any axioms
info: StrongPerimetralTurning.lean:8711:0: 'StrongPerimetralTurning.canonicalFreeLayer_is_free_elimination' does not depend on any axioms
info: StrongPerimetralTurning.lean:8712:0: 'StrongPerimetralTurning.HistoricalProvenanceRecord' does not depend on any axioms
info: StrongPerimetralTurning.lean:8713:0: 'StrongPerimetralTurning.HistoricalProvenanceRecord.ofIntegration' does not depend on any axioms
info: StrongPerimetralTurning.lean:8714:0: 'StrongPerimetralTurning.HistoricalProvenanceRecord.recordedProvenance' does not depend on any axioms
info: StrongPerimetralTurning.lean:8715:0: 'StrongPerimetralTurning.HistoricalProvenanceRecord.recordedProvenance_is_origin' does not depend on any axioms
info: StrongPerimetralTurning.lean:8716:0: 'StrongPerimetralTurning.PreservesProvenance.inscribedInTarget' does not depend on any axioms
info: StrongPerimetralTurning.lean:8717:0: 'StrongPerimetralTurning.PreservesProvenance.exactProvenance_is_origin' does not depend on any axioms
info: StrongPerimetralTurning.lean:8718:0: 'StrongPerimetralTurning.canonicalSourceProvenanceInscribed' does not depend on any axioms
info: StrongPerimetralTurning.lean:8719:0: 'StrongPerimetralTurning.recoverImmediateOriginFromFormation' does not depend on any axioms
info: StrongPerimetralTurning.lean:8720:0: 'StrongPerimetralTurning.RecoveredImmediateOrigin.provenance' does not depend on any axioms
info: StrongPerimetralTurning.lean:8721:0: 'StrongPerimetralTurning.GeneratedStep.compatibilityWitnessExact' does not depend on any axioms
info: StrongPerimetralTurning.lean:8722:0: 'StrongPerimetralTurning.GeneratedStep.provenanceWitnessExact' does not depend on any axioms
info: StrongPerimetralTurning.lean:8723:0: 'StrongPerimetralTurning.GeneratedStep.integratesClosureObstruction' does not depend on any axioms
info: StrongPerimetralTurning.lean:8724:0: 'StrongPerimetralTurning.GeneratedStep.inheritedClosureObstructionExact' does not depend on any axioms
info: StrongPerimetralTurning.lean:8725:0: 'StrongPerimetralTurning.GeneratedStep.sourceProvenanceInscribedInTarget' does not depend on any axioms
info: StrongPerimetralTurning.lean:8726:0: 'StrongPerimetralTurning.GeneratedStep.currentFormationRecord' does not depend on any axioms
info: StrongPerimetralTurning.lean:8727:0: 'StrongPerimetralTurning.GeneratedStep.rejectsAlternativeCompatibility' does not depend on any axioms
info: StrongPerimetralTurning.lean:8728:0: 'StrongPerimetralTurning.GeneratedStep.rejectsAlternativeProvenance' does not depend on any axioms
info: StrongPerimetralTurning.lean:8729:0: 'StrongPerimetralTurning.generatedHistory_preservesClosureObstruction' does not depend on any axioms
info: StrongPerimetralTurning.lean:8730:0: 'StrongPerimetralTurning.preserveFormationRecordAlongHistory' does not depend on any axioms
info: StrongPerimetralTurning.lean:8731:0: 'StrongPerimetralTurning.preserveHistoricalProvenanceAlongStep' does not depend on any axioms
info: StrongPerimetralTurning.lean:8732:0: 'StrongPerimetralTurning.preserveHistoricalProvenanceAlongHistory' does not depend on any axioms
info: StrongPerimetralTurning.lean:8733:0: 'StrongPerimetralTurning.positiveGeneratedHistory_hasFreshFormation' does not depend on any axioms
info: StrongPerimetralTurning.lean:8734:0: 'StrongPerimetralTurning.FreshFormationRecord.notFromSource' does not depend on any axioms
info: StrongPerimetralTurning.lean:8735:0: 'StrongPerimetralTurning.append_positive_ne' does not depend on any axioms
info: StrongPerimetralTurning.lean:8736:0: 'StrongPerimetralTurning.positiveGeneratedHistory_source_ne_target' does not depend on any axioms
info: StrongPerimetralTurning.lean:8737:0: 'StrongPerimetralTurning.positiveGeneratedHistory_cursorAdvance' does not depend on any axioms
info: StrongPerimetralTurning.lean:8738:0: 'StrongPerimetralTurning.positiveCursorAdvance_irreflexive' does not depend on any axioms
info: StrongPerimetralTurning.lean:8739:0: 'StrongPerimetralTurning.CursorFuture.irreflexive' does not depend on any axioms
info: StrongPerimetralTurning.lean:8740:0: 'StrongPerimetralTurning.ProperSpineSuffix.irreflexive' does not depend on any axioms
info: StrongPerimetralTurning.lean:8741:0: 'StrongPerimetralTurning.ProperFreeTail.irreflexive' does not depend on any axioms
info: StrongPerimetralTurning.lean:8742:0: 'StrongPerimetralTurning.ProperStructuralDepth.irreflexive' does not depend on any axioms
info: StrongPerimetralTurning.lean:8743:0: 'StrongPerimetralTurning.partial_is_prefix_of_perimeter' does not depend on any axioms
info: StrongPerimetralTurning.lean:8744:0: 'StrongPerimetralTurning.rootedOccurrence_source_eq_of_cursor_eq' does not depend on any axioms
info: StrongPerimetralTurning.lean:8745:0: 'StrongPerimetralTurning.RequirementOccurrenceAgreement.locatedStepExact' does not depend on any axioms
info: StrongPerimetralTurning.lean:8746:0: 'StrongPerimetralTurning.RequirementOccurrenceAgreement.compatibilityTransport' does not depend on any axioms
info: StrongPerimetralTurning.lean:8747:0: 'StrongPerimetralTurning.RequirementOccurrenceAgreement.provenanceWitnessExact' does not depend on any axioms
info: StrongPerimetralTurning.lean:8748:0: 'StrongPerimetralTurning.History.embedLeftOccurrence_injective' does not depend on any axioms
info: StrongPerimetralTurning.lean:8749:0: 'StrongPerimetralTurning.locatedStep_transportOccurrence' does not depend on any axioms
info: StrongPerimetralTurning.lean:8750:0: 'StrongPerimetralTurning.PerimeterExtension.oldOccurrenceAgreement' does not depend on any axioms
info: StrongPerimetralTurning.lean:8751:0: 'StrongPerimetralTurning.PerimeterExtension.oldOccurrence_injective' does not depend on any axioms
info: StrongPerimetralTurning.lean:8752:0: 'StrongPerimetralTurning.PerimeterExtension.toExactNonClosingRealization' does not depend on any axioms
info: StrongPerimetralTurning.lean:8753:0: 'StrongPerimetralTurning.identityCircularRefinement' does not depend on any axioms
info: StrongPerimetralTurning.lean:8754:0: 'StrongPerimetralTurning.CoreCircularResidualContext' does not depend on any axioms
info: StrongPerimetralTurning.lean:8755:0: 'StrongPerimetralTurning.coreCircularBoundaryType' does not depend on any axioms
info: StrongPerimetralTurning.lean:8756:0: 'StrongPerimetralTurning.coreCircularPositiveResidualBoundary' does not depend on any axioms
info: StrongPerimetralTurning.lean:8757:0: 'StrongPerimetralTurning.CoreResidualClosureInterpretation' does not depend on any axioms
info: StrongPerimetralTurning.lean:8758:0: 'StrongPerimetralTurning.coreInterpretResidual' does not depend on any axioms
info: StrongPerimetralTurning.lean:8759:0: 'StrongPerimetralTurning.CoreResidualClosureAttempt' does not depend on any axioms
info: StrongPerimetralTurning.lean:8760:0: 'StrongPerimetralTurning.rejectCoreResidualClosureAttempt' does not depend on any axioms
info: StrongPerimetralTurning.lean:8761:0: 'StrongPerimetralTurning.CoreCircularPositiveBranch' does not depend on any axioms
info: StrongPerimetralTurning.lean:8762:0: 'StrongPerimetralTurning.CoreCircularRefinement' does not depend on any axioms
info: StrongPerimetralTurning.lean:8763:0: 'StrongPerimetralTurning.identityCoreCircularRefinement' does not depend on any axioms
info: StrongPerimetralTurning.lean:8764:0: 'StrongPerimetralTurning.CircularRefinement.toCoreCircularRefinement' does not depend on any axioms
info: StrongPerimetralTurning.lean:8765:0: 'StrongPerimetralTurning.coreCircularRefinement_history_eq_perimeter' does not depend on any axioms
info: StrongPerimetralTurning.lean:8766:0: 'StrongPerimetralTurning.circularRefinement_nonempty_iff_coreCircularRefinement_nonempty' does not depend on any axioms
info: StrongPerimetralTurning.lean:8767:0: 'StrongPerimetralTurning.oneStepAfterPerimeter_is_extension' does not depend on any axioms
info: StrongPerimetralTurning.lean:8768:0: 'StrongPerimetralTurning.oneStepResidualDeterminationCore' does not depend on any axioms
info: StrongPerimetralTurning.lean:8769:0: 'StrongPerimetralTurning.oneStepCorePositive' does not depend on any axioms
info: StrongPerimetralTurning.lean:8770:0: 'StrongPerimetralTurning.oneStepCoreResidualOccurrence' does not depend on any axioms
info: StrongPerimetralTurning.lean:8771:0: 'StrongPerimetralTurning.oneStepCoreSegmentedBoundary' does not depend on any axioms
info: StrongPerimetralTurning.lean:8772:0: 'StrongPerimetralTurning.oneStepAfterPerimeter_nonClosingRealization' does not depend on any axioms
info: StrongPerimetralTurning.lean:8773:0: 'StrongPerimetralTurning.CircularClosureMeaning' does not depend on any axioms
info: StrongPerimetralTurning.lean:8774:0: 'StrongPerimetralTurning.perimeterDeployment_closureMeaning' does not depend on any axioms
info: StrongPerimetralTurning.lean:8775:0: 'StrongPerimetralTurning.oneStepAfterPerimeter_notClosureMeaning' does not depend on any axioms
info: StrongPerimetralTurning.lean:8776:0: 'StrongPerimetralTurning.CircularSpecificationSatisfaction' does not depend on any axioms
info: StrongPerimetralTurning.lean:8777:0: 'StrongPerimetralTurning.perimeterDeployment_specificationSatisfaction' does not depend on any axioms
info: StrongPerimetralTurning.lean:8778:0: 'StrongPerimetralTurning.oneStepAfterPerimeter_notSpecificationSatisfaction' does not depend on any axioms
info: StrongPerimetralTurning.lean:8779:0: 'StrongPerimetralTurning.oneStepAfterPerimeterStrict' does not depend on any axioms
info: StrongPerimetralTurning.lean:8780:0: 'StrongPerimetralTurning.oneStepAfterPerimeter_ne' does not depend on any axioms
info: StrongPerimetralTurning.lean:8781:0: 'StrongPerimetralTurning.perimetralBoundaryGenerator' does not depend on any axioms
info: StrongPerimetralTurning.lean:8782:0: 'StrongPerimetralTurning.occurrenceToRequirement_toOccurrence' does not depend on any axioms
info: StrongPerimetralTurning.lean:8783:0: 'StrongPerimetralTurning.requirementToOccurrence_toRequirement' does not depend on any axioms
info: StrongPerimetralTurning.lean:8784:0: 'StrongPerimetralTurning.deployOccurrence_position_roundTrip' does not depend on any axioms
info: StrongPerimetralTurning.lean:8785:0: 'StrongPerimetralTurning.classifyDeploymentOccurrence' does not depend on any axioms
info: StrongPerimetralTurning.lean:8786:0: 'StrongPerimetralTurning.decodeDeploymentOccurrence' does not depend on any axioms
info: StrongPerimetralTurning.lean:8787:0: 'StrongPerimetralTurning.deployPosition_occurrence_roundTrip' does not depend on any axioms
info: StrongPerimetralTurning.lean:8788:0: 'StrongPerimetralTurning.deployPositionToOccurrence_injective' does not depend on any axioms
info: StrongPerimetralTurning.lean:8789:0: 'StrongPerimetralTurning.requirementToOccurrence_injective' does not depend on any axioms
info: StrongPerimetralTurning.lean:8790:0: 'StrongPerimetralTurning.ExactNonClosingRealization' does not depend on any axioms
info: StrongPerimetralTurning.lean:8791:0: 'StrongPerimetralTurning.SemanticTrace' does not depend on any axioms
info: StrongPerimetralTurning.lean:8792:0: 'StrongPerimetralTurning.SemanticTrace.locatedStep' does not depend on any axioms
info: StrongPerimetralTurning.lean:8793:0: 'StrongPerimetralTurning.LocatedRequirementAgreement' does not depend on any axioms
info: StrongPerimetralTurning.lean:8794:0: 'StrongPerimetralTurning.SemanticExactNonClosingRealization' does not depend on any axioms
info: StrongPerimetralTurning.lean:8795:0: 'StrongPerimetralTurning.NonClosingPrecedes' does not depend on any axioms
info: StrongPerimetralTurning.lean:8796:0: 'StrongPerimetralTurning.SemanticOrderPreserved' does not depend on any axioms
info: StrongPerimetralTurning.lean:8797:0: 'StrongPerimetralTurning.perimeterRealization' does not depend on any axioms
info: StrongPerimetralTurning.lean:8798:0: 'StrongPerimetralTurning.finalRequirementContractible' does not depend on any axioms
info: StrongPerimetralTurning.lean:8799:0: 'StrongPerimetralTurning.perimeterInternalRoleRealization' does not depend on any axioms
info: StrongPerimetralTurning.lean:8800:0: 'StrongPerimetralTurning.FaithfullyLabelledPerimeterExtension.toSegmentedResidualExtension' does not depend on any axioms
info: StrongPerimetralTurning.lean:8801:0: 'StrongPerimetralTurning.FaithfullyLabelledPerimeterExtension.segmentedResidualExtension_embedOld_injective' does not depend on any axioms
info: StrongPerimetralTurning.lean:8802:0: 'StrongPerimetralTurning.FaithfullyLabelledPerimeterExtension.newOccurrence_cannotReuseNonClosingRequirement' does not depend on any axioms
info: StrongPerimetralTurning.lean:8803:0: 'StrongPerimetralTurning.FaithfullyLabelledPerimeterExtension.newOccurrence_label_is_final' does not depend on any axioms
info: StrongPerimetralTurning.lean:8804:0: 'StrongPerimetralTurning.FaithfullyLabelledPerimeterExtension.continuation_occurrences_unique' does not depend on any axioms
info: StrongPerimetralTurning.lean:8805:0: 'StrongPerimetralTurning.PositiveContinuation.toResidualPositive' does not depend on any axioms
info: StrongPerimetralTurning.lean:8806:0: 'StrongPerimetralTurning.FaithfullyLabelledPerimeterExtension.reconstructedInternalCompletion' does not depend on any axioms
info: StrongPerimetralTurning.lean:8807:0: 'StrongPerimetralTurning.FaithfullyLabelledPerimeterExtension.reconstructed_roleToOccurrence_agrees' does not depend on any axioms
info: StrongPerimetralTurning.lean:8808:0: 'StrongPerimetralTurning.FaithfullyLabelledPerimeterExtension.reconstructed_occurrenceToRole_agrees' does not depend on any axioms
info: StrongPerimetralTurning.lean:8809:0: 'StrongPerimetralTurning.oneStepSegmentedBoundary' does not depend on any axioms
info: StrongPerimetralTurning.lean:8810:0: 'StrongPerimetralTurning.oneStepResidualPositive' does not depend on any axioms
info: StrongPerimetralTurning.lean:8811:0: 'StrongPerimetralTurning.oneStepResidualPositive_agrees_with_segmentedBoundary' does not depend on any axioms
info: StrongPerimetralTurning.lean:8812:0: 'StrongPerimetralTurning.oneStepReconstructedInternalCompletion' does not depend on any axioms
info: StrongPerimetralTurning.lean:8813:0: 'StrongPerimetralTurning.oneStepReconstructedInternalRealization' does not depend on any axioms
info: StrongPerimetralTurning.lean:8814:0: 'StrongPerimetralTurning.oneStepReconstructed_roleToOccurrence_agrees' does not depend on any axioms
info: StrongPerimetralTurning.lean:8815:0: 'StrongPerimetralTurning.oneStepReconstructed_occurrenceToRole_agrees' does not depend on any axioms
info: StrongPerimetralTurning.lean:8816:0: 'StrongPerimetralTurning.oneStepWeakResidualOccurrence' does not depend on any axioms
info: StrongPerimetralTurning.lean:8817:0: 'StrongPerimetralTurning.oneStepPublicResidualOccurrence' does not depend on any axioms
info: StrongPerimetralTurning.lean:8818:0: 'StrongPerimetralTurning.oneStepResidualOccurrence_agrees' does not depend on any axioms
info: StrongPerimetralTurning.lean:8819:0: 'StrongPerimetralTurning.oneStepWeakResidualOccurrence_label_is_final' does not depend on any axioms
info: StrongPerimetralTurning.lean:8820:0: 'StrongPerimetralTurning.oneStepWeakResidualOccurrence_unique' does not depend on any axioms
info: StrongPerimetralTurning.lean:8821:0: 'StrongPerimetralTurning.positiveContinuation_exactlyOne' does not depend on any axioms
info: StrongPerimetralTurning.lean:8822:0: 'StrongPerimetralTurning.finalBoundaryOccurrence' does not depend on any axioms
info: StrongPerimetralTurning.lean:8823:0: 'StrongPerimetralTurning.FinalBoundaryOccurrence.compatibility_is_leaveBoundary' does not depend on any axioms
info: StrongPerimetralTurning.lean:8824:0: 'StrongPerimetralTurning.finalClosureInterpretation' does not depend on any axioms
info: StrongPerimetralTurning.lean:8825:0: 'StrongPerimetralTurning.FinalClosureInterpretation.sourceObstructionIsInitial' does not depend on any axioms
info: StrongPerimetralTurning.lean:8826:0: 'StrongPerimetralTurning.ConstitutiveClosureAttachment.formationRecordIsStepExact' does not depend on any axioms
info: StrongPerimetralTurning.lean:8827:0: 'StrongPerimetralTurning.ConstitutiveClosureAttachment.provenanceRecordIsStepExact' does not depend on any axioms
info: StrongPerimetralTurning.lean:8828:0: 'StrongPerimetralTurning.ConstitutiveClosureAttachment.obstructionIsInitial' does not depend on any axioms
info: StrongPerimetralTurning.lean:8829:0: 'StrongPerimetralTurning.BilateralClosureAttemptAt.explicitContraction' does not depend on any axioms
info: StrongPerimetralTurning.lean:8830:0: 'StrongPerimetralTurning.BilateralClosureAttemptAt.implicitContraction' does not depend on any axioms
info: StrongPerimetralTurning.lean:8831:0: 'StrongPerimetralTurning.BilateralClosureAttemptAt.rejectExplicit' does not depend on any axioms
info: StrongPerimetralTurning.lean:8832:0: 'StrongPerimetralTurning.BilateralClosureAttemptAt.rejectImplicit' does not depend on any axioms
info: StrongPerimetralTurning.lean:8833:0: 'StrongPerimetralTurning.refinementOutcome' does not depend on any axioms
info: StrongPerimetralTurning.lean:8834:0: 'StrongPerimetralTurning.NormativeAdequacy' does not depend on any axioms
info: StrongPerimetralTurning.lean:8835:0: 'StrongPerimetralTurning.AdequateAlong' does not depend on any axioms
info: StrongPerimetralTurning.lean:8836:0: 'StrongPerimetralTurning.SpecRelativeHistoryExit' does not depend on any axioms
info: StrongPerimetralTurning.lean:8837:0: 'StrongPerimetralTurning.RootedGeneratedHistory.terminalClosureObstruction' does not depend on any axioms
info: StrongPerimetralTurning.lean:8838:0: 'StrongPerimetralTurning.RootedGeneratedHistory.terminalClosureObstruction_is_initial' does not depend on any axioms
info: StrongPerimetralTurning.lean:8839:0: 'StrongPerimetralTurning.FinalJunctionRealization.toBilateralContractions' does not depend on any axioms
info: StrongPerimetralTurning.lean:8840:0: 'StrongPerimetralTurning.FinalJunctionRealization.toExplicitContractedClosureDifference' does not depend on any axioms
info: StrongPerimetralTurning.lean:8841:0: 'StrongPerimetralTurning.FinalJunctionRealization.toImplicitContractedClosureDifference' does not depend on any axioms
info: StrongPerimetralTurning.lean:8842:0: 'StrongPerimetralTurning.FinalJunctionRealization.toContractedClosureDifference' does not depend on any axioms
info: StrongPerimetralTurning.lean:8843:0: 'StrongPerimetralTurning.FinalJunctionRealization.endpointEquality' does not depend on any axioms
info: StrongPerimetralTurning.lean:8844:0: 'StrongPerimetralTurning.FinalJunctionRealization.toTotalLoop' does not depend on any axioms
info: StrongPerimetralTurning.lean:8845:0: 'StrongPerimetralTurning.rejectFinalJunctionRealization' does not depend on any axioms
info: StrongPerimetralTurning.lean:8846:0: 'StrongPerimetralTurning.rejectFinalJunctionRealizationImplicit' does not depend on any axioms
info: StrongPerimetralTurning.lean:8847:0: 'StrongPerimetralTurning.circularPositiveResidualBoundary' does not depend on any axioms
info: StrongPerimetralTurning.lean:8848:0: 'StrongPerimetralTurning.analyzeCircularRefinementThroughResidual' does not depend on any axioms
info: StrongPerimetralTurning.lean:8849:0: 'StrongPerimetralTurning.interpretCircularResidual' does not depend on any axioms
info: StrongPerimetralTurning.lean:8850:0: 'StrongPerimetralTurning.circularResidualBranch' does not depend on any axioms
info: StrongPerimetralTurning.lean:8851:0: 'StrongPerimetralTurning.rejectResidualBilateralClosureAttempt' does not depend on any axioms
info: StrongPerimetralTurning.lean:8852:0: 'StrongPerimetralTurning.analyzeCircularRegimeWithResidualAttempt' does not depend on any axioms
info: StrongPerimetralTurning.lean:8853:0: 'StrongPerimetralTurning.perimetralCoreCoupledRegime' does not depend on any axioms
info: StrongPerimetralTurning.lean:8854:0: 'StrongPerimetralTurning.perimetralCoreCoupledInterpretation_occurrence' does not depend on any axioms
info: StrongPerimetralTurning.lean:8855:0: 'StrongPerimetralTurning.perimetralCoreObstructedRegime' does not depend on any axioms
info: StrongPerimetralTurning.lean:8856:0: 'StrongPerimetralTurning.perimetralCoupledRegime' does not depend on any axioms
info: StrongPerimetralTurning.lean:8857:0: 'StrongPerimetralTurning.perimetralObstructedRegime' does not depend on any axioms
info: StrongPerimetralTurning.lean:8858:0: 'StrongPerimetralTurning.oneStepCoreTurning' does not depend on any axioms
info: StrongPerimetralTurning.lean:8859:0: 'StrongPerimetralTurning.oneStepCoreTurning_toPublic' does not depend on any axioms
info: StrongPerimetralTurning.lean:8860:0: 'StrongPerimetralTurning.perimetralCoreCoupledTurning' does not depend on any axioms
info: StrongPerimetralTurning.lean:8861:0: 'StrongPerimetralTurning.historicalCoupledTurningOfCircularPresentation' does not depend on any axioms
info: StrongPerimetralTurning.lean:8862:0: 'StrongPerimetralTurning.coupledTurningOfCircularPresentation' does not depend on any axioms
info: StrongPerimetralTurning.lean:8863:0: 'StrongPerimetralTurning.historicalAbstractTurningOfCircularPresentation' does not depend on any axioms
info: StrongPerimetralTurning.lean:8864:0: 'StrongPerimetralTurning.abstractTurningOfCircularPresentation' does not depend on any axioms
info: StrongPerimetralTurning.lean:8865:0: 'StrongPerimetralTurning.oneStepCoreResidualOccurrence_agrees_with_weak' does not depend on any axioms
info: StrongPerimetralTurning.lean:8866:0: 'StrongPerimetralTurning.oneStepCoreResidualOccurrence_agrees_with_consumedTurning' does not depend on any axioms
info: StrongPerimetralTurning.lean:8867:0: 'StrongPerimetralTurning.oneStepWeakResidualOccurrence_agrees_with_consumedTurning' does not depend on any axioms
info: StrongPerimetralTurning.lean:8868:0: 'StrongPerimetralTurning.strictRefinementProducesFinalJunctionRealization' does not depend on any axioms
info: StrongPerimetralTurning.lean:8869:0: 'StrongPerimetralTurning.FinalLoopRealization.endpointEquality' does not depend on any axioms
info: StrongPerimetralTurning.lean:8870:0: 'StrongPerimetralTurning.FinalLoopRealization.toFinalIdentification' does not depend on any axioms
info: StrongPerimetralTurning.lean:8871:0: 'StrongPerimetralTurning.strictRefinementProducesFinalLoopRealization' does not depend on any axioms
info: StrongPerimetralTurning.lean:8872:0: 'StrongPerimetralTurning.rejectFinalLoopRealization' does not depend on any axioms
info: StrongPerimetralTurning.lean:8873:0: 'StrongPerimetralTurning.CircularRefinement.newOccurrence_cannotReuseNonClosingRequirement' does not depend on any axioms
info: StrongPerimetralTurning.lean:8874:0: 'StrongPerimetralTurning.strictRefinementProducesFinalIdentification' does not depend on any axioms
info: StrongPerimetralTurning.lean:8875:0: 'StrongPerimetralTurning.strictRefinementProducesTotalLoop' does not depend on any axioms
info: StrongPerimetralTurning.lean:8876:0: 'StrongPerimetralTurning.noIntermediateRefinement' does not depend on any axioms
info: StrongPerimetralTurning.lean:8877:0: 'StrongPerimetralTurning.exactCircularRefinementClassification' does not depend on any axioms
info: StrongPerimetralTurning.lean:8878:0: 'StrongPerimetralTurning.oneStepAfterPerimeter_notCircularRefinement' does not depend on any axioms
info: StrongPerimetralTurning.lean:8879:0: 'StrongPerimetralTurning.noStrictSamePerimeterExtension' does not depend on any axioms
info: StrongPerimetralTurning.lean:8880:0: 'StrongPerimetralTurning.admissible_is_prefix_of_perimeter' does not depend on any axioms
info: StrongPerimetralTurning.lean:8881:0: 'StrongPerimetralTurning.strongPerimetralTurning' does not depend on any axioms
info: StrongPerimetralTurning.lean:8882:0: 'StrongPerimetralTurning.partial_length_le_perimeter' does not depend on any axioms
info: StrongPerimetralTurning.lean:8883:0: 'StrongPerimetralTurning.prefix_length_le' does not depend on any axioms
info: StrongPerimetralTurning.lean:8884:0: 'StrongPerimetralTurning.History.length_append' does not depend on any axioms
info: StrongPerimetralTurning.lean:8885:0: 'StrongPerimetralTurning.History.OccurrenceReadout' does not depend on any axioms
info: StrongPerimetralTurning.lean:8886:0: 'StrongPerimetralTurning.perimeterReadout' does not depend on any axioms
info: StrongPerimetralTurning.lean:8887:0: 'StrongPerimetralTurning.occurrenceReadoutOfPerimeter' does not depend on any axioms
info: StrongPerimetralTurning.lean:8888:0: 'StrongPerimetralTurning.occurrenceReadoutOfPerimeter_perimeterReadout' does not depend on any axioms
info: StrongPerimetralTurning.lean:8889:0: 'StrongPerimetralTurning.perimeterReadout_occurrenceReadoutOfPerimeter' does not depend on any axioms
info: StrongPerimetralTurning.lean:8890:0: 'StrongPerimetralTurning.admissible_length_le_perimeter' does not depend on any axioms
info: StrongPerimetralTurning.lean:8891:0: 'StrongPerimetralTurning.ConcreteContinuationAlgebra.realizeHistory' does not depend on any axioms
info: StrongPerimetralTurning.lean:8892:0: 'StrongPerimetralTurning.concreteForwardOccurrence' does not depend on any axioms
info: StrongPerimetralTurning.lean:8893:0: 'StrongPerimetralTurning.concreteBackwardOccurrence' does not depend on any axioms
info: StrongPerimetralTurning.lean:8894:0: 'StrongPerimetralTurning.concreteOccurrenceAgreement' does not depend on any axioms
info: StrongPerimetralTurning.lean:8895:0: 'StrongPerimetralTurning.exactlyInterpretHistory' does not depend on any axioms
info: StrongPerimetralTurning.lean:8896:0: 'StrongPerimetralTurning.ExactHistoryInterpretation.forwardOccurrence_injective' does not depend on any axioms
info: StrongPerimetralTurning.lean:8897:0: 'StrongPerimetralTurning.ExactHistoryInterpretation.pullbackReadout' does not depend on any axioms
info: StrongPerimetralTurning.lean:8898:0: 'StrongPerimetralTurning.ExactHistoryInterpretation.pushforwardReadout' does not depend on any axioms
info: StrongPerimetralTurning.lean:8899:0: 'StrongPerimetralTurning.ExactHistoryInterpretation.pullbackReadout_pushforwardReadout' does not depend on any axioms
info: StrongPerimetralTurning.lean:8900:0: 'StrongPerimetralTurning.ExactHistoryInterpretation.pushforwardReadout_pullbackReadout' does not depend on any axioms
info: StrongPerimetralTurning.lean:8901:0: 'StrongPerimetralTurning.ConcreteFaithfulPartialPath.reconstruct' does not depend on any axioms
info: StrongPerimetralTurning.lean:8902:0: 'StrongPerimetralTurning.interpretEveryFaithfulPartialRealization' does not depend on any axioms
info: StrongPerimetralTurning.lean:8903:0: 'StrongPerimetralTurning.Example.permutedExampleTrace' does not depend on any axioms
info: StrongPerimetralTurning.lean:8904:0: 'StrongPerimetralTurning.Example.permutedExampleRealization' does not depend on any axioms
info: StrongPerimetralTurning.lean:8905:0: 'StrongPerimetralTurning.Example.permutedExample_realizes_p1_at_one' does not depend on any axioms
info: StrongPerimetralTurning.lean:8906:0: 'StrongPerimetralTurning.Example.permutedExample_realizes_p2_at_zero' does not depend on any axioms
info: StrongPerimetralTurning.lean:8907:0: 'StrongPerimetralTurning.Example.permutedExample_realizes_p3_at_two' does not depend on any axioms
info: StrongPerimetralTurning.lean:8908:0: 'StrongPerimetralTurning.Example.permutedExample_reverses_first_two' does not depend on any axioms
info: StrongPerimetralTurning.lean:8909:0: 'StrongPerimetralTurning.Example.exampleP1_precedes_exampleP2' does not depend on any axioms
info: StrongPerimetralTurning.lean:8910:0: 'StrongPerimetralTurning.Example.permutedExample_not_order_preserved' does not depend on any axioms
info: StrongPerimetralTurning.lean:8911:0: 'StrongPerimetralTurning.Example.exampleExtra1Source' does not depend on any axioms
info: StrongPerimetralTurning.lean:8912:0: 'StrongPerimetralTurning.Example.exampleExtra1' does not depend on any axioms
info: StrongPerimetralTurning.lean:8913:0: 'StrongPerimetralTurning.Example.exampleExtra2Source' does not depend on any axioms
info: StrongPerimetralTurning.lean:8914:0: 'StrongPerimetralTurning.Example.exampleExtra2' does not depend on any axioms
info: StrongPerimetralTurning.lean:8915:0: 'StrongPerimetralTurning.Example.interleavedExampleTrace' does not depend on any axioms
info: StrongPerimetralTurning.lean:8916:0: 'StrongPerimetralTurning.Example.interleavedExampleRealization' does not depend on any axioms
info: StrongPerimetralTurning.lean:8917:0: 'StrongPerimetralTurning.Example.interleavedExample_realizes_p1_at_zero' does not depend on any axioms
info: StrongPerimetralTurning.lean:8918:0: 'StrongPerimetralTurning.Example.interleavedExample_realizes_p2_at_two' does not depend on any axioms
info: StrongPerimetralTurning.lean:8919:0: 'StrongPerimetralTurning.Example.interleavedExample_realizes_p3_at_four' does not depend on any axioms
info: StrongPerimetralTurning.lean:8920:0: 'StrongPerimetralTurning.Example.interleavedExample_order_preserved' does not depend on any axioms
info: StrongPerimetralTurning.lean:8921:0: 'StrongPerimetralTurning.Example.exampleCertificate' does not depend on any axioms
info: StrongPerimetralTurning.lean:8922:0: 'StrongPerimetralTurning.Example.exampleBeyondIsNotSamePerimeter' does not depend on any axioms
info: StrongPerimetralTurning.lean:8923:0: 'StrongPerimetralTurning.Example.exampleConcreteFirstPath' does not depend on any axioms
info: StrongPerimetralTurning.lean:8924:0: 'StrongPerimetralTurning.Example.exampleConcreteFirstRealization' does not depend on any axioms
info: StrongPerimetralTurning.lean:8925:0: 'StrongPerimetralTurning.Example.exampleConcreteInterpretation' does not depend on any axioms
info: StrongPerimetralTurning.lean:8926:0: 'StrongPerimetralTurning.Example.exampleFreshFormationRejectsPreviousRecord' does not depend on any axioms
info: StrongPerimetralTurning.lean:8927:0: 'StrongPerimetralTurning.Example.exampleHistoricalFirstProvenancePreserved' does not depend on any axioms
info: StrongPerimetralTurning.lean:8928:0: 'StrongPerimetralTurning.Example.exampleHistoricalRecordReadsFirst' does not depend on any axioms
info: StrongPerimetralTurning.lean:8929:0: 'StrongPerimetralTurning.Example.exampleCurrentTargetReadsSecond' does not depend on any axioms
info: StrongPerimetralTurning.lean:8930:0: 'StrongPerimetralTurning.Example.exampleHistoricalRecordAfterSecondStillReadsFirst' does not depend on any axioms
info: StrongPerimetralTurning.lean:8931:0: 'StrongPerimetralTurning.Example.exampleInitialObstructionStored' does not depend on any axioms
info: StrongPerimetralTurning.lean:8932:0: 'StrongPerimetralTurning.Example.exampleAfterFirstObstructionPreserved' does not depend on any axioms
info: StrongPerimetralTurning.lean:8933:0: 'StrongPerimetralTurning.Example.exampleFormationConsumesInitialObstruction' does not depend on any axioms
info: StrongPerimetralTurning.lean:8934:0: 'StrongPerimetralTurning.Example.exampleIntegratedProvenanceStored' does not depend on any axioms
info: StrongPerimetralTurning.lean:8935:0: 'StrongPerimetralTurning.Example.exampleRecoveredAfterFirstReadsStoredProvenance' does not depend on any axioms
info: StrongPerimetralTurning.lean:8936:0: 'StrongPerimetralTurning.Example.exampleRawFinalJunctionCompatibility' does not depend on any axioms
info: StrongPerimetralTurning.lean:8937:0: 'StrongPerimetralTurning.Example.exampleRawJunctionWithSeparatedEndpoints' does not depend on any axioms
info: StrongPerimetralTurning.lean:8938:0: 'StrongPerimetralTurning.Example.exampleFinalBoundaryOccurrence' does not depend on any axioms
info: StrongPerimetralTurning.lean:8939:0: 'StrongPerimetralTurning.Example.exampleFinalClosureInterpretation' does not depend on any axioms
info: StrongPerimetralTurning.lean:8940:0: 'StrongPerimetralTurning.Example.exampleActualFreeStep_source_is_fourth' does not depend on any axioms
info: StrongPerimetralTurning.lean:8941:0: 'StrongPerimetralTurning.Example.exampleActualFreeStep_target_is_beyondFirst' does not depend on any axioms
info: StrongPerimetralTurning.lean:8942:0: 'StrongPerimetralTurning.Example.exampleActualFreeStep_is_leaveBoundary' does not depend on any axioms
info: StrongPerimetralTurning.lean:8943:0: 'StrongPerimetralTurning.Example.exampleInvokedJunction_is_fourthToFirst' does not depend on any axioms
info: StrongPerimetralTurning.lean:8944:0: 'StrongPerimetralTurning.Example.exampleFinalObstruction_is_initial' does not depend on any axioms
info: StrongPerimetralTurning.lean:8945:0: 'StrongPerimetralTurning.Example.exampleFinalProvenance_is_origin' does not depend on any axioms
info: StrongPerimetralTurning.lean:8946:0: 'StrongPerimetralTurning.Example.exampleFinalFormationRecord_is_current' does not depend on any axioms
info: StrongPerimetralTurning.lean:8947:0: 'StrongPerimetralTurning.Example.exampleNoBilateralClosureAttemptAt' does not depend on any axioms
info: StrongPerimetralTurning.lean:8948:0: 'StrongPerimetralTurning.Example.exampleNoImplicitBilateralClosureAttemptAt' does not depend on any axioms
info: StrongPerimetralTurning.lean:8949:0: 'StrongPerimetralTurning.ExactConcreteRealization' does not depend on any axioms
info: StrongPerimetralTurning.lean:8950:0: 'StrongPerimetralTurning.ConcreteRegimeExit' does not depend on any axioms
info: StrongPerimetralTurning.lean:8951:0: 'StrongPerimetralTurning.PerimetralRegimeExit' does not depend on any axioms
info: StrongPerimetralTurning.lean:8952:0: 'StrongPerimetralTurning.PerimetralRegimeExit.toRegimeExit' does not depend on any axioms
info: StrongPerimetralTurning.lean:8953:0: 'StrongPerimetralTurning.UniformConcreteRegimeExit' does not depend on any axioms
info: StrongPerimetralTurning.lean:8954:0: 'StrongPerimetralTurning.UniformPerimetralRegimeExit' does not depend on any axioms
info: StrongPerimetralTurning.lean:8955:0: 'StrongPerimetralTurning.UniformPerimetralRegimeExit.toUniformRegimeExit' does not depend on any axioms
info: StrongPerimetralTurning.lean:8956:0: 'StrongPerimetralTurning.UniformPerimetralRegimeExit.atImplementation' does not depend on any axioms
info: StrongPerimetralTurning.lean:8957:0: 'StrongPerimetralTurning.UniformPerimetralRegimeExit.at_forget' does not depend on any axioms
info: StrongPerimetralTurning.lean:8958:0: 'StrongPerimetralTurning.UniformPerimetralRegimeExit.at_forget_named' does not depend on any axioms
info: StrongPerimetralTurning.lean:8959:0: 'StrongPerimetralTurning.oneStepUniformPerimetralRegimeExit' does not depend on any axioms
info: StrongPerimetralTurning.lean:8960:0: 'StrongPerimetralTurning.oneStepPerimetralRegimeExit' does not depend on any axioms
info: StrongPerimetralTurning.lean:8961:0: 'StrongPerimetralTurning.oneStepConcreteRegimeExit' does not depend on any axioms
info: StrongPerimetralTurning.lean:8962:0: 'StrongPerimetralTurning.HistoryAlignmentSpec' does not depend on any axioms
info: StrongPerimetralTurning.lean:8963:0: 'StrongPerimetralTurning.circularNormativeAdequacy' does not depend on any axioms
info: StrongPerimetralTurning.lean:8964:0: 'StrongPerimetralTurning.circularRefinement_adequateAlong' does not depend on any axioms
info: StrongPerimetralTurning.lean:8965:0: 'StrongPerimetralTurning.oneStepSpecRelativeHistoryExit' does not depend on any axioms
info: StrongPerimetralTurning.lean:8966:0: 'StrongPerimetralTurning.oneStepSpecRelativeHistoryExit_notSpecification' does not depend on any axioms
info: StrongPerimetralTurning.lean:8968:0: 'StrongPerimetralTurning.NonClosingNext' does not depend on any axioms
info: StrongPerimetralTurning.lean:8969:0: 'StrongPerimetralTurning.NonClosingNext.target_eq_source' does not depend on any axioms
info: StrongPerimetralTurning.lean:8970:0: 'StrongPerimetralTurning.generatedHistory_equalEndpoints_noOccurrence' does not depend on any axioms
info: StrongPerimetralTurning.lean:8971:0: 'StrongPerimetralTurning.SemanticTrace.Between' does not depend on any axioms
info: StrongPerimetralTurning.lean:8972:0: 'StrongPerimetralTurning.ExactSemanticBridgeSegment' does not depend on any axioms
info: StrongPerimetralTurning.lean:8973:0: 'StrongPerimetralTurning.EffectiveConstitutiveBridge' does not depend on any axioms
info: StrongPerimetralTurning.lean:8974:0: 'StrongPerimetralTurning.bridgeParticipation_between_empty_of_next' does not depend on any axioms
info: StrongPerimetralTurning.lean:8975:0: 'StrongPerimetralTurning.effectiveBridge_between_empty_of_next' does not depend on any axioms
info: StrongPerimetralTurning.lean:8976:0: 'StrongPerimetralTurning.Example.exampleP1_next_exampleP2' does not depend on any axioms
info: StrongPerimetralTurning.lean:8977:0: 'StrongPerimetralTurning.Example.exampleP2_next_exampleP3' does not depend on any axioms
info: StrongPerimetralTurning.lean:8978:0: 'StrongPerimetralTurning.Example.interleavedExample_extra1_between' does not depend on any axioms
info: StrongPerimetralTurning.lean:8979:0: 'StrongPerimetralTurning.Example.interleavedExample_extra2_between' does not depend on any axioms
info: StrongPerimetralTurning.lean:8980:0: 'StrongPerimetralTurning.Example.interleavedExample_no_effective_bridge_p1_p2' does not depend on any axioms
info: StrongPerimetralTurning.lean:8981:0: 'StrongPerimetralTurning.Example.interleavedExample_no_effective_bridge_p2_p3' does not depend on any axioms
info: StrongPerimetralTurning.lean:8983:0: 'StrongPerimetralTurning.History.OccurrencePrecedes' does not depend on any axioms
info: StrongPerimetralTurning.lean:8984:0: 'StrongPerimetralTurning.History.OccurrenceNext' does not depend on any axioms
info: StrongPerimetralTurning.lean:8985:0: 'StrongPerimetralTurning.History.OccurrenceNext.toPrecedes' does not depend on any axioms
info: StrongPerimetralTurning.lean:8986:0: 'StrongPerimetralTurning.History.OccurrencePrecedes.ne' does not depend on any axioms
info: StrongPerimetralTurning.lean:8987:0: 'StrongPerimetralTurning.History.OccurrencePrecedes.trichotomy' does not depend on any axioms
info: StrongPerimetralTurning.lean:8988:0: 'StrongPerimetralTurning.CursorReach.trans' does not depend on any axioms
info: StrongPerimetralTurning.lean:8989:0: 'StrongPerimetralTurning.CursorFuture.transReach' does not depend on any axioms
info: StrongPerimetralTurning.lean:8990:0: 'StrongPerimetralTurning.occurrenceSource_to_historyEndpoint_future' does not depend on any axioms
info: StrongPerimetralTurning.lean:8991:0: 'StrongPerimetralTurning.occurrenceTarget_to_historyEndpoint_reach' does not depend on any axioms
info: StrongPerimetralTurning.lean:8992:0: 'StrongPerimetralTurning.History.OccurrencePrecedes.sourceCursorFuture' does not depend on any axioms
info: StrongPerimetralTurning.lean:8993:0: 'StrongPerimetralTurning.History.OccurrencePrecedes.next_or_positiveGap' does not depend on any axioms
info: StrongPerimetralTurning.lean:8994:0: 'StrongPerimetralTurning.NonClosingPrecedes.ne' does not depend on any axioms
info: StrongPerimetralTurning.lean:8995:0: 'StrongPerimetralTurning.NonClosingNext.toPrecedes' does not depend on any axioms
info: StrongPerimetralTurning.lean:8996:0: 'StrongPerimetralTurning.positionSourceCursorReach' does not depend on any axioms
info: StrongPerimetralTurning.lean:8997:0: 'StrongPerimetralTurning.NonClosingPrecedes.sourceCursorFuture' does not depend on any axioms
info: StrongPerimetralTurning.lean:8998:0: 'StrongPerimetralTurning.ExactNonClosingRealization.realize_injective' does not depend on any axioms
info: StrongPerimetralTurning.lean:8999:0: 'StrongPerimetralTurning.ExactNonClosingRealization.preservesPrecedence' does not depend on any axioms
info: StrongPerimetralTurning.lean:9000:0: 'StrongPerimetralTurning.ExactNonClosingRealization.preservesNext' does not depend on any axioms
info: StrongPerimetralTurning.lean:9001:0: 'StrongPerimetralTurning.ExactNonClosingRealization.embedPerimeterOccurrence' does not depend on any axioms
info: StrongPerimetralTurning.lean:9002:0: 'StrongPerimetralTurning.ExactNonClosingRealization.embedPerimeterOccurrence_locatedStep' does not depend on any axioms
info: StrongPerimetralTurning.lean:9003:0: 'StrongPerimetralTurning.ExactNonClosingRealization.embedPerimeterOccurrence_injective' does not depend on any axioms
info: StrongPerimetralTurning.lean:9004:0: 'StrongPerimetralTurning.History.factorInitialGeneratedStep' does not depend on any axioms
info: StrongPerimetralTurning.lean:9005:0: 'StrongPerimetralTurning.History.extractRightOccurrenceAfterSingle' does not depend on any axioms
info: StrongPerimetralTurning.lean:9006:0: 'StrongPerimetralTurning.factorDeployRemainingFromExactOccurrences' does not depend on any axioms
info: StrongPerimetralTurning.lean:9007:0: 'StrongPerimetralTurning.ExactNonClosingRealization.toPerimeterExtension' does not depend on any axioms
info: StrongPerimetralTurning.lean:9008:0: 'StrongPerimetralTurning.CircularSpecificationSatisfaction.eq_perimeter' does not depend on any axioms
info: StrongPerimetralTurning.lean:9009:0: 'StrongPerimetralTurning.circularSpecification_complete' does not depend on any axioms
info: StrongPerimetralTurning.lean:9010:0: 'StrongPerimetralTurning.circularRefinement_soundSpecification' does not depend on any axioms
ℹ [16/23] Replayed RelationalPerimeter.Constitution.CircularPresentationBridge
info: RelationalPerimeter/Constitution/CircularPresentationBridge.lean:80:0: 'StrongPerimetralTurning.CircularPresentation.endpointBoundary' does not depend on any axioms
info: RelationalPerimeter/Constitution/CircularPresentationBridge.lean:81:0: 'StrongPerimetralTurning.CircularPresentation.closureObstruction' does not depend on any axioms
info: RelationalPerimeter/Constitution/CircularPresentationBridge.lean:82:0: 'StrongPerimetralTurning.CircularPresentation.ofPositive' does not depend on any axioms
info: RelationalPerimeter/Constitution/CircularPresentationBridge.lean:83:0: 'StrongPerimetralTurning.CircularPresentation.positive_roundTrip' does not depend on any axioms
info: RelationalPerimeter/Constitution/CircularPresentationBridge.lean:84:0: 'StrongPerimetralTurning.CircularPresentation.boundary_roundTrip' does not depend on any axioms
info: RelationalPerimeter/Constitution/CircularPresentationBridge.lean:85:0: 'StrongPerimetralTurning.CircularPresentation.obstruction_roundTrip' does not depend on any axioms
info: RelationalPerimeter/Constitution/CircularPresentationBridge.lean:86:0: 'StrongPerimetralTurning.CircularPresentation.historical_roundTrip' does not depend on any axioms
ℹ [17/23] Replayed RelationalPerimeter.Constitution.HistoricalRoleBridge
info: RelationalPerimeter/Constitution/HistoricalRoleBridge.lean:67:0: 'RelationalPerimeter.Constitution.HistoricalRoleBridge.finalRequirementTransport' does not depend on any axioms
info: RelationalPerimeter/Constitution/HistoricalRoleBridge.lean:68:0: 'RelationalPerimeter.Constitution.HistoricalRoleBridge.marker_junction_readout' does not depend on any axioms
info: RelationalPerimeter/Constitution/HistoricalRoleBridge.lean:69:0: 'RelationalPerimeter.Constitution.HistoricalRoleBridge.requirementTransport' does not depend on any axioms
info: RelationalPerimeter/Constitution/HistoricalRoleBridge.lean:70:0: 'RelationalPerimeter.Constitution.HistoricalRoleBridge.realizeInterior' does not depend on any axioms
info: RelationalPerimeter/Constitution/HistoricalRoleBridge.lean:71:0: 'RelationalPerimeter.Constitution.HistoricalRoleBridge.realization_readout' does not depend on any axioms
info: RelationalPerimeter/Constitution/HistoricalRoleBridge.lean:72:0: 'RelationalPerimeter.Constitution.HistoricalRoleBridge.realization_injective' does not depend on any axioms
info: RelationalPerimeter/Constitution/HistoricalRoleBridge.lean:73:0: 'RelationalPerimeter.Constitution.HistoricalRoleBridge.realizeRole' does not depend on any axioms
info: RelationalPerimeter/Constitution/HistoricalRoleBridge.lean:74:0: 'RelationalPerimeter.Constitution.HistoricalRoleBridge.final_not_realized' does not depend on any axioms
ℹ [18/23] Replayed RelationalPerimeter.Constitution.ClosingBoundaryExamples
info: RelationalPerimeter/Constitution/ClosingBoundaryExamples.lean:102:0: 'RelationalPerimeter.Constitution.ClosingBoundaryExamples.fibreShape' does not depend on any axioms
info: RelationalPerimeter/Constitution/ClosingBoundaryExamples.lean:103:0: 'RelationalPerimeter.Constitution.ClosingBoundaryExamples.emptyShape' does not depend on any axioms
info: RelationalPerimeter/Constitution/ClosingBoundaryExamples.lean:104:0: 'RelationalPerimeter.Constitution.ClosingBoundaryExamples.empty_has_no_junction' does not depend on any axioms
info: RelationalPerimeter/Constitution/ClosingBoundaryExamples.lean:105:0: 'RelationalPerimeter.Constitution.ClosingBoundaryExamples.empty_no_pointing' does not depend on any axioms
info: RelationalPerimeter/Constitution/ClosingBoundaryExamples.lean:106:0: 'RelationalPerimeter.Constitution.ClosingBoundaryExamples.empty_no_final_role' does not depend on any axioms
info: RelationalPerimeter/Constitution/ClosingBoundaryExamples.lean:107:0: 'RelationalPerimeter.Constitution.ClosingBoundaryExamples.empty_not_from_constitutive' does not depend on any axioms
info: RelationalPerimeter/Constitution/ClosingBoundaryExamples.lean:108:0: 'RelationalPerimeter.Constitution.ClosingBoundaryExamples.unitShape' does not depend on any axioms
info: RelationalPerimeter/Constitution/ClosingBoundaryExamples.lean:109:0: 'RelationalPerimeter.Constitution.ClosingBoundaryExamples.unitPointing' does not depend on any axioms
info: RelationalPerimeter/Constitution/ClosingBoundaryExamples.lean:110:0: 'RelationalPerimeter.Constitution.ClosingBoundaryExamples.unit_fibre_unique' does not depend on any axioms
info: RelationalPerimeter/Constitution/ClosingBoundaryExamples.lean:111:0: 'RelationalPerimeter.Constitution.ClosingBoundaryExamples.unitRole' does not depend on any axioms
info: RelationalPerimeter/Constitution/ClosingBoundaryExamples.lean:112:0: 'RelationalPerimeter.Constitution.ClosingBoundaryExamples.unit_role_unique' does not depend on any axioms
info: RelationalPerimeter/Constitution/ClosingBoundaryExamples.lean:113:0: 'RelationalPerimeter.Constitution.ClosingBoundaryExamples.boolShape' does not depend on any axioms
info: RelationalPerimeter/Constitution/ClosingBoundaryExamples.lean:114:0: 'RelationalPerimeter.Constitution.ClosingBoundaryExamples.falsePointing' does not depend on any axioms
info: RelationalPerimeter/Constitution/ClosingBoundaryExamples.lean:115:0: 'RelationalPerimeter.Constitution.ClosingBoundaryExamples.truePointing' does not depend on any axioms
info: RelationalPerimeter/Constitution/ClosingBoundaryExamples.lean:116:0: 'RelationalPerimeter.Constitution.ClosingBoundaryExamples.bool_witnesses_distinct' does not depend on any axioms
info: RelationalPerimeter/Constitution/ClosingBoundaryExamples.lean:117:0: 'RelationalPerimeter.Constitution.ClosingBoundaryExamples.bool_pointings_distinct' does not depend on any axioms
info: RelationalPerimeter/Constitution/ClosingBoundaryExamples.lean:118:0: 'RelationalPerimeter.Constitution.ClosingBoundaryExamples.bool_same_shape' does not depend on any axioms
info: RelationalPerimeter/Constitution/ClosingBoundaryExamples.lean:119:0: 'RelationalPerimeter.Constitution.ClosingBoundaryExamples.falseRole' does not depend on any axioms
info: RelationalPerimeter/Constitution/ClosingBoundaryExamples.lean:120:0: 'RelationalPerimeter.Constitution.ClosingBoundaryExamples.trueRole' does not depend on any axioms
info: RelationalPerimeter/Constitution/ClosingBoundaryExamples.lean:121:0: 'RelationalPerimeter.Constitution.ClosingBoundaryExamples.bool_per_choice_role_unique' does not depend on any axioms
info: RelationalPerimeter/Constitution/ClosingBoundaryExamples.lean:122:0: 'RelationalPerimeter.Constitution.ClosingBoundaryExamples.bool_role_witnesses_distinct' does not depend on any axioms
info: RelationalPerimeter/Constitution/ClosingBoundaryExamples.lean:123:0: 'RelationalPerimeter.Constitution.ClosingBoundaryExamples.bool_pointing_fibre_not_unique' does not depend on any axioms
info: RelationalPerimeter/Constitution/ClosingBoundaryExamples.lean:124:0: 'RelationalPerimeter.Constitution.ClosingBoundaryExamples.bool_closing_fibre_not_unique' does not depend on any axioms
ℹ [19/23] Replayed RelationalPerimeter.Constitution.FormationTransportExamples
info: RelationalPerimeter/Constitution/FormationTransportExamples.lean:149:0: 'RelationalPerimeter.Constitution.FormationTransportExamples.signature' does not depend on any axioms
info: RelationalPerimeter/Constitution/FormationTransportExamples.lean:150:0: 'RelationalPerimeter.Constitution.FormationTransportExamples.boolFlip' does not depend on any axioms
info: RelationalPerimeter/Constitution/FormationTransportExamples.lean:151:0: 'RelationalPerimeter.Constitution.FormationTransportExamples.witnessFlip' does not depend on any axioms
info: RelationalPerimeter/Constitution/FormationTransportExamples.lean:152:0: 'RelationalPerimeter.Constitution.FormationTransportExamples.node' does not depend on any axioms
info: RelationalPerimeter/Constitution/FormationTransportExamples.lean:153:0: 'RelationalPerimeter.Constitution.FormationTransportExamples.formation' does not depend on any axioms
info: RelationalPerimeter/Constitution/FormationTransportExamples.lean:154:0: 'RelationalPerimeter.Constitution.FormationTransportExamples.transportedFormation' does not depend on any axioms
info: RelationalPerimeter/Constitution/FormationTransportExamples.lean:155:0: 'RelationalPerimeter.Constitution.FormationTransportExamples.firstHistory' does not depend on any axioms
info: RelationalPerimeter/Constitution/FormationTransportExamples.lean:156:0: 'RelationalPerimeter.Constitution.FormationTransportExamples.secondHistory' does not depend on any axioms
info: RelationalPerimeter/Constitution/FormationTransportExamples.lean:157:0: 'RelationalPerimeter.Constitution.FormationTransportExamples.firstPayload' does not depend on any axioms
info: RelationalPerimeter/Constitution/FormationTransportExamples.lean:158:0: 'RelationalPerimeter.Constitution.FormationTransportExamples.transportedPayload' does not depend on any axioms
info: RelationalPerimeter/Constitution/FormationTransportExamples.lean:159:0: 'RelationalPerimeter.Constitution.FormationTransportExamples.equal_spines_with_distinct_step_data' does not depend on any axioms
info: RelationalPerimeter/Constitution/FormationTransportExamples.lean:160:0: 'RelationalPerimeter.Constitution.FormationTransportExamples.histories_distinct' does not depend on any axioms
info: RelationalPerimeter/Constitution/FormationTransportExamples.lean:161:0: 'RelationalPerimeter.Constitution.FormationTransportExamples.transportedHistory' does not depend on any axioms
info: RelationalPerimeter/Constitution/FormationTransportExamples.lean:162:0: 'RelationalPerimeter.Constitution.FormationTransportExamples.selected_readout_flipped' does not depend on any axioms
info: RelationalPerimeter/Constitution/FormationTransportExamples.lean:163:0: 'RelationalPerimeter.Constitution.FormationTransportExamples.internal_readout_flipped' does not depend on any axioms
info: RelationalPerimeter/Constitution/FormationTransportExamples.lean:164:0: 'RelationalPerimeter.Constitution.FormationTransportExamples.provenance_flipped' does not depend on any axioms
info: RelationalPerimeter/Constitution/FormationTransportExamples.lean:165:0: 'RelationalPerimeter.Constitution.FormationTransportExamples.complete_payload_preserved' does not depend on any axioms
info: RelationalPerimeter/Constitution/FormationTransportExamples.lean:166:0: 'RelationalPerimeter.Constitution.FormationTransportExamples.complete_history_return' does not depend on any axioms
info: RelationalPerimeter/Constitution/FormationTransportExamples.lean:167:0: 'RelationalPerimeter.Constitution.FormationTransportExamples.threeSteps' does not depend on any axioms
info: RelationalPerimeter/Constitution/FormationTransportExamples.lean:168:0: 'RelationalPerimeter.Constitution.FormationTransportExamples.firstOccurrence' does not depend on any axioms
info: RelationalPerimeter/Constitution/FormationTransportExamples.lean:169:0: 'RelationalPerimeter.Constitution.FormationTransportExamples.secondOccurrence' does not depend on any axioms
info: RelationalPerimeter/Constitution/FormationTransportExamples.lean:170:0: 'RelationalPerimeter.Constitution.FormationTransportExamples.thirdOccurrence' does not depend on any axioms
info: RelationalPerimeter/Constitution/FormationTransportExamples.lean:171:0: 'RelationalPerimeter.Constitution.FormationTransportExamples.threeStepsTransported' does not depend on any axioms
info: RelationalPerimeter/Constitution/FormationTransportExamples.lean:172:0: 'RelationalPerimeter.Constitution.FormationTransportExamples.repeated_nodes' does not depend on any axioms
info: RelationalPerimeter/Constitution/FormationTransportExamples.lean:173:0: 'RelationalPerimeter.Constitution.FormationTransportExamples.preserved_first_next_second' does not depend on any axioms
info: RelationalPerimeter/Constitution/FormationTransportExamples.lean:174:0: 'RelationalPerimeter.Constitution.FormationTransportExamples.preserved_first_precedes_third' does not depend on any axioms
info: RelationalPerimeter/Constitution/FormationTransportExamples.lean:175:0: 'RelationalPerimeter.Constitution.FormationTransportExamples.separated_transported_positions' does not depend on any axioms
info: RelationalPerimeter/Constitution/FormationTransportExamples.lean:176:0: 'RelationalPerimeter.Constitution.FormationTransportExamples.firstPrefix' does not depend on any axioms
info: RelationalPerimeter/Constitution/FormationTransportExamples.lean:177:0: 'RelationalPerimeter.Constitution.FormationTransportExamples.lastSuffix' does not depend on any axioms
info: RelationalPerimeter/Constitution/FormationTransportExamples.lean:178:0: 'RelationalPerimeter.Constitution.FormationTransportExamples.composed_history_commutes' does not depend on any axioms
info: RelationalPerimeter/Constitution/FormationTransportExamples.lean:179:0: 'RelationalPerimeter.Constitution.FormationTransportExamples.deployed_history_commutes' does not depend on any axioms
info: RelationalPerimeter/Constitution/FormationTransportExamples.lean:180:0: 'RelationalPerimeter.Constitution.FormationTransportExamples.choice' does not depend on any axioms
info: RelationalPerimeter/Constitution/FormationTransportExamples.lean:181:0: 'RelationalPerimeter.Constitution.FormationTransportExamples.chosen_walk_commutes' does not depend on any axioms
ℹ [20/23] Replayed RelationalPerimeter.Constitution.PositiveGenerationBridge
info: RelationalPerimeter/Constitution/PositiveGenerationBridge.lean:55:0: 'RelationalPerimeter.Constitution.PositiveHistory.toHistorical' does not depend on any axioms
info: RelationalPerimeter/Constitution/PositiveGenerationBridge.lean:56:0: 'RelationalPerimeter.Constitution.PositiveHistory.historical_positive' does not depend on any axioms
info: RelationalPerimeter/Constitution/PositiveGenerationBridge.lean:57:0: 'RelationalPerimeter.Constitution.PositiveHistory.historical_endpoints' does not depend on any axioms
info: RelationalPerimeter/Constitution/PositiveGenerationBridge.lean:58:0: 'RelationalPerimeter.Constitution.PositiveHistory.historical_obstruction' does not depend on any axioms
info: RelationalPerimeter/Constitution/PositiveGenerationBridge.lean:59:0: 'RelationalPerimeter.Constitution.PositiveHistory.historical_deployment' does not depend on any axioms
ℹ [21/23] Replayed RelationalPerimeter.Constitution.PositiveGenerationExamples
info: RelationalPerimeter/Constitution/PositiveGenerationExamples.lean:180:0: 'RelationalPerimeter.Constitution.PositiveGenerationExamples.directedCompatible' does not depend on any axioms
info: RelationalPerimeter/Constitution/PositiveGenerationExamples.lean:181:0: 'RelationalPerimeter.Constitution.PositiveGenerationExamples.directedNode' does not depend on any axioms
info: RelationalPerimeter/Constitution/PositiveGenerationExamples.lean:182:0: 'RelationalPerimeter.Constitution.PositiveGenerationExamples.DirectedStep' does not depend on any axioms
info: RelationalPerimeter/Constitution/PositiveGenerationExamples.lean:183:0: 'RelationalPerimeter.Constitution.PositiveGenerationExamples.directedFormation' does not depend on any axioms
info: RelationalPerimeter/Constitution/PositiveGenerationExamples.lean:184:0: 'RelationalPerimeter.Constitution.PositiveGenerationExamples.directedHistory' does not depend on any axioms
info: RelationalPerimeter/Constitution/PositiveGenerationExamples.lean:185:0: 'RelationalPerimeter.Constitution.PositiveGenerationExamples.directedPositive' does not depend on any axioms
info: RelationalPerimeter/Constitution/PositiveGenerationExamples.lean:186:0: 'RelationalPerimeter.Constitution.PositiveGenerationExamples.directed_closing_empty' does not depend on any axioms
info: RelationalPerimeter/Constitution/PositiveGenerationExamples.lean:187:0: 'RelationalPerimeter.Constitution.PositiveGenerationExamples.directed_no_pointing' does not depend on any axioms
info: RelationalPerimeter/Constitution/PositiveGenerationExamples.lean:188:0: 'RelationalPerimeter.Constitution.PositiveGenerationExamples.directed_no_global_continuation' does not depend on any axioms
info: RelationalPerimeter/Constitution/PositiveGenerationExamples.lean:189:0: 'RelationalPerimeter.Constitution.PositiveGenerationExamples.unitNode' does not depend on any axioms
info: RelationalPerimeter/Constitution/PositiveGenerationExamples.lean:190:0: 'RelationalPerimeter.Constitution.PositiveGenerationExamples.unitFormation' does not depend on any axioms
info: RelationalPerimeter/Constitution/PositiveGenerationExamples.lean:191:0: 'RelationalPerimeter.Constitution.PositiveGenerationExamples.unitHistory' does not depend on any axioms
info: RelationalPerimeter/Constitution/PositiveGenerationExamples.lean:192:0: 'RelationalPerimeter.Constitution.PositiveGenerationExamples.unitPositive' does not depend on any axioms
info: RelationalPerimeter/Constitution/PositiveGenerationExamples.lean:193:0: 'RelationalPerimeter.Constitution.PositiveGenerationExamples.unitCircular' does not depend on any axioms
info: RelationalPerimeter/Constitution/PositiveGenerationExamples.lean:194:0: 'RelationalPerimeter.Constitution.PositiveGenerationExamples.unit_step_witness' does not depend on any axioms
info: RelationalPerimeter/Constitution/PositiveGenerationExamples.lean:195:0: 'RelationalPerimeter.Constitution.PositiveGenerationExamples.unit_closing_witness' does not depend on any axioms
info: RelationalPerimeter/Constitution/PositiveGenerationExamples.lean:196:0: 'RelationalPerimeter.Constitution.PositiveGenerationExamples.unitEndpoints' does not depend on any axioms
info: RelationalPerimeter/Constitution/PositiveGenerationExamples.lean:197:0: 'RelationalPerimeter.Constitution.PositiveGenerationExamples.unitObstruction' does not depend on any axioms
info: RelationalPerimeter/Constitution/PositiveGenerationExamples.lean:198:0: 'RelationalPerimeter.Constitution.PositiveGenerationExamples.unitHistorical' does not depend on any axioms
info: RelationalPerimeter/Constitution/PositiveGenerationExamples.lean:199:0: 'RelationalPerimeter.Constitution.PositiveGenerationExamples.unit_historical_deployment' does not depend on any axioms
info: RelationalPerimeter/Constitution/PositiveGenerationExamples.lean:200:0: 'RelationalPerimeter.Constitution.PositiveGenerationExamples.unit_historical_positive' does not depend on any axioms
info: RelationalPerimeter/Constitution/PositiveGenerationExamples.lean:201:0: 'RelationalPerimeter.Constitution.PositiveGenerationExamples.branchingNode' does not depend on any axioms
info: RelationalPerimeter/Constitution/PositiveGenerationExamples.lean:202:0: 'RelationalPerimeter.Constitution.PositiveGenerationExamples.branchingFormation' does not depend on any axioms
info: RelationalPerimeter/Constitution/PositiveGenerationExamples.lean:203:0: 'RelationalPerimeter.Constitution.PositiveGenerationExamples.leftHistory' does not depend on any axioms
info: RelationalPerimeter/Constitution/PositiveGenerationExamples.lean:204:0: 'RelationalPerimeter.Constitution.PositiveGenerationExamples.rightHistory' does not depend on any axioms
info: RelationalPerimeter/Constitution/PositiveGenerationExamples.lean:205:0: 'RelationalPerimeter.Constitution.PositiveGenerationExamples.branching_targets_distinct' does not depend on any axioms
info: RelationalPerimeter/Constitution/PositiveGenerationExamples.lean:206:0: 'RelationalPerimeter.Constitution.PositiveGenerationExamples.leftContinuation' does not depend on any axioms
info: RelationalPerimeter/Constitution/PositiveGenerationExamples.lean:207:0: 'RelationalPerimeter.Constitution.PositiveGenerationExamples.rightContinuation' does not depend on any axioms
info: RelationalPerimeter/Constitution/PositiveGenerationExamples.lean:208:0: 'RelationalPerimeter.Constitution.PositiveGenerationExamples.chosen_successors_distinct' does not depend on any axioms
info: RelationalPerimeter/Constitution/PositiveGenerationExamples.lean:209:0: 'RelationalPerimeter.Constitution.PositiveGenerationExamples.chosenTwoSteps' does not depend on any axioms
info: RelationalPerimeter/Constitution/PositiveGenerationExamples.lean:210:0: 'RelationalPerimeter.Constitution.PositiveGenerationExamples.chosenTwoStepsPositive' does not depend on any axioms
info: RelationalPerimeter/Constitution/PositiveGenerationExamples.lean:211:0: 'RelationalPerimeter.Constitution.PositiveGenerationExamples.repeatedHistory' does not depend on any axioms
info: RelationalPerimeter/Constitution/PositiveGenerationExamples.lean:212:0: 'RelationalPerimeter.Constitution.PositiveGenerationExamples.firstOccurrence' does not depend on any axioms
info: RelationalPerimeter/Constitution/PositiveGenerationExamples.lean:213:0: 'RelationalPerimeter.Constitution.PositiveGenerationExamples.secondOccurrence' does not depend on any axioms
info: RelationalPerimeter/Constitution/PositiveGenerationExamples.lean:214:0: 'RelationalPerimeter.Constitution.PositiveGenerationExamples.raw_nodes_repeat' does not depend on any axioms
info: RelationalPerimeter/Constitution/PositiveGenerationExamples.lean:215:0: 'RelationalPerimeter.Constitution.PositiveGenerationExamples.repeated_occurrences_distinct' does not depend on any axioms
info: RelationalPerimeter/Constitution/PositiveGenerationExamples.lean:216:0: 'RelationalPerimeter.Constitution.PositiveGenerationExamples.repeated_positions_distinct' does not depend on any axioms
info: RelationalPerimeter/Constitution/PositiveGenerationExamples.lean:217:0: 'RelationalPerimeter.Constitution.PositiveGenerationExamples.repeated_step_witnesses_distinct' does not depend on any axioms
ℹ [22/23] Built RelationalPerimeter.Constitution.CircularRolesExamples (604ms)
info: RelationalPerimeter/Constitution/CircularRolesExamples.lean:83:0: 'RelationalPerimeter.Constitution.CircularRolesExamples.falsePresentation' does not depend on any axioms
info: RelationalPerimeter/Constitution/CircularRolesExamples.lean:84:0: 'RelationalPerimeter.Constitution.CircularRolesExamples.truePresentation' does not depend on any axioms
info: RelationalPerimeter/Constitution/CircularRolesExamples.lean:85:0: 'RelationalPerimeter.Constitution.CircularRolesExamples.falseFinal' does not depend on any axioms
info: RelationalPerimeter/Constitution/CircularRolesExamples.lean:86:0: 'RelationalPerimeter.Constitution.CircularRolesExamples.trueFinal' does not depend on any axioms
info: RelationalPerimeter/Constitution/CircularRolesExamples.lean:87:0: 'RelationalPerimeter.Constitution.CircularRolesExamples.same_shape' does not depend on any axioms
info: RelationalPerimeter/Constitution/CircularRolesExamples.lean:88:0: 'RelationalPerimeter.Constitution.CircularRolesExamples.chosen_witnesses_distinct' does not depend on any axioms
info: RelationalPerimeter/Constitution/CircularRolesExamples.lean:89:0: 'RelationalPerimeter.Constitution.CircularRolesExamples.false_choice_role_unique' does not depend on any axioms
info: RelationalPerimeter/Constitution/CircularRolesExamples.lean:90:0: 'RelationalPerimeter.Constitution.CircularRolesExamples.true_choice_role_unique' does not depend on any axioms
info: RelationalPerimeter/Constitution/CircularRolesExamples.lean:91:0: 'RelationalPerimeter.Constitution.CircularRolesExamples.unpointed_empty_no_final' does not depend on any axioms
info: RelationalPerimeter/Constitution/CircularRolesExamples.lean:92:0: 'RelationalPerimeter.Constitution.CircularRolesExamples.interior' does not depend on any axioms
info: RelationalPerimeter/Constitution/CircularRolesExamples.lean:93:0: 'RelationalPerimeter.Constitution.CircularRolesExamples.interior_step_witness' does not depend on any axioms
info: RelationalPerimeter/Constitution/CircularRolesExamples.lean:94:0: 'RelationalPerimeter.Constitution.CircularRolesExamples.closing_witness' does not depend on any axioms
info: RelationalPerimeter/Constitution/CircularRolesExamples.lean:95:0: 'RelationalPerimeter.Constitution.CircularRolesExamples.interior_final_separate' does not depend on any axioms
info: RelationalPerimeter/Constitution/CircularRolesExamples.lean:96:0: 'RelationalPerimeter.Constitution.CircularRolesExamples.final_not_generated' does not depend on any axioms
info: RelationalPerimeter/Constitution/CircularRolesExamples.lean:97:0: 'RelationalPerimeter.Constitution.CircularRolesExamples.interior_generated' does not depend on any axioms
info: RelationalPerimeter/Constitution/CircularRolesExamples.lean:98:0: 'RelationalPerimeter.Constitution.CircularRolesExamples.ExtendedRole' does not depend on any axioms
info: RelationalPerimeter/Constitution/CircularRolesExamples.lean:99:0: 'RelationalPerimeter.Constitution.CircularRolesExamples.exterior' does not depend on any axioms
info: RelationalPerimeter/Constitution/CircularRolesExamples.lean:100:0: 'RelationalPerimeter.Constitution.CircularRolesExamples.exterior_outside_declared_grammar' does not depend on any axioms
info: RelationalPerimeter/Constitution/CircularRolesExamples.lean:101:0: 'RelationalPerimeter.Constitution.CircularRolesExamples.declared_grammar_still_exhaustive' does not depend on any axioms
info: RelationalPerimeter/Constitution/CircularRolesExamples.lean:102:0: 'RelationalPerimeter.Constitution.CircularRolesExamples.no_exhaustiveness_of_larger_type' does not depend on any axioms
info: RelationalPerimeter/Constitution/CircularRolesExamples.lean:103:0: 'RelationalPerimeter.Constitution.CircularRolesExamples.legacyMarkerRole' does not depend on any axioms
info: RelationalPerimeter/Constitution/CircularRolesExamples.lean:104:0: 'RelationalPerimeter.Constitution.CircularRolesExamples.legacy_marker_retains_junction' does not depend on any axioms
info: RelationalPerimeter/Constitution/CircularRolesExamples.lean:105:0: 'RelationalPerimeter.Constitution.CircularRolesExamples.legacy_marker_return' does not depend on any axioms
ℹ [23/23] Built RelationalPerimeter.Constitution.CircularRoleTransport (825ms)
info: RelationalPerimeter/Constitution/CircularRoleTransport.lean:261:0: 'RelationalPerimeter.Constitution.PositionReindex.exactTransport' does not depend on any axioms
info: RelationalPerimeter/Constitution/CircularRoleTransport.lean:262:0: 'RelationalPerimeter.Constitution.PositionReindex.forward_exact' does not depend on any axioms
info: RelationalPerimeter/Constitution/CircularRoleTransport.lean:263:0: 'RelationalPerimeter.Constitution.PositionReindex.reverse_forward_exact' does not depend on any axioms
info: RelationalPerimeter/Constitution/CircularRoleTransport.lean:264:0: 'RelationalPerimeter.Constitution.PositionReindex.link_cast' does not depend on any axioms
info: RelationalPerimeter/Constitution/CircularRoleTransport.lean:265:0: 'RelationalPerimeter.Constitution.PositiveHistory.circularPositionTransport' does not depend on any axioms
info: RelationalPerimeter/Constitution/CircularRoleTransport.lean:266:0: 'RelationalPerimeter.Constitution.PositiveHistory.circular_position_preserved' does not depend on any axioms
info: RelationalPerimeter/Constitution/CircularRoleTransport.lean:267:0: 'RelationalPerimeter.Constitution.PositiveHistory.interiorRoleTransport' does not depend on any axioms
info: RelationalPerimeter/Constitution/CircularRoleTransport.lean:268:0: 'RelationalPerimeter.Constitution.PositiveHistory.interior_position_preserved' does not depend on any axioms
info: RelationalPerimeter/Constitution/CircularRoleTransport.lean:269:0: 'RelationalPerimeter.Constitution.PositiveHistory.interior_link_preserved' does not depend on any axioms
info: RelationalPerimeter/Constitution/CircularRoleTransport.lean:270:0: 'RelationalPerimeter.Constitution.PositiveHistory.interior_source_preserved' does not depend on any axioms
info: RelationalPerimeter/Constitution/CircularRoleTransport.lean:271:0: 'RelationalPerimeter.Constitution.PositiveHistory.interior_target_preserved' does not depend on any axioms
info: RelationalPerimeter/Constitution/CircularRoleTransport.lean:272:0: 'RelationalPerimeter.Constitution.PositiveHistory.interior_return' does not depend on any axioms
info: RelationalPerimeter/Constitution/CircularRoleTransport.lean:273:0: 'RelationalPerimeter.Constitution.PositiveHistory.interior_return_target' does not depend on any axioms
info: RelationalPerimeter/Constitution/CircularRoleTransport.lean:274:0: 'RelationalPerimeter.Constitution.PositiveHistory.finalRoleTransport' does not depend on any axioms
info: RelationalPerimeter/Constitution/CircularRoleTransport.lean:275:0: 'RelationalPerimeter.Constitution.PositiveHistory.final_witness_preserved' does not depend on any axioms
info: RelationalPerimeter/Constitution/CircularRoleTransport.lean:276:0: 'RelationalPerimeter.Constitution.PositiveHistory.final_source_preserved' does not depend on any axioms
info: RelationalPerimeter/Constitution/CircularRoleTransport.lean:277:0: 'RelationalPerimeter.Constitution.PositiveHistory.final_target_preserved' does not depend on any axioms
info: RelationalPerimeter/Constitution/CircularRoleTransport.lean:278:0: 'RelationalPerimeter.Constitution.PositiveHistory.final_difference_preserved' does not depend on any axioms
info: RelationalPerimeter/Constitution/CircularRoleTransport.lean:279:0: 'RelationalPerimeter.Constitution.PositiveHistory.final_provenance_preserved' does not depend on any axioms
info: RelationalPerimeter/Constitution/CircularRoleTransport.lean:280:0: 'RelationalPerimeter.Constitution.PositiveHistory.circularRoleTransport' does not depend on any axioms
info: RelationalPerimeter/Constitution/CircularRoleTransport.lean:281:0: 'RelationalPerimeter.Constitution.PositiveHistory.circular_interior_preserved' does not depend on any axioms
info: RelationalPerimeter/Constitution/CircularRoleTransport.lean:282:0: 'RelationalPerimeter.Constitution.PositiveHistory.circular_final_preserved' does not depend on any axioms
info: RelationalPerimeter/Constitution/CircularRoleTransport.lean:283:0: 'RelationalPerimeter.Constitution.PositiveHistory.circular_return' does not depend on any axioms
info: RelationalPerimeter/Constitution/CircularRoleTransport.lean:284:0: 'RelationalPerimeter.Constitution.PositiveHistory.circular_return_target' does not depend on any axioms
info: RelationalPerimeter/Constitution/CircularRoleTransport.lean:285:0: 'RelationalPerimeter.Constitution.PositiveHistory.circular_classification_commutes' does not depend on any axioms
info: RelationalPerimeter/Constitution/CircularRoleTransport.lean:286:0: 'RelationalPerimeter.Constitution.PositiveHistory.circular_generated_position_commutes' does not depend on any axioms
Build completed successfully (23 jobs).
