Verified stratification inventory: 129 production modules, all enforced, no orphan.
Verified expected failures: scientific-certificate and causal-construction privacy, instruction-indexed profiles, authoritative collision anchor, semantic instruction use, occurrence-and-target-indexed decisions, source-and-target-indexed traces, and rejection of an independent Unit regime.
ℹ [2/142] Replayed SegmentedResidualRole
info: SegmentedResidualRole.lean:791:0: 'SegmentedResidualRole.ExactInternalRealization' does not depend on any axioms
info: SegmentedResidualRole.lean:792:0: 'SegmentedResidualRole.ResidualUniquenessKernel' does not depend on any axioms
info: SegmentedResidualRole.lean:793:0: 'SegmentedResidualRole.ResidualDeterminationCore' does not depend on any axioms
info: SegmentedResidualRole.lean:794:0: 'SegmentedResidualRole.ResidualDeterminationCore.label_is_residual' does not depend on any axioms
info: SegmentedResidualRole.lean:795:0: 'SegmentedResidualRole.ResidualDeterminationCore.occurrences_unique' does not depend on any axioms
info: SegmentedResidualRole.lean:796:0: 'SegmentedResidualRole.CoreUniqueResidualOccurrence' does not depend on any axioms
info: SegmentedResidualRole.lean:797:0: 'SegmentedResidualRole.positiveCore_hasUniqueResidualOccurrence' does not depend on any axioms
info: SegmentedResidualRole.lean:798:0: 'SegmentedResidualRole.CoreUniqueResidualOccurrence.toKernel' does not depend on any axioms
info: SegmentedResidualRole.lean:799:0: 'SegmentedResidualRole.FaithfulExtension.toResidualUniquenessKernel' does not depend on any axioms
info: SegmentedResidualRole.lean:800:0: 'SegmentedResidualRole.ResidualUniquenessKernel.newOccurrence_cannotReuseInternalRole' does not depend on any axioms
info: SegmentedResidualRole.lean:801:0: 'SegmentedResidualRole.ResidualUniquenessKernel.toDeterminationCore' does not depend on any axioms
info: SegmentedResidualRole.lean:802:0: 'SegmentedResidualRole.ResidualUniquenessKernel.newOccurrence_label_is_residual' does not depend on any axioms
info: SegmentedResidualRole.lean:803:0: 'SegmentedResidualRole.ResidualUniquenessKernel.newOccurrences_unique' does not depend on any axioms
info: SegmentedResidualRole.lean:804:0: 'SegmentedResidualRole.FaithfulExtension.newOccurrence_cannotReuseInternalRole' does not depend on any axioms
info: SegmentedResidualRole.lean:805:0: 'SegmentedResidualRole.FaithfulExtension.newOccurrence_label_is_residual' does not depend on any axioms
info: SegmentedResidualRole.lean:806:0: 'SegmentedResidualRole.FaithfulExtension.newOccurrences_unique' does not depend on any axioms
info: SegmentedResidualRole.lean:807:0: 'SegmentedResidualRole.KernelUniqueResidualOccurrence' does not depend on any axioms
info: SegmentedResidualRole.lean:808:0: 'SegmentedResidualRole.positiveKernel_hasUniqueResidualOccurrence' does not depend on any axioms
info: SegmentedResidualRole.lean:809:0: 'SegmentedResidualRole.OldLabelsInternal' does not depend on any axioms
info: SegmentedResidualRole.lean:810:0: 'SegmentedResidualRole.ExactInternalCompletion' does not depend on any axioms
info: SegmentedResidualRole.lean:811:0: 'SegmentedResidualRole.ExactReconstructionConditions' does not depend on any axioms
info: SegmentedResidualRole.lean:812:0: 'SegmentedResidualRole.ExactReconstructionConditions.toExactInternalCompletion' does not depend on any axioms
info: SegmentedResidualRole.lean:813:0: 'SegmentedResidualRole.ExactInternalCompletion.toExactInternalRealization' does not depend on any axioms
info: SegmentedResidualRole.lean:814:0: 'SegmentedResidualRole.ExactInternalCompletion.toReconstructionConditions' does not depend on any axioms
info: SegmentedResidualRole.lean:815:0: 'SegmentedResidualRole.ExactInternalCompletion.occurrenceToRole_pointwise_unique' does not depend on any axioms
info: SegmentedResidualRole.lean:816:0: 'SegmentedResidualRole.ResidualUniquenessKernel.oldLabelsInternal_of_positive' does not depend on any axioms
info: SegmentedResidualRole.lean:817:0: 'SegmentedResidualRole.ResidualUniquenessKernel.toExactInternalCompletion_of_positive' does not depend on any axioms
info: SegmentedResidualRole.lean:818:0: 'SegmentedResidualRole.FaithfulExtension.internalCompletion' does not depend on any axioms
info: SegmentedResidualRole.lean:819:0: 'SegmentedResidualRole.FaithfulExtension.embedOld_injective' does not depend on any axioms
info: SegmentedResidualRole.lean:820:0: 'SegmentedResidualRole.FaithfulExtension.reconstructInternalCompletion' does not depend on any axioms
info: SegmentedResidualRole.lean:821:0: 'SegmentedResidualRole.FaithfulExtension.reconstructed_roleToOccurrence_eq' does not depend on any axioms
info: SegmentedResidualRole.lean:822:0: 'SegmentedResidualRole.FaithfulExtension.reconstructed_roleToOccurrence_agrees' does not depend on any axioms
info: SegmentedResidualRole.lean:823:0: 'SegmentedResidualRole.FaithfulExtension.reconstructed_occurrenceToRole_agrees' does not depend on any axioms
info: SegmentedResidualRole.lean:824:0: 'SegmentedResidualRole.positiveExtension_hasUniqueResidualOccurrence' does not depend on any axioms
info: SegmentedResidualRole.lean:825:0: 'SegmentedResidualRole.CoreUniqueResidualOccurrence.toRich' does not depend on any axioms
info: SegmentedResidualRole.lean:826:0: 'SegmentedResidualRole.positiveExtension_result_occurrence' does not depend on any axioms
ℹ [3/142] Replayed AbstractSegmentedTurning
info: AbstractSegmentedTurning.lean:1177:0: 'AbstractSegmentedTurning.BoundaryGenerator.continuation_ne_boundary' does not depend on any axioms
info: AbstractSegmentedTurning.lean:1178:0: 'AbstractSegmentedTurning.ObstructedRegime.exactClassification' does not depend on any axioms
info: AbstractSegmentedTurning.lean:1179:0: 'AbstractSegmentedTurning.ObstructedRegime.continuation_outside_regime' does not depend on any axioms
info: AbstractSegmentedTurning.lean:1180:0: 'AbstractSegmentedTurning.ObstructedRegime.no_strict_regime_extension' does not depend on any axioms
info: AbstractSegmentedTurning.lean:1181:0: 'AbstractSegmentedTurning.CoreSegmentedBoundary' does not depend on any axioms
info: AbstractSegmentedTurning.lean:1182:0: 'AbstractSegmentedTurning.SegmentedBoundary.toCoreBoundary' does not depend on any axioms
info: AbstractSegmentedTurning.lean:1183:0: 'AbstractSegmentedTurning.CoreTurningConclusion' does not depend on any axioms
info: AbstractSegmentedTurning.lean:1184:0: 'AbstractSegmentedTurning.coreTurning' does not depend on any axioms
info: AbstractSegmentedTurning.lean:1185:0: 'AbstractSegmentedTurning.CorePositiveResidualBoundary' does not depend on any axioms
info: AbstractSegmentedTurning.lean:1186:0: 'AbstractSegmentedTurning.CorePositiveResidualBoundary.uniqueResidualOccurrence' does not depend on any axioms
info: AbstractSegmentedTurning.lean:1187:0: 'AbstractSegmentedTurning.PositiveResidualBoundary.toCoreBoundary' does not depend on any axioms
info: AbstractSegmentedTurning.lean:1188:0: 'AbstractSegmentedTurning.CoreCoupledObstructedRegime' does not depend on any axioms
info: AbstractSegmentedTurning.lean:1189:0: 'AbstractSegmentedTurning.CoreCoupledObstructedRegime.exactClassification' does not depend on any axioms
info: AbstractSegmentedTurning.lean:1190:0: 'AbstractSegmentedTurning.CoreCoupledObstructedRegime.toObstructedRegime' does not depend on any axioms
info: AbstractSegmentedTurning.lean:1191:0: 'AbstractSegmentedTurning.CoreCoupledObstructedRegime.admittedPositiveBoundary_rejected' does not depend on any axioms
info: AbstractSegmentedTurning.lean:1192:0: 'AbstractSegmentedTurning.CoreCoupledObstructedRegime.continuation_outside_regime' does not depend on any axioms
info: AbstractSegmentedTurning.lean:1193:0: 'AbstractSegmentedTurning.CoreCoupledObstructedRegime.no_strict_regime_extension' does not depend on any axioms
info: AbstractSegmentedTurning.lean:1194:0: 'AbstractSegmentedTurning.CoreCoupledTurningConclusion' does not depend on any axioms
info: AbstractSegmentedTurning.lean:1195:0: 'AbstractSegmentedTurning.coreCoupledTurning' does not depend on any axioms
info: AbstractSegmentedTurning.lean:1196:0: 'AbstractSegmentedTurning.CoupledObstructedRegime.toCoreCoupled' does not depend on any axioms
info: AbstractSegmentedTurning.lean:1197:0: 'AbstractSegmentedTurning.abstractTurning' does not depend on any axioms
info: AbstractSegmentedTurning.lean:1198:0: 'AbstractSegmentedTurning.PositiveResidualBoundary.uniqueResidualOccurrence' does not depend on any axioms
info: AbstractSegmentedTurning.lean:1199:0: 'AbstractSegmentedTurning.CoupledObstructedRegime.exactClassification' does not depend on any axioms
info: AbstractSegmentedTurning.lean:1200:0: 'AbstractSegmentedTurning.CoupledObstructedRegime.toObstructedRegime' does not depend on any axioms
info: AbstractSegmentedTurning.lean:1201:0: 'AbstractSegmentedTurning.CoupledObstructedRegime.admittedPositiveBoundary_rejected' does not depend on any axioms
info: AbstractSegmentedTurning.lean:1202:0: 'AbstractSegmentedTurning.coupledTurning' does not depend on any axioms
info: AbstractSegmentedTurning.lean:1203:0: 'AbstractSegmentedTurning.RegimeExit' does not depend on any axioms
info: AbstractSegmentedTurning.lean:1204:0: 'AbstractSegmentedTurning.RegimeExit.mapFaithful' does not depend on any axioms
info: AbstractSegmentedTurning.lean:1205:0: 'AbstractSegmentedTurning.RegimeExit.restrictRegime' does not depend on any axioms
info: AbstractSegmentedTurning.lean:1206:0: 'AbstractSegmentedTurning.RegimeExit.refutesFaithfulToRegime' does not depend on any axioms
info: AbstractSegmentedTurning.lean:1207:0: 'AbstractSegmentedTurning.RegimeExit.mapFaithful_id' does not depend on any axioms
info: AbstractSegmentedTurning.lean:1208:0: 'AbstractSegmentedTurning.RegimeExit.mapFaithful_comp' does not depend on any axioms
info: AbstractSegmentedTurning.lean:1209:0: 'AbstractSegmentedTurning.RegimeExit.restrictRegime_id' does not depend on any axioms
info: AbstractSegmentedTurning.lean:1210:0: 'AbstractSegmentedTurning.RegimeExit.restrictRegime_comp' does not depend on any axioms
info: AbstractSegmentedTurning.lean:1211:0: 'AbstractSegmentedTurning.RegimeExit.mapFaithful_restrictRegime' does not depend on any axioms
info: AbstractSegmentedTurning.lean:1212:0: 'AbstractSegmentedTurning.UniformRegimeExit' does not depend on any axioms
info: AbstractSegmentedTurning.lean:1213:0: 'AbstractSegmentedTurning.UniformRegimeExit.atImplementation' does not depend on any axioms
info: AbstractSegmentedTurning.lean:1214:0: 'AbstractSegmentedTurning.UniformRegimeExit.reindexImplementation' does not depend on any axioms
info: AbstractSegmentedTurning.lean:1215:0: 'AbstractSegmentedTurning.UniformRegimeExit.reindex_id' does not depend on any axioms
info: AbstractSegmentedTurning.lean:1216:0: 'AbstractSegmentedTurning.UniformRegimeExit.reindex_comp' does not depend on any axioms
info: AbstractSegmentedTurning.lean:1217:0: 'AbstractSegmentedTurning.UniformRegimeExit.reindex_at' does not depend on any axioms
ℹ [4/142] Replayed ExactTypeTransport
info: ExactTypeTransport.lean:120:0: 'ExactTypeTransport' does not depend on any axioms
info: ExactTypeTransport.lean:121:0: 'ExactTypeTransport.reflexive' does not depend on any axioms
info: ExactTypeTransport.lean:122:0: 'ExactTypeTransport.ofEquality' does not depend on any axioms
info: ExactTypeTransport.lean:123:0: 'ExactTypeTransport.reverse' does not depend on any axioms
info: ExactTypeTransport.lean:124:0: 'ExactTypeTransport.compose' does not depend on any axioms
info: ExactTypeTransport.lean:125:0: 'ExactTypeTransport.sumUnit' does not depend on any axioms
info: ExactTypeTransport.lean:126:0: 'ExactTypeTransport.backward_eq_of_forward_eq' does not depend on any axioms
ℹ [5/142] Replayed StrongPerimetralTurning
info: StrongPerimetralTurning.lean:8889:0: 'StrongPerimetralTurning.CircularPresentation.rejectTotalLoop' does not depend on any axioms
info: StrongPerimetralTurning.lean:8890:0: 'StrongPerimetralTurning.CircularPresentation.positiveClosureObstruction' does not depend on any axioms
info: StrongPerimetralTurning.lean:8891:0: 'StrongPerimetralTurning.RawJunctionWithSeparatedEndpoints' does not depend on any axioms
info: StrongPerimetralTurning.lean:8892:0: 'StrongPerimetralTurning.ExplicitTotalization.toContractionKernel' does not depend on any axioms
info: StrongPerimetralTurning.lean:8893:0: 'StrongPerimetralTurning.ImplicitTotalization.toContractionKernel' does not depend on any axioms
info: StrongPerimetralTurning.lean:8894:0: 'StrongPerimetralTurning.explicitKernelContractsClosureDifference' does not depend on any axioms
info: StrongPerimetralTurning.lean:8895:0: 'StrongPerimetralTurning.implicitKernelContractsClosureDifference' does not depend on any axioms
info: StrongPerimetralTurning.lean:8896:0: 'StrongPerimetralTurning.explicitContractionKernelRejected' does not depend on any axioms
info: StrongPerimetralTurning.lean:8897:0: 'StrongPerimetralTurning.implicitContractionKernelRejected' does not depend on any axioms
info: StrongPerimetralTurning.lean:8898:0: 'StrongPerimetralTurning.ContractedClosureDifference.endpointContraction' does not depend on any axioms
info: StrongPerimetralTurning.lean:8899:0: 'StrongPerimetralTurning.ContractedClosureDifference.reject' does not depend on any axioms
info: StrongPerimetralTurning.lean:8900:0: 'StrongPerimetralTurning.explicitTotalizationContractsClosureDifference' does not depend on any axioms
info: StrongPerimetralTurning.lean:8901:0: 'StrongPerimetralTurning.implicitTotalizationContractsClosureDifference' does not depend on any axioms
info: StrongPerimetralTurning.lean:8902:0: 'StrongPerimetralTurning.explicitTotalizationRejected' does not depend on any axioms
info: StrongPerimetralTurning.lean:8903:0: 'StrongPerimetralTurning.implicitTotalizationRejected' does not depend on any axioms
info: StrongPerimetralTurning.lean:8904:0: 'StrongPerimetralTurning.FreeConstitution.formed_boundaryCode_exact' does not depend on any axioms
info: StrongPerimetralTurning.lean:8905:0: 'StrongPerimetralTurning.FreeConstitution.formed_core_exact' does not depend on any axioms
info: StrongPerimetralTurning.lean:8906:0: 'StrongPerimetralTurning.FreeConstitution.root_inheritedClosureObstruction_exact' does not depend on any axioms
info: StrongPerimetralTurning.lean:8907:0: 'StrongPerimetralTurning.FreeConstitution.formed_inheritedClosureObstruction_exact' does not depend on any axioms
info: StrongPerimetralTurning.lean:8908:0: 'StrongPerimetralTurning.FreeConstitution.formed_integratedClosureObstruction_exact' does not depend on any axioms
info: StrongPerimetralTurning.lean:8909:0: 'StrongPerimetralTurning.FreeConstitution.formed_integratedProvenance_exact' does not depend on any axioms
info: StrongPerimetralTurning.lean:8910:0: 'StrongPerimetralTurning.canonicalTarget_inheritedClosureObstruction_exact' does not depend on any axioms
info: StrongPerimetralTurning.lean:8911:0: 'StrongPerimetralTurning.generate' does not depend on any axioms
info: StrongPerimetralTurning.lean:8912:0: 'StrongPerimetralTurning.canonicalFormationEliminator_exact' does not depend on any axioms
info: StrongPerimetralTurning.lean:8913:0: 'StrongPerimetralTurning.formationEliminator_is_free_fold' does not depend on any axioms
info: StrongPerimetralTurning.lean:8914:0: 'StrongPerimetralTurning.canonicalFreeLayer_is_free_elimination' does not depend on any axioms
info: StrongPerimetralTurning.lean:8915:0: 'StrongPerimetralTurning.HistoricalProvenanceRecord' does not depend on any axioms
info: StrongPerimetralTurning.lean:8916:0: 'StrongPerimetralTurning.HistoricalProvenanceRecord.ofIntegration' does not depend on any axioms
info: StrongPerimetralTurning.lean:8917:0: 'StrongPerimetralTurning.HistoricalProvenanceRecord.recordedProvenance' does not depend on any axioms
info: StrongPerimetralTurning.lean:8918:0: 'StrongPerimetralTurning.HistoricalProvenanceRecord.recordedProvenance_is_origin' does not depend on any axioms
info: StrongPerimetralTurning.lean:8919:0: 'StrongPerimetralTurning.PreservesProvenance.inscribedInTarget' does not depend on any axioms
info: StrongPerimetralTurning.lean:8920:0: 'StrongPerimetralTurning.PreservesProvenance.exactProvenance_is_origin' does not depend on any axioms
info: StrongPerimetralTurning.lean:8921:0: 'StrongPerimetralTurning.canonicalSourceProvenanceInscribed' does not depend on any axioms
info: StrongPerimetralTurning.lean:8922:0: 'StrongPerimetralTurning.recoverImmediateOriginFromFormation' does not depend on any axioms
info: StrongPerimetralTurning.lean:8923:0: 'StrongPerimetralTurning.RecoveredImmediateOrigin.provenance' does not depend on any axioms
info: StrongPerimetralTurning.lean:8924:0: 'StrongPerimetralTurning.GeneratedStep.compatibilityWitnessExact' does not depend on any axioms
info: StrongPerimetralTurning.lean:8925:0: 'StrongPerimetralTurning.GeneratedStep.provenanceWitnessExact' does not depend on any axioms
info: StrongPerimetralTurning.lean:8926:0: 'StrongPerimetralTurning.GeneratedStep.integratesClosureObstruction' does not depend on any axioms
info: StrongPerimetralTurning.lean:8927:0: 'StrongPerimetralTurning.GeneratedStep.inheritedClosureObstructionExact' does not depend on any axioms
info: StrongPerimetralTurning.lean:8928:0: 'StrongPerimetralTurning.GeneratedStep.sourceProvenanceInscribedInTarget' does not depend on any axioms
info: StrongPerimetralTurning.lean:8929:0: 'StrongPerimetralTurning.GeneratedStep.currentFormationRecord' does not depend on any axioms
info: StrongPerimetralTurning.lean:8930:0: 'StrongPerimetralTurning.GeneratedStep.rejectsAlternativeCompatibility' does not depend on any axioms
info: StrongPerimetralTurning.lean:8931:0: 'StrongPerimetralTurning.GeneratedStep.rejectsAlternativeProvenance' does not depend on any axioms
info: StrongPerimetralTurning.lean:8932:0: 'StrongPerimetralTurning.generatedHistory_preservesClosureObstruction' does not depend on any axioms
info: StrongPerimetralTurning.lean:8933:0: 'StrongPerimetralTurning.preserveFormationRecordAlongHistory' does not depend on any axioms
info: StrongPerimetralTurning.lean:8934:0: 'StrongPerimetralTurning.preserveHistoricalProvenanceAlongStep' does not depend on any axioms
info: StrongPerimetralTurning.lean:8935:0: 'StrongPerimetralTurning.preserveHistoricalProvenanceAlongHistory' does not depend on any axioms
info: StrongPerimetralTurning.lean:8936:0: 'StrongPerimetralTurning.positiveGeneratedHistory_hasFreshFormation' does not depend on any axioms
info: StrongPerimetralTurning.lean:8937:0: 'StrongPerimetralTurning.FreshFormationRecord.notFromSource' does not depend on any axioms
info: StrongPerimetralTurning.lean:8938:0: 'StrongPerimetralTurning.append_positive_ne' does not depend on any axioms
info: StrongPerimetralTurning.lean:8939:0: 'StrongPerimetralTurning.positiveGeneratedHistory_source_ne_target' does not depend on any axioms
info: StrongPerimetralTurning.lean:8940:0: 'StrongPerimetralTurning.positiveGeneratedHistory_cursorAdvance' does not depend on any axioms
info: StrongPerimetralTurning.lean:8941:0: 'StrongPerimetralTurning.positiveCursorAdvance_irreflexive' does not depend on any axioms
info: StrongPerimetralTurning.lean:8942:0: 'StrongPerimetralTurning.CursorFuture.irreflexive' does not depend on any axioms
info: StrongPerimetralTurning.lean:8943:0: 'StrongPerimetralTurning.ProperSpineSuffix.irreflexive' does not depend on any axioms
info: StrongPerimetralTurning.lean:8944:0: 'StrongPerimetralTurning.ProperFreeTail.irreflexive' does not depend on any axioms
info: StrongPerimetralTurning.lean:8945:0: 'StrongPerimetralTurning.ProperStructuralDepth.irreflexive' does not depend on any axioms
info: StrongPerimetralTurning.lean:8946:0: 'StrongPerimetralTurning.partial_is_prefix_of_perimeter' does not depend on any axioms
info: StrongPerimetralTurning.lean:8947:0: 'StrongPerimetralTurning.rootedOccurrence_source_eq_of_cursor_eq' does not depend on any axioms
info: StrongPerimetralTurning.lean:8948:0: 'StrongPerimetralTurning.RequirementOccurrenceAgreement.locatedStepExact' does not depend on any axioms
info: StrongPerimetralTurning.lean:8949:0: 'StrongPerimetralTurning.RequirementOccurrenceAgreement.compatibilityTransport' does not depend on any axioms
info: StrongPerimetralTurning.lean:8950:0: 'StrongPerimetralTurning.RequirementOccurrenceAgreement.provenanceWitnessExact' does not depend on any axioms
info: StrongPerimetralTurning.lean:8951:0: 'StrongPerimetralTurning.History.embedLeftOccurrence_injective' does not depend on any axioms
info: StrongPerimetralTurning.lean:8952:0: 'StrongPerimetralTurning.locatedStep_transportOccurrence' does not depend on any axioms
info: StrongPerimetralTurning.lean:8953:0: 'StrongPerimetralTurning.PerimeterExtension.oldOccurrenceAgreement' does not depend on any axioms
info: StrongPerimetralTurning.lean:8954:0: 'StrongPerimetralTurning.PerimeterExtension.oldOccurrence_injective' does not depend on any axioms
info: StrongPerimetralTurning.lean:8955:0: 'StrongPerimetralTurning.PerimeterExtension.toExactNonClosingRealization' does not depend on any axioms
info: StrongPerimetralTurning.lean:8956:0: 'StrongPerimetralTurning.identityCircularRefinement' does not depend on any axioms
info: StrongPerimetralTurning.lean:8957:0: 'StrongPerimetralTurning.CoreCircularResidualContext' does not depend on any axioms
info: StrongPerimetralTurning.lean:8958:0: 'StrongPerimetralTurning.coreCircularBoundaryType' does not depend on any axioms
info: StrongPerimetralTurning.lean:8959:0: 'StrongPerimetralTurning.coreCircularPositiveResidualBoundary' does not depend on any axioms
info: StrongPerimetralTurning.lean:8960:0: 'StrongPerimetralTurning.CoreResidualClosureInterpretation' does not depend on any axioms
info: StrongPerimetralTurning.lean:8961:0: 'StrongPerimetralTurning.coreInterpretResidual' does not depend on any axioms
info: StrongPerimetralTurning.lean:8962:0: 'StrongPerimetralTurning.CoreResidualClosureAttempt' does not depend on any axioms
info: StrongPerimetralTurning.lean:8963:0: 'StrongPerimetralTurning.rejectCoreResidualClosureAttempt' does not depend on any axioms
info: StrongPerimetralTurning.lean:8964:0: 'StrongPerimetralTurning.CoreCircularPositiveBranch' does not depend on any axioms
info: StrongPerimetralTurning.lean:8965:0: 'StrongPerimetralTurning.CoreCircularRefinement' does not depend on any axioms
info: StrongPerimetralTurning.lean:8966:0: 'StrongPerimetralTurning.identityCoreCircularRefinement' does not depend on any axioms
info: StrongPerimetralTurning.lean:8967:0: 'StrongPerimetralTurning.CircularRefinement.toCoreCircularRefinement' does not depend on any axioms
info: StrongPerimetralTurning.lean:8968:0: 'StrongPerimetralTurning.coreCircularRefinement_history_eq_perimeter' does not depend on any axioms
info: StrongPerimetralTurning.lean:8969:0: 'StrongPerimetralTurning.circularRefinement_nonempty_iff_coreCircularRefinement_nonempty' does not depend on any axioms
info: StrongPerimetralTurning.lean:8970:0: 'StrongPerimetralTurning.oneStepAfterPerimeter_is_extension' does not depend on any axioms
info: StrongPerimetralTurning.lean:8971:0: 'StrongPerimetralTurning.oneStepResidualDeterminationCore' does not depend on any axioms
info: StrongPerimetralTurning.lean:8972:0: 'StrongPerimetralTurning.oneStepCorePositive' does not depend on any axioms
info: StrongPerimetralTurning.lean:8973:0: 'StrongPerimetralTurning.oneStepCoreResidualOccurrence' does not depend on any axioms
info: StrongPerimetralTurning.lean:8974:0: 'StrongPerimetralTurning.oneStepCoreSegmentedBoundary' does not depend on any axioms
info: StrongPerimetralTurning.lean:8975:0: 'StrongPerimetralTurning.oneStepAfterPerimeter_nonClosingRealization' does not depend on any axioms
info: StrongPerimetralTurning.lean:8976:0: 'StrongPerimetralTurning.CircularClosureMeaning' does not depend on any axioms
info: StrongPerimetralTurning.lean:8977:0: 'StrongPerimetralTurning.perimeterDeployment_closureMeaning' does not depend on any axioms
info: StrongPerimetralTurning.lean:8978:0: 'StrongPerimetralTurning.oneStepAfterPerimeter_notClosureMeaning' does not depend on any axioms
info: StrongPerimetralTurning.lean:8979:0: 'StrongPerimetralTurning.CircularSpecificationSatisfaction' does not depend on any axioms
info: StrongPerimetralTurning.lean:8980:0: 'StrongPerimetralTurning.perimeterDeployment_specificationSatisfaction' does not depend on any axioms
info: StrongPerimetralTurning.lean:8981:0: 'StrongPerimetralTurning.oneStepAfterPerimeter_notSpecificationSatisfaction' does not depend on any axioms
info: StrongPerimetralTurning.lean:8982:0: 'StrongPerimetralTurning.oneStepAfterPerimeterStrict' does not depend on any axioms
info: StrongPerimetralTurning.lean:8983:0: 'StrongPerimetralTurning.oneStepAfterPerimeter_ne' does not depend on any axioms
info: StrongPerimetralTurning.lean:8984:0: 'StrongPerimetralTurning.perimetralBoundaryGenerator' does not depend on any axioms
info: StrongPerimetralTurning.lean:8985:0: 'StrongPerimetralTurning.occurrenceToRequirement_toOccurrence' does not depend on any axioms
info: StrongPerimetralTurning.lean:8986:0: 'StrongPerimetralTurning.requirementToOccurrence_toRequirement' does not depend on any axioms
info: StrongPerimetralTurning.lean:8987:0: 'StrongPerimetralTurning.deployOccurrence_position_roundTrip' does not depend on any axioms
info: StrongPerimetralTurning.lean:8988:0: 'StrongPerimetralTurning.classifyDeploymentOccurrence' does not depend on any axioms
info: StrongPerimetralTurning.lean:8989:0: 'StrongPerimetralTurning.decodeDeploymentOccurrence' does not depend on any axioms
info: StrongPerimetralTurning.lean:8990:0: 'StrongPerimetralTurning.deployPosition_occurrence_roundTrip' does not depend on any axioms
info: StrongPerimetralTurning.lean:8991:0: 'StrongPerimetralTurning.deployPositionToOccurrence_injective' does not depend on any axioms
info: StrongPerimetralTurning.lean:8992:0: 'StrongPerimetralTurning.requirementToOccurrence_injective' does not depend on any axioms
info: StrongPerimetralTurning.lean:8993:0: 'StrongPerimetralTurning.ExactNonClosingRealization' does not depend on any axioms
info: StrongPerimetralTurning.lean:8994:0: 'StrongPerimetralTurning.SemanticTrace' does not depend on any axioms
info: StrongPerimetralTurning.lean:8995:0: 'StrongPerimetralTurning.SemanticTrace.locatedStep' does not depend on any axioms
info: StrongPerimetralTurning.lean:8996:0: 'StrongPerimetralTurning.LocatedRequirementAgreement' does not depend on any axioms
info: StrongPerimetralTurning.lean:8997:0: 'StrongPerimetralTurning.SemanticExactNonClosingRealization' does not depend on any axioms
info: StrongPerimetralTurning.lean:8998:0: 'StrongPerimetralTurning.NonClosingPrecedes' does not depend on any axioms
info: StrongPerimetralTurning.lean:8999:0: 'StrongPerimetralTurning.SemanticOrderPreserved' does not depend on any axioms
info: StrongPerimetralTurning.lean:9000:0: 'StrongPerimetralTurning.perimeterRealization' does not depend on any axioms
info: StrongPerimetralTurning.lean:9001:0: 'StrongPerimetralTurning.finalRequirementContractible' does not depend on any axioms
info: StrongPerimetralTurning.lean:9002:0: 'StrongPerimetralTurning.perimeterInternalRoleRealization' does not depend on any axioms
info: StrongPerimetralTurning.lean:9003:0: 'StrongPerimetralTurning.FaithfullyLabelledPerimeterExtension.toSegmentedResidualExtension' does not depend on any axioms
info: StrongPerimetralTurning.lean:9004:0: 'StrongPerimetralTurning.FaithfullyLabelledPerimeterExtension.segmentedResidualExtension_embedOld_injective' does not depend on any axioms
info: StrongPerimetralTurning.lean:9005:0: 'StrongPerimetralTurning.FaithfullyLabelledPerimeterExtension.newOccurrence_cannotReuseNonClosingRequirement' does not depend on any axioms
info: StrongPerimetralTurning.lean:9006:0: 'StrongPerimetralTurning.FaithfullyLabelledPerimeterExtension.newOccurrence_label_is_final' does not depend on any axioms
info: StrongPerimetralTurning.lean:9007:0: 'StrongPerimetralTurning.FaithfullyLabelledPerimeterExtension.continuation_occurrences_unique' does not depend on any axioms
info: StrongPerimetralTurning.lean:9008:0: 'StrongPerimetralTurning.PositiveContinuation.toResidualPositive' does not depend on any axioms
info: StrongPerimetralTurning.lean:9009:0: 'StrongPerimetralTurning.FaithfullyLabelledPerimeterExtension.reconstructedInternalCompletion' does not depend on any axioms
info: StrongPerimetralTurning.lean:9010:0: 'StrongPerimetralTurning.FaithfullyLabelledPerimeterExtension.reconstructed_roleToOccurrence_agrees' does not depend on any axioms
info: StrongPerimetralTurning.lean:9011:0: 'StrongPerimetralTurning.FaithfullyLabelledPerimeterExtension.reconstructed_occurrenceToRole_agrees' does not depend on any axioms
info: StrongPerimetralTurning.lean:9012:0: 'StrongPerimetralTurning.oneStepSegmentedBoundary' does not depend on any axioms
info: StrongPerimetralTurning.lean:9013:0: 'StrongPerimetralTurning.oneStepResidualPositive' does not depend on any axioms
info: StrongPerimetralTurning.lean:9014:0: 'StrongPerimetralTurning.oneStepResidualPositive_agrees_with_segmentedBoundary' does not depend on any axioms
info: StrongPerimetralTurning.lean:9015:0: 'StrongPerimetralTurning.oneStepReconstructedInternalCompletion' does not depend on any axioms
info: StrongPerimetralTurning.lean:9016:0: 'StrongPerimetralTurning.oneStepReconstructedInternalRealization' does not depend on any axioms
info: StrongPerimetralTurning.lean:9017:0: 'StrongPerimetralTurning.oneStepReconstructed_roleToOccurrence_agrees' does not depend on any axioms
info: StrongPerimetralTurning.lean:9018:0: 'StrongPerimetralTurning.oneStepReconstructed_occurrenceToRole_agrees' does not depend on any axioms
info: StrongPerimetralTurning.lean:9019:0: 'StrongPerimetralTurning.oneStepWeakResidualOccurrence' does not depend on any axioms
info: StrongPerimetralTurning.lean:9020:0: 'StrongPerimetralTurning.oneStepPublicResidualOccurrence' does not depend on any axioms
info: StrongPerimetralTurning.lean:9021:0: 'StrongPerimetralTurning.oneStepResidualOccurrence_agrees' does not depend on any axioms
info: StrongPerimetralTurning.lean:9022:0: 'StrongPerimetralTurning.oneStepWeakResidualOccurrence_label_is_final' does not depend on any axioms
info: StrongPerimetralTurning.lean:9023:0: 'StrongPerimetralTurning.oneStepWeakResidualOccurrence_unique' does not depend on any axioms
info: StrongPerimetralTurning.lean:9024:0: 'StrongPerimetralTurning.positiveContinuation_exactlyOne' does not depend on any axioms
info: StrongPerimetralTurning.lean:9025:0: 'StrongPerimetralTurning.finalBoundaryOccurrence' does not depend on any axioms
info: StrongPerimetralTurning.lean:9026:0: 'StrongPerimetralTurning.FinalBoundaryOccurrence.compatibility_is_leaveBoundary' does not depend on any axioms
info: StrongPerimetralTurning.lean:9027:0: 'StrongPerimetralTurning.finalClosureInterpretation' does not depend on any axioms
info: StrongPerimetralTurning.lean:9028:0: 'StrongPerimetralTurning.FinalClosureInterpretation.sourceObstructionIsInitial' does not depend on any axioms
info: StrongPerimetralTurning.lean:9029:0: 'StrongPerimetralTurning.ConstitutiveClosureAttachment.formationRecordIsStepExact' does not depend on any axioms
info: StrongPerimetralTurning.lean:9030:0: 'StrongPerimetralTurning.ConstitutiveClosureAttachment.provenanceRecordIsStepExact' does not depend on any axioms
info: StrongPerimetralTurning.lean:9031:0: 'StrongPerimetralTurning.ConstitutiveClosureAttachment.obstructionIsInitial' does not depend on any axioms
info: StrongPerimetralTurning.lean:9032:0: 'StrongPerimetralTurning.BilateralClosureAttemptAt.explicitContraction' does not depend on any axioms
info: StrongPerimetralTurning.lean:9033:0: 'StrongPerimetralTurning.BilateralClosureAttemptAt.implicitContraction' does not depend on any axioms
info: StrongPerimetralTurning.lean:9034:0: 'StrongPerimetralTurning.BilateralClosureAttemptAt.rejectExplicit' does not depend on any axioms
info: StrongPerimetralTurning.lean:9035:0: 'StrongPerimetralTurning.BilateralClosureAttemptAt.rejectImplicit' does not depend on any axioms
info: StrongPerimetralTurning.lean:9036:0: 'StrongPerimetralTurning.refinementOutcome' does not depend on any axioms
info: StrongPerimetralTurning.lean:9037:0: 'StrongPerimetralTurning.NormativeAdequacy' does not depend on any axioms
info: StrongPerimetralTurning.lean:9038:0: 'StrongPerimetralTurning.AdequateAlong' does not depend on any axioms
info: StrongPerimetralTurning.lean:9039:0: 'StrongPerimetralTurning.SpecRelativeHistoryExit' does not depend on any axioms
info: StrongPerimetralTurning.lean:9040:0: 'StrongPerimetralTurning.RootedGeneratedHistory.terminalClosureObstruction' does not depend on any axioms
info: StrongPerimetralTurning.lean:9041:0: 'StrongPerimetralTurning.RootedGeneratedHistory.terminalClosureObstruction_is_initial' does not depend on any axioms
info: StrongPerimetralTurning.lean:9042:0: 'StrongPerimetralTurning.FinalJunctionRealization.toBilateralContractions' does not depend on any axioms
info: StrongPerimetralTurning.lean:9043:0: 'StrongPerimetralTurning.FinalJunctionRealization.toExplicitContractedClosureDifference' does not depend on any axioms
info: StrongPerimetralTurning.lean:9044:0: 'StrongPerimetralTurning.FinalJunctionRealization.toImplicitContractedClosureDifference' does not depend on any axioms
info: StrongPerimetralTurning.lean:9045:0: 'StrongPerimetralTurning.FinalJunctionRealization.toContractedClosureDifference' does not depend on any axioms
info: StrongPerimetralTurning.lean:9046:0: 'StrongPerimetralTurning.FinalJunctionRealization.endpointEquality' does not depend on any axioms
info: StrongPerimetralTurning.lean:9047:0: 'StrongPerimetralTurning.FinalJunctionRealization.toTotalLoop' does not depend on any axioms
info: StrongPerimetralTurning.lean:9048:0: 'StrongPerimetralTurning.rejectFinalJunctionRealization' does not depend on any axioms
info: StrongPerimetralTurning.lean:9049:0: 'StrongPerimetralTurning.rejectFinalJunctionRealizationImplicit' does not depend on any axioms
info: StrongPerimetralTurning.lean:9050:0: 'StrongPerimetralTurning.circularPositiveResidualBoundary' does not depend on any axioms
info: StrongPerimetralTurning.lean:9051:0: 'StrongPerimetralTurning.analyzeCircularRefinementThroughResidual' does not depend on any axioms
info: StrongPerimetralTurning.lean:9052:0: 'StrongPerimetralTurning.interpretCircularResidual' does not depend on any axioms
info: StrongPerimetralTurning.lean:9053:0: 'StrongPerimetralTurning.circularResidualBranch' does not depend on any axioms
info: StrongPerimetralTurning.lean:9054:0: 'StrongPerimetralTurning.rejectResidualBilateralClosureAttempt' does not depend on any axioms
info: StrongPerimetralTurning.lean:9055:0: 'StrongPerimetralTurning.analyzeCircularRegimeWithResidualAttempt' does not depend on any axioms
info: StrongPerimetralTurning.lean:9056:0: 'StrongPerimetralTurning.perimetralCoreCoupledRegime' does not depend on any axioms
info: StrongPerimetralTurning.lean:9057:0: 'StrongPerimetralTurning.perimetralCoreCoupledInterpretation_occurrence' does not depend on any axioms
info: StrongPerimetralTurning.lean:9058:0: 'StrongPerimetralTurning.perimetralCoreObstructedRegime' does not depend on any axioms
info: StrongPerimetralTurning.lean:9059:0: 'StrongPerimetralTurning.perimetralCoupledRegime' does not depend on any axioms
info: StrongPerimetralTurning.lean:9060:0: 'StrongPerimetralTurning.perimetralObstructedRegime' does not depend on any axioms
info: StrongPerimetralTurning.lean:9061:0: 'StrongPerimetralTurning.oneStepCoreTurning' does not depend on any axioms
info: StrongPerimetralTurning.lean:9062:0: 'StrongPerimetralTurning.oneStepCoreTurning_toPublic' does not depend on any axioms
info: StrongPerimetralTurning.lean:9063:0: 'StrongPerimetralTurning.perimetralCoreCoupledTurning' does not depend on any axioms
info: StrongPerimetralTurning.lean:9064:0: 'StrongPerimetralTurning.historicalCoupledTurningOfCircularPresentation' does not depend on any axioms
info: StrongPerimetralTurning.lean:9065:0: 'StrongPerimetralTurning.coupledTurningOfCircularPresentation' does not depend on any axioms
info: StrongPerimetralTurning.lean:9066:0: 'StrongPerimetralTurning.historicalAbstractTurningOfCircularPresentation' does not depend on any axioms
info: StrongPerimetralTurning.lean:9067:0: 'StrongPerimetralTurning.abstractTurningOfCircularPresentation' does not depend on any axioms
info: StrongPerimetralTurning.lean:9068:0: 'StrongPerimetralTurning.oneStepCoreResidualOccurrence_agrees_with_weak' does not depend on any axioms
info: StrongPerimetralTurning.lean:9069:0: 'StrongPerimetralTurning.oneStepCoreResidualOccurrence_agrees_with_consumedTurning' does not depend on any axioms
info: StrongPerimetralTurning.lean:9070:0: 'StrongPerimetralTurning.oneStepWeakResidualOccurrence_agrees_with_consumedTurning' does not depend on any axioms
info: StrongPerimetralTurning.lean:9071:0: 'StrongPerimetralTurning.strictRefinementProducesFinalJunctionRealization' does not depend on any axioms
info: StrongPerimetralTurning.lean:9072:0: 'StrongPerimetralTurning.FinalLoopRealization.endpointEquality' does not depend on any axioms
info: StrongPerimetralTurning.lean:9073:0: 'StrongPerimetralTurning.FinalLoopRealization.toFinalIdentification' does not depend on any axioms
info: StrongPerimetralTurning.lean:9074:0: 'StrongPerimetralTurning.strictRefinementProducesFinalLoopRealization' does not depend on any axioms
info: StrongPerimetralTurning.lean:9075:0: 'StrongPerimetralTurning.rejectFinalLoopRealization' does not depend on any axioms
info: StrongPerimetralTurning.lean:9076:0: 'StrongPerimetralTurning.CircularRefinement.newOccurrence_cannotReuseNonClosingRequirement' does not depend on any axioms
info: StrongPerimetralTurning.lean:9077:0: 'StrongPerimetralTurning.strictRefinementProducesFinalIdentification' does not depend on any axioms
info: StrongPerimetralTurning.lean:9078:0: 'StrongPerimetralTurning.strictRefinementProducesTotalLoop' does not depend on any axioms
info: StrongPerimetralTurning.lean:9079:0: 'StrongPerimetralTurning.noIntermediateRefinement' does not depend on any axioms
info: StrongPerimetralTurning.lean:9080:0: 'StrongPerimetralTurning.exactCircularRefinementClassification' does not depend on any axioms
info: StrongPerimetralTurning.lean:9081:0: 'StrongPerimetralTurning.oneStepAfterPerimeter_notCircularRefinement' does not depend on any axioms
info: StrongPerimetralTurning.lean:9082:0: 'StrongPerimetralTurning.noStrictSamePerimeterExtension' does not depend on any axioms
info: StrongPerimetralTurning.lean:9083:0: 'StrongPerimetralTurning.admissible_is_prefix_of_perimeter' does not depend on any axioms
info: StrongPerimetralTurning.lean:9084:0: 'StrongPerimetralTurning.strongPerimetralTurning' does not depend on any axioms
info: StrongPerimetralTurning.lean:9085:0: 'StrongPerimetralTurning.partial_length_le_perimeter' does not depend on any axioms
info: StrongPerimetralTurning.lean:9086:0: 'StrongPerimetralTurning.prefix_length_le' does not depend on any axioms
info: StrongPerimetralTurning.lean:9087:0: 'StrongPerimetralTurning.History.length_append' does not depend on any axioms
info: StrongPerimetralTurning.lean:9088:0: 'StrongPerimetralTurning.History.OccurrenceReadout' does not depend on any axioms
info: StrongPerimetralTurning.lean:9089:0: 'StrongPerimetralTurning.perimeterReadout' does not depend on any axioms
info: StrongPerimetralTurning.lean:9090:0: 'StrongPerimetralTurning.occurrenceReadoutOfPerimeter' does not depend on any axioms
info: StrongPerimetralTurning.lean:9091:0: 'StrongPerimetralTurning.occurrenceReadoutOfPerimeter_perimeterReadout' does not depend on any axioms
info: StrongPerimetralTurning.lean:9092:0: 'StrongPerimetralTurning.perimeterReadout_occurrenceReadoutOfPerimeter' does not depend on any axioms
info: StrongPerimetralTurning.lean:9093:0: 'StrongPerimetralTurning.admissible_length_le_perimeter' does not depend on any axioms
info: StrongPerimetralTurning.lean:9094:0: 'StrongPerimetralTurning.ConcreteContinuationAlgebra.realizeHistory' does not depend on any axioms
info: StrongPerimetralTurning.lean:9095:0: 'StrongPerimetralTurning.concreteForwardOccurrence' does not depend on any axioms
info: StrongPerimetralTurning.lean:9096:0: 'StrongPerimetralTurning.concreteBackwardOccurrence' does not depend on any axioms
info: StrongPerimetralTurning.lean:9097:0: 'StrongPerimetralTurning.concreteOccurrenceAgreement' does not depend on any axioms
info: StrongPerimetralTurning.lean:9098:0: 'StrongPerimetralTurning.exactlyInterpretHistory' does not depend on any axioms
info: StrongPerimetralTurning.lean:9099:0: 'StrongPerimetralTurning.ExactHistoryInterpretation.forwardOccurrence_injective' does not depend on any axioms
info: StrongPerimetralTurning.lean:9100:0: 'StrongPerimetralTurning.ExactHistoryInterpretation.pullbackReadout' does not depend on any axioms
info: StrongPerimetralTurning.lean:9101:0: 'StrongPerimetralTurning.ExactHistoryInterpretation.pushforwardReadout' does not depend on any axioms
info: StrongPerimetralTurning.lean:9102:0: 'StrongPerimetralTurning.ExactHistoryInterpretation.pullbackReadout_pushforwardReadout' does not depend on any axioms
info: StrongPerimetralTurning.lean:9103:0: 'StrongPerimetralTurning.ExactHistoryInterpretation.pushforwardReadout_pullbackReadout' does not depend on any axioms
info: StrongPerimetralTurning.lean:9104:0: 'StrongPerimetralTurning.ConcreteFaithfulPartialPath.reconstruct' does not depend on any axioms
info: StrongPerimetralTurning.lean:9105:0: 'StrongPerimetralTurning.interpretEveryFaithfulPartialRealization' does not depend on any axioms
info: StrongPerimetralTurning.lean:9106:0: 'StrongPerimetralTurning.Example.permutedExampleTrace' does not depend on any axioms
info: StrongPerimetralTurning.lean:9107:0: 'StrongPerimetralTurning.Example.permutedExampleRealization' does not depend on any axioms
info: StrongPerimetralTurning.lean:9108:0: 'StrongPerimetralTurning.Example.permutedExample_realizes_p1_at_one' does not depend on any axioms
info: StrongPerimetralTurning.lean:9109:0: 'StrongPerimetralTurning.Example.permutedExample_realizes_p2_at_zero' does not depend on any axioms
info: StrongPerimetralTurning.lean:9110:0: 'StrongPerimetralTurning.Example.permutedExample_realizes_p3_at_two' does not depend on any axioms
info: StrongPerimetralTurning.lean:9111:0: 'StrongPerimetralTurning.Example.permutedExample_reverses_first_two' does not depend on any axioms
info: StrongPerimetralTurning.lean:9112:0: 'StrongPerimetralTurning.Example.exampleP1_precedes_exampleP2' does not depend on any axioms
info: StrongPerimetralTurning.lean:9113:0: 'StrongPerimetralTurning.Example.permutedExample_not_order_preserved' does not depend on any axioms
info: StrongPerimetralTurning.lean:9114:0: 'StrongPerimetralTurning.Example.exampleExtra1Source' does not depend on any axioms
info: StrongPerimetralTurning.lean:9115:0: 'StrongPerimetralTurning.Example.exampleExtra1' does not depend on any axioms
info: StrongPerimetralTurning.lean:9116:0: 'StrongPerimetralTurning.Example.exampleExtra2Source' does not depend on any axioms
info: StrongPerimetralTurning.lean:9117:0: 'StrongPerimetralTurning.Example.exampleExtra2' does not depend on any axioms
info: StrongPerimetralTurning.lean:9118:0: 'StrongPerimetralTurning.Example.interleavedExampleTrace' does not depend on any axioms
info: StrongPerimetralTurning.lean:9119:0: 'StrongPerimetralTurning.Example.interleavedExampleRealization' does not depend on any axioms
info: StrongPerimetralTurning.lean:9120:0: 'StrongPerimetralTurning.Example.interleavedExample_realizes_p1_at_zero' does not depend on any axioms
info: StrongPerimetralTurning.lean:9121:0: 'StrongPerimetralTurning.Example.interleavedExample_realizes_p2_at_two' does not depend on any axioms
info: StrongPerimetralTurning.lean:9122:0: 'StrongPerimetralTurning.Example.interleavedExample_realizes_p3_at_four' does not depend on any axioms
info: StrongPerimetralTurning.lean:9123:0: 'StrongPerimetralTurning.Example.interleavedExample_order_preserved' does not depend on any axioms
info: StrongPerimetralTurning.lean:9124:0: 'StrongPerimetralTurning.Example.exampleCertificate' does not depend on any axioms
info: StrongPerimetralTurning.lean:9125:0: 'StrongPerimetralTurning.Example.exampleBeyondIsNotSamePerimeter' does not depend on any axioms
info: StrongPerimetralTurning.lean:9126:0: 'StrongPerimetralTurning.Example.exampleConcreteFirstPath' does not depend on any axioms
info: StrongPerimetralTurning.lean:9127:0: 'StrongPerimetralTurning.Example.exampleConcreteFirstRealization' does not depend on any axioms
info: StrongPerimetralTurning.lean:9128:0: 'StrongPerimetralTurning.Example.exampleConcreteInterpretation' does not depend on any axioms
info: StrongPerimetralTurning.lean:9129:0: 'StrongPerimetralTurning.Example.exampleFreshFormationRejectsPreviousRecord' does not depend on any axioms
info: StrongPerimetralTurning.lean:9130:0: 'StrongPerimetralTurning.Example.exampleHistoricalFirstProvenancePreserved' does not depend on any axioms
info: StrongPerimetralTurning.lean:9131:0: 'StrongPerimetralTurning.Example.exampleHistoricalRecordReadsFirst' does not depend on any axioms
info: StrongPerimetralTurning.lean:9132:0: 'StrongPerimetralTurning.Example.exampleCurrentTargetReadsSecond' does not depend on any axioms
info: StrongPerimetralTurning.lean:9133:0: 'StrongPerimetralTurning.Example.exampleHistoricalRecordAfterSecondStillReadsFirst' does not depend on any axioms
info: StrongPerimetralTurning.lean:9134:0: 'StrongPerimetralTurning.Example.exampleInitialObstructionStored' does not depend on any axioms
info: StrongPerimetralTurning.lean:9135:0: 'StrongPerimetralTurning.Example.exampleAfterFirstObstructionPreserved' does not depend on any axioms
info: StrongPerimetralTurning.lean:9136:0: 'StrongPerimetralTurning.Example.exampleFormationConsumesInitialObstruction' does not depend on any axioms
info: StrongPerimetralTurning.lean:9137:0: 'StrongPerimetralTurning.Example.exampleIntegratedProvenanceStored' does not depend on any axioms
info: StrongPerimetralTurning.lean:9138:0: 'StrongPerimetralTurning.Example.exampleRecoveredAfterFirstReadsStoredProvenance' does not depend on any axioms
info: StrongPerimetralTurning.lean:9139:0: 'StrongPerimetralTurning.Example.exampleRawFinalJunctionCompatibility' does not depend on any axioms
info: StrongPerimetralTurning.lean:9140:0: 'StrongPerimetralTurning.Example.exampleRawJunctionWithSeparatedEndpoints' does not depend on any axioms
info: StrongPerimetralTurning.lean:9141:0: 'StrongPerimetralTurning.Example.exampleFinalBoundaryOccurrence' does not depend on any axioms
info: StrongPerimetralTurning.lean:9142:0: 'StrongPerimetralTurning.Example.exampleFinalClosureInterpretation' does not depend on any axioms
info: StrongPerimetralTurning.lean:9143:0: 'StrongPerimetralTurning.Example.exampleActualFreeStep_source_is_fourth' does not depend on any axioms
info: StrongPerimetralTurning.lean:9144:0: 'StrongPerimetralTurning.Example.exampleActualFreeStep_target_is_beyondFirst' does not depend on any axioms
info: StrongPerimetralTurning.lean:9145:0: 'StrongPerimetralTurning.Example.exampleActualFreeStep_is_leaveBoundary' does not depend on any axioms
info: StrongPerimetralTurning.lean:9146:0: 'StrongPerimetralTurning.Example.exampleInvokedJunction_is_fourthToFirst' does not depend on any axioms
info: StrongPerimetralTurning.lean:9147:0: 'StrongPerimetralTurning.Example.exampleFinalObstruction_is_initial' does not depend on any axioms
info: StrongPerimetralTurning.lean:9148:0: 'StrongPerimetralTurning.Example.exampleFinalProvenance_is_origin' does not depend on any axioms
info: StrongPerimetralTurning.lean:9149:0: 'StrongPerimetralTurning.Example.exampleFinalFormationRecord_is_current' does not depend on any axioms
info: StrongPerimetralTurning.lean:9150:0: 'StrongPerimetralTurning.Example.exampleNoBilateralClosureAttemptAt' does not depend on any axioms
info: StrongPerimetralTurning.lean:9151:0: 'StrongPerimetralTurning.Example.exampleNoImplicitBilateralClosureAttemptAt' does not depend on any axioms
info: StrongPerimetralTurning.lean:9152:0: 'StrongPerimetralTurning.ExactConcreteRealization' does not depend on any axioms
info: StrongPerimetralTurning.lean:9153:0: 'StrongPerimetralTurning.ConcreteRegimeExit' does not depend on any axioms
info: StrongPerimetralTurning.lean:9154:0: 'StrongPerimetralTurning.PerimetralRegimeExit' does not depend on any axioms
info: StrongPerimetralTurning.lean:9155:0: 'StrongPerimetralTurning.PerimetralRegimeExit.toRegimeExit' does not depend on any axioms
info: StrongPerimetralTurning.lean:9156:0: 'StrongPerimetralTurning.UniformConcreteRegimeExit' does not depend on any axioms
info: StrongPerimetralTurning.lean:9157:0: 'StrongPerimetralTurning.UniformPerimetralRegimeExit' does not depend on any axioms
info: StrongPerimetralTurning.lean:9158:0: 'StrongPerimetralTurning.UniformPerimetralRegimeExit.toUniformRegimeExit' does not depend on any axioms
info: StrongPerimetralTurning.lean:9159:0: 'StrongPerimetralTurning.UniformPerimetralRegimeExit.atImplementation' does not depend on any axioms
info: StrongPerimetralTurning.lean:9160:0: 'StrongPerimetralTurning.UniformPerimetralRegimeExit.at_forget' does not depend on any axioms
info: StrongPerimetralTurning.lean:9161:0: 'StrongPerimetralTurning.UniformPerimetralRegimeExit.at_forget_named' does not depend on any axioms
info: StrongPerimetralTurning.lean:9162:0: 'StrongPerimetralTurning.oneStepUniformPerimetralRegimeExit' does not depend on any axioms
info: StrongPerimetralTurning.lean:9163:0: 'StrongPerimetralTurning.oneStepPerimetralRegimeExit' does not depend on any axioms
info: StrongPerimetralTurning.lean:9164:0: 'StrongPerimetralTurning.oneStepConcreteRegimeExit' does not depend on any axioms
info: StrongPerimetralTurning.lean:9165:0: 'StrongPerimetralTurning.HistoryAlignmentSpec' does not depend on any axioms
info: StrongPerimetralTurning.lean:9166:0: 'StrongPerimetralTurning.circularNormativeAdequacy' does not depend on any axioms
info: StrongPerimetralTurning.lean:9167:0: 'StrongPerimetralTurning.circularRefinement_adequateAlong' does not depend on any axioms
info: StrongPerimetralTurning.lean:9168:0: 'StrongPerimetralTurning.oneStepSpecRelativeHistoryExit' does not depend on any axioms
info: StrongPerimetralTurning.lean:9169:0: 'StrongPerimetralTurning.oneStepSpecRelativeHistoryExit_notSpecification' does not depend on any axioms
info: StrongPerimetralTurning.lean:9171:0: 'StrongPerimetralTurning.NonClosingNext' does not depend on any axioms
info: StrongPerimetralTurning.lean:9172:0: 'StrongPerimetralTurning.NonClosingNext.target_eq_source' does not depend on any axioms
info: StrongPerimetralTurning.lean:9173:0: 'StrongPerimetralTurning.generatedHistory_equalEndpoints_noOccurrence' does not depend on any axioms
info: StrongPerimetralTurning.lean:9174:0: 'StrongPerimetralTurning.SemanticTrace.Between' does not depend on any axioms
info: StrongPerimetralTurning.lean:9175:0: 'StrongPerimetralTurning.ExactSemanticBridgeSegment' does not depend on any axioms
info: StrongPerimetralTurning.lean:9176:0: 'StrongPerimetralTurning.EffectiveConstitutiveBridge' does not depend on any axioms
info: StrongPerimetralTurning.lean:9177:0: 'StrongPerimetralTurning.bridgeParticipation_between_empty_of_next' does not depend on any axioms
info: StrongPerimetralTurning.lean:9178:0: 'StrongPerimetralTurning.effectiveBridge_between_empty_of_next' does not depend on any axioms
info: StrongPerimetralTurning.lean:9179:0: 'StrongPerimetralTurning.Example.exampleP1_next_exampleP2' does not depend on any axioms
info: StrongPerimetralTurning.lean:9180:0: 'StrongPerimetralTurning.Example.exampleP2_next_exampleP3' does not depend on any axioms
info: StrongPerimetralTurning.lean:9181:0: 'StrongPerimetralTurning.Example.interleavedExample_extra1_between' does not depend on any axioms
info: StrongPerimetralTurning.lean:9182:0: 'StrongPerimetralTurning.Example.interleavedExample_extra2_between' does not depend on any axioms
info: StrongPerimetralTurning.lean:9183:0: 'StrongPerimetralTurning.Example.interleavedExample_no_effective_bridge_p1_p2' does not depend on any axioms
info: StrongPerimetralTurning.lean:9184:0: 'StrongPerimetralTurning.Example.interleavedExample_no_effective_bridge_p2_p3' does not depend on any axioms
info: StrongPerimetralTurning.lean:9186:0: 'StrongPerimetralTurning.History.OccurrencePrecedes' does not depend on any axioms
info: StrongPerimetralTurning.lean:9187:0: 'StrongPerimetralTurning.History.OccurrenceNext' does not depend on any axioms
info: StrongPerimetralTurning.lean:9188:0: 'StrongPerimetralTurning.History.OccurrenceNext.toPrecedes' does not depend on any axioms
info: StrongPerimetralTurning.lean:9189:0: 'StrongPerimetralTurning.History.OccurrencePrecedes.ne' does not depend on any axioms
info: StrongPerimetralTurning.lean:9190:0: 'StrongPerimetralTurning.History.OccurrencePrecedes.trichotomy' does not depend on any axioms
info: StrongPerimetralTurning.lean:9191:0: 'StrongPerimetralTurning.CursorReach.trans' does not depend on any axioms
info: StrongPerimetralTurning.lean:9192:0: 'StrongPerimetralTurning.CursorFuture.transReach' does not depend on any axioms
info: StrongPerimetralTurning.lean:9193:0: 'StrongPerimetralTurning.occurrenceSource_to_historyEndpoint_future' does not depend on any axioms
info: StrongPerimetralTurning.lean:9194:0: 'StrongPerimetralTurning.occurrenceTarget_to_historyEndpoint_reach' does not depend on any axioms
info: StrongPerimetralTurning.lean:9195:0: 'StrongPerimetralTurning.History.OccurrencePrecedes.sourceCursorFuture' does not depend on any axioms
info: StrongPerimetralTurning.lean:9196:0: 'StrongPerimetralTurning.History.OccurrencePrecedes.next_or_positiveGap' does not depend on any axioms
info: StrongPerimetralTurning.lean:9197:0: 'StrongPerimetralTurning.NonClosingPrecedes.ne' does not depend on any axioms
info: StrongPerimetralTurning.lean:9198:0: 'StrongPerimetralTurning.NonClosingNext.toPrecedes' does not depend on any axioms
info: StrongPerimetralTurning.lean:9199:0: 'StrongPerimetralTurning.positionSourceCursorReach' does not depend on any axioms
info: StrongPerimetralTurning.lean:9200:0: 'StrongPerimetralTurning.NonClosingPrecedes.sourceCursorFuture' does not depend on any axioms
info: StrongPerimetralTurning.lean:9201:0: 'StrongPerimetralTurning.ExactNonClosingRealization.realize_injective' does not depend on any axioms
info: StrongPerimetralTurning.lean:9202:0: 'StrongPerimetralTurning.ExactNonClosingRealization.preservesPrecedence' does not depend on any axioms
info: StrongPerimetralTurning.lean:9203:0: 'StrongPerimetralTurning.ExactNonClosingRealization.preservesNext' does not depend on any axioms
info: StrongPerimetralTurning.lean:9204:0: 'StrongPerimetralTurning.ExactNonClosingRealization.embedPerimeterOccurrence' does not depend on any axioms
info: StrongPerimetralTurning.lean:9205:0: 'StrongPerimetralTurning.ExactNonClosingRealization.embedPerimeterOccurrence_locatedStep' does not depend on any axioms
info: StrongPerimetralTurning.lean:9206:0: 'StrongPerimetralTurning.ExactNonClosingRealization.embedPerimeterOccurrence_injective' does not depend on any axioms
info: StrongPerimetralTurning.lean:9207:0: 'StrongPerimetralTurning.History.factorInitialGeneratedStep' does not depend on any axioms
info: StrongPerimetralTurning.lean:9208:0: 'StrongPerimetralTurning.History.extractRightOccurrenceAfterSingle' does not depend on any axioms
info: StrongPerimetralTurning.lean:9209:0: 'StrongPerimetralTurning.factorDeployRemainingFromExactOccurrences' does not depend on any axioms
info: StrongPerimetralTurning.lean:9210:0: 'StrongPerimetralTurning.ExactNonClosingRealization.toPerimeterExtension' does not depend on any axioms
info: StrongPerimetralTurning.lean:9211:0: 'StrongPerimetralTurning.CircularSpecificationSatisfaction.eq_perimeter' does not depend on any axioms
info: StrongPerimetralTurning.lean:9212:0: 'StrongPerimetralTurning.circularSpecification_complete' does not depend on any axioms
info: StrongPerimetralTurning.lean:9213:0: 'StrongPerimetralTurning.circularRefinement_soundSpecification' does not depend on any axioms
ℹ [6/142] Replayed RelationalPerimeter.Computation.ConstitutiveGeneration
info: RelationalPerimeter/Computation/ConstitutiveGeneration.lean:136:0: 'ConstitutiveSearch.ConstitutiveGeneration.positiveDepth_canonicalTarget' does not depend on any axioms
info: RelationalPerimeter/Computation/ConstitutiveGeneration.lean:137:0: 'ConstitutiveSearch.ConstitutiveGeneration.iteratedHistory' does not depend on any axioms
info: RelationalPerimeter/Computation/ConstitutiveGeneration.lean:138:0: 'ConstitutiveSearch.ConstitutiveGeneration.appendExactlyOneOccurrenceTransport' does not depend on any axioms
info: RelationalPerimeter/Computation/ConstitutiveGeneration.lean:139:0: 'ConstitutiveSearch.ConstitutiveGeneration.successorOccurrenceSplit' does not depend on any axioms
info: RelationalPerimeter/Computation/ConstitutiveGeneration.lean:140:0: 'ConstitutiveSearch.ConstitutiveGeneration.successorOccurrenceSplit_old' does not depend on any axioms
info: RelationalPerimeter/Computation/ConstitutiveGeneration.lean:141:0: 'ConstitutiveSearch.ConstitutiveGeneration.successorOccurrenceSplit_fresh' does not depend on any axioms
ℹ [7/142] Replayed RelationalPerimeter.Computation.ConstitutiveSearch.SearchSystem
info: RelationalPerimeter/Computation/ConstitutiveSearch/SearchSystem.lean:65:0: 'ConstitutiveSearch.SearchSystem' does not depend on any axioms
info: RelationalPerimeter/Computation/ConstitutiveSearch/SearchSystem.lean:66:0: 'ConstitutiveSearch.SearchSystem.Viable' does not depend on any axioms
info: RelationalPerimeter/Computation/ConstitutiveSearch/SearchSystem.lean:67:0: 'ConstitutiveSearch.SearchSystem.AcceptedContinuation' does not depend on any axioms
info: RelationalPerimeter/Computation/ConstitutiveSearch/SearchSystem.lean:68:0: 'ConstitutiveSearch.SearchSystem.viable_iff_nonempty_accepted' does not depend on any axioms
ℹ [8/142] Replayed RelationalPerimeter.Computation.ConstitutiveSearch.ContinuationTransport
info: RelationalPerimeter/Computation/ConstitutiveSearch/ContinuationTransport.lean:169:0: 'ConstitutiveSearch.ContinuationTransport' does not depend on any axioms
info: RelationalPerimeter/Computation/ConstitutiveSearch/ContinuationTransport.lean:170:0: 'ConstitutiveSearch.ContinuationTransport.trans' does not depend on any axioms
info: RelationalPerimeter/Computation/ConstitutiveSearch/ContinuationTransport.lean:171:0: 'ConstitutiveSearch.ContinuationTransport.preservesExistence' does not depend on any axioms
info: RelationalPerimeter/Computation/ConstitutiveSearch/ContinuationTransport.lean:172:0: 'ConstitutiveSearch.ExactBinarySplit' does not depend on any axioms
info: RelationalPerimeter/Computation/ConstitutiveSearch/ContinuationTransport.lean:173:0: 'ConstitutiveSearch.ExactBinarySplit.eliminateLeft' does not depend on any axioms
info: RelationalPerimeter/Computation/ConstitutiveSearch/ContinuationTransport.lean:174:0: 'ConstitutiveSearch.ExactBinarySplit.eliminateRight' does not depend on any axioms
ℹ [9/142] Replayed RelationalPerimeter.Computation.ConstitutiveSearch.AcceptingTransport
info: RelationalPerimeter/Computation/ConstitutiveSearch/AcceptingTransport.lean:102:0: 'ConstitutiveSearch.AcceptingContinuationTransport' does not depend on any axioms
info: RelationalPerimeter/Computation/ConstitutiveSearch/AcceptingTransport.lean:103:0: 'ConstitutiveSearch.AcceptingContinuationTransport.identity' does not depend on any axioms
info: RelationalPerimeter/Computation/ConstitutiveSearch/AcceptingTransport.lean:104:0: 'ConstitutiveSearch.AcceptingContinuationTransport.trans' does not depend on any axioms
info: RelationalPerimeter/Computation/ConstitutiveSearch/AcceptingTransport.lean:105:0: 'ConstitutiveSearch.AcceptingContinuationTransport.toStructuralTransport' does not depend on any axioms
info: RelationalPerimeter/Computation/ConstitutiveSearch/AcceptingTransport.lean:106:0: 'ConstitutiveSearch.AcceptingContinuationTransport.preservesViable' does not depend on any axioms
info: RelationalPerimeter/Computation/ConstitutiveSearch/AcceptingTransport.lean:107:0: 'ConstitutiveSearch.AcceptingContinuationTransport.toAcceptedTransport' does not depend on any axioms
ℹ [10/142] Replayed RelationalPerimeter.Computation.ConstitutiveSearch.AcceptedSplit
info: RelationalPerimeter/Computation/ConstitutiveSearch/AcceptedSplit.lean:121:0: 'ConstitutiveSearch.BinaryAccept' does not depend on any axioms
info: RelationalPerimeter/Computation/ConstitutiveSearch/AcceptedSplit.lean:122:0: 'ConstitutiveSearch.AcceptingExactBinarySplit' does not depend on any axioms
info: RelationalPerimeter/Computation/ConstitutiveSearch/AcceptedSplit.lean:123:0: 'ConstitutiveSearch.AcceptingExactBinarySplit.toStructuralSplit' does not depend on any axioms
info: RelationalPerimeter/Computation/ConstitutiveSearch/AcceptedSplit.lean:124:0: 'ConstitutiveSearch.AcceptingExactBinarySplit.viable_iff' does not depend on any axioms
ℹ [11/142] Replayed RelationalPerimeter.Computation.ConstitutiveSearch.FrontierReduction
info: RelationalPerimeter/Computation/ConstitutiveSearch/FrontierReduction.lean:156:0: 'ConstitutiveSearch.FrontierCompletion' does not depend on any axioms
info: RelationalPerimeter/Computation/ConstitutiveSearch/FrontierReduction.lean:157:0: 'ConstitutiveSearch.FrontierCompletion.expandHead' does not depend on any axioms
info: RelationalPerimeter/Computation/ConstitutiveSearch/FrontierReduction.lean:158:0: 'ConstitutiveSearch.FrontierCompletion.absorbFirstIntoSecond' does not depend on any axioms
info: RelationalPerimeter/Computation/ConstitutiveSearch/FrontierReduction.lean:159:0: 'ConstitutiveSearch.FrontierCompletion.absorbSecondIntoFirst' does not depend on any axioms
info: RelationalPerimeter/Computation/ConstitutiveSearch/FrontierReduction.lean:160:0: 'ConstitutiveSearch.FrontierCompletion.expandThenAbsorbLeft' does not depend on any axioms
info: RelationalPerimeter/Computation/ConstitutiveSearch/FrontierReduction.lean:161:0: 'ConstitutiveSearch.FrontierCompletion.expandThenAbsorbRight' does not depend on any axioms
ℹ [12/142] Replayed RelationalPerimeter.Computation.ConstitutiveSearch.AcceptedFrontier
info: RelationalPerimeter/Computation/ConstitutiveSearch/AcceptedFrontier.lean:270:0: 'ConstitutiveSearch.FrontierAccept' does not depend on any axioms
info: RelationalPerimeter/Computation/ConstitutiveSearch/AcceptedFrontier.lean:271:0: 'ConstitutiveSearch.SearchSystem.frontierSystem' does not depend on any axioms
info: RelationalPerimeter/Computation/ConstitutiveSearch/AcceptedFrontier.lean:272:0: 'ConstitutiveSearch.FrontierViable' does not depend on any axioms
info: RelationalPerimeter/Computation/ConstitutiveSearch/AcceptedFrontier.lean:273:0: 'ConstitutiveSearch.AcceptingFrontierTransport.expandHead' does not depend on any axioms
info: RelationalPerimeter/Computation/ConstitutiveSearch/AcceptedFrontier.lean:274:0: 'ConstitutiveSearch.AcceptingFrontierTransport.contractExpandedHead' does not depend on any axioms
info: RelationalPerimeter/Computation/ConstitutiveSearch/AcceptedFrontier.lean:275:0: 'ConstitutiveSearch.AcceptingFrontierTransport.absorbFirstIntoSecond' does not depend on any axioms
info: RelationalPerimeter/Computation/ConstitutiveSearch/AcceptedFrontier.lean:276:0: 'ConstitutiveSearch.AcceptingFrontierTransport.absorbSecondIntoFirst' does not depend on any axioms
info: RelationalPerimeter/Computation/ConstitutiveSearch/AcceptedFrontier.lean:277:0: 'ConstitutiveSearch.AcceptingFrontierTransport.includeAfterAbsorbFirst' does not depend on any axioms
info: RelationalPerimeter/Computation/ConstitutiveSearch/AcceptedFrontier.lean:278:0: 'ConstitutiveSearch.AcceptingFrontierTransport.includeAfterAbsorbSecond' does not depend on any axioms
ℹ [13/142] Replayed RelationalPerimeter.Computation.ConstitutiveSearch.AcceptedFrontierPreservation
info: RelationalPerimeter/Computation/ConstitutiveSearch/AcceptedFrontierPreservation.lean:108:0: 'ConstitutiveSearch.AcceptedFrontierPreservation' does not depend on any axioms
info: RelationalPerimeter/Computation/ConstitutiveSearch/AcceptedFrontierPreservation.lean:109:0: 'ConstitutiveSearch.AcceptedFrontierPreservation.identity' does not depend on any axioms
info: RelationalPerimeter/Computation/ConstitutiveSearch/AcceptedFrontierPreservation.lean:110:0: 'ConstitutiveSearch.AcceptedFrontierPreservation.trans' does not depend on any axioms
info: RelationalPerimeter/Computation/ConstitutiveSearch/AcceptedFrontierPreservation.lean:111:0: 'ConstitutiveSearch.AcceptedFrontierPreservation.viable_iff' does not depend on any axioms
info: RelationalPerimeter/Computation/ConstitutiveSearch/AcceptedFrontierPreservation.lean:112:0: 'ConstitutiveSearch.AcceptedFrontierPreservation.expandHead' does not depend on any axioms
info: RelationalPerimeter/Computation/ConstitutiveSearch/AcceptedFrontierPreservation.lean:113:0: 'ConstitutiveSearch.AcceptedFrontierPreservation.absorbFirstIntoSecond' does not depend on any axioms
info: RelationalPerimeter/Computation/ConstitutiveSearch/AcceptedFrontierPreservation.lean:114:0: 'ConstitutiveSearch.AcceptedFrontierPreservation.absorbSecondIntoFirst' does not depend on any axioms
ℹ [14/142] Replayed RelationalPerimeter.Computation.ConstitutiveSearch.RelationalTransport
info: RelationalPerimeter/Computation/ConstitutiveSearch/RelationalTransport.lean:186:0: 'ConstitutiveSearch.RelationalContinuationAction' does not depend on any axioms
info: RelationalPerimeter/Computation/ConstitutiveSearch/RelationalTransport.lean:187:0: 'ConstitutiveSearch.RelationalContinuationAction.toTransport' does not depend on any axioms
info: RelationalPerimeter/Computation/ConstitutiveSearch/RelationalTransport.lean:188:0: 'ConstitutiveSearch.RelationSearch' does not depend on any axioms
info: RelationalPerimeter/Computation/ConstitutiveSearch/RelationalTransport.lean:189:0: 'ConstitutiveSearch.RelationSearch.findTransport' does not depend on any axioms
info: RelationalPerimeter/Computation/ConstitutiveSearch/RelationalTransport.lean:190:0: 'ConstitutiveSearch.PairSearchResult' does not depend on any axioms
info: RelationalPerimeter/Computation/ConstitutiveSearch/RelationalTransport.lean:191:0: 'ConstitutiveSearch.RelationSearch.classifyPair' does not depend on any axioms
ℹ [15/142] Replayed RelationalPerimeter.Computation.ConstitutiveSearch.IrreducibleFrontier
info: RelationalPerimeter/Computation/ConstitutiveSearch/IrreducibleFrontier.lean:221:0: 'ConstitutiveSearch.SearchIrreducible' does not depend on any axioms
info: RelationalPerimeter/Computation/ConstitutiveSearch/IrreducibleFrontier.lean:222:0: 'ConstitutiveSearch.CertifiedPairSearchResult' does not depend on any axioms
info: RelationalPerimeter/Computation/ConstitutiveSearch/IrreducibleFrontier.lean:223:0: 'ConstitutiveSearch.RelationSearch.classifyPairCertified' does not depend on any axioms
info: RelationalPerimeter/Computation/ConstitutiveSearch/IrreducibleFrontier.lean:224:0: 'ConstitutiveSearch.PairFrontierReduction' does not depend on any axioms
info: RelationalPerimeter/Computation/ConstitutiveSearch/IrreducibleFrontier.lean:225:0: 'ConstitutiveSearch.reduceCertifiedPair' does not depend on any axioms
info: RelationalPerimeter/Computation/ConstitutiveSearch/IrreducibleFrontier.lean:226:0: 'ConstitutiveSearch.reducePair' does not depend on any axioms
ℹ [16/142] Replayed RelationalPerimeter.Computation.ConstitutiveSearch.AcceptedRelationalTransport
info: RelationalPerimeter/Computation/ConstitutiveSearch/AcceptedRelationalTransport.lean:129:0: 'ConstitutiveSearch.AcceptedRelationalAction' does not depend on any axioms
info: RelationalPerimeter/Computation/ConstitutiveSearch/AcceptedRelationalTransport.lean:130:0: 'ConstitutiveSearch.AcceptedRelationalAction.preservesViable' does not depend on any axioms
info: RelationalPerimeter/Computation/ConstitutiveSearch/AcceptedRelationalTransport.lean:131:0: 'ConstitutiveSearch.AcceptedRelationalAction.absorbFirstIntoSecond' does not depend on any axioms
info: RelationalPerimeter/Computation/ConstitutiveSearch/AcceptedRelationalTransport.lean:132:0: 'ConstitutiveSearch.AcceptedRelationalAction.absorbSecondIntoFirst' does not depend on any axioms
info: RelationalPerimeter/Computation/ConstitutiveSearch/AcceptedRelationalTransport.lean:133:0: 'ConstitutiveSearch.RelationSearch.findAcceptedTransport' does not depend on any axioms
info: RelationalPerimeter/Computation/ConstitutiveSearch/AcceptedRelationalTransport.lean:134:0: 'ConstitutiveSearch.PairSearchResult.acceptedForwardTransport?' does not depend on any axioms
info: RelationalPerimeter/Computation/ConstitutiveSearch/AcceptedRelationalTransport.lean:135:0: 'ConstitutiveSearch.PairSearchResult.acceptedBackwardTransport?' does not depend on any axioms
ℹ [17/142] Replayed RelationalPerimeter.Computation.ConstitutiveSearch.AcceptedFrontierNormalization
info: RelationalPerimeter/Computation/ConstitutiveSearch/AcceptedFrontierNormalization.lean:353:0: 'ConstitutiveSearch.AcceptingFrontierTransport.swapFirstTwo' does not depend on any axioms
info: RelationalPerimeter/Computation/ConstitutiveSearch/AcceptedFrontierNormalization.lean:354:0: 'ConstitutiveSearch.AcceptingFrontierTransport.prepend' does not depend on any axioms
info: RelationalPerimeter/Computation/ConstitutiveSearch/AcceptedFrontierNormalization.lean:355:0: 'ConstitutiveSearch.AcceptedFrontierPreservation.swapFirstTwo' does not depend on any axioms
info: RelationalPerimeter/Computation/ConstitutiveSearch/AcceptedFrontierNormalization.lean:356:0: 'ConstitutiveSearch.AcceptedFrontierPreservation.prepend' does not depend on any axioms
info: RelationalPerimeter/Computation/ConstitutiveSearch/AcceptedFrontierNormalization.lean:357:0: 'ConstitutiveSearch.AcceptedInsertIrreducibleReduction' does not depend on any axioms
info: RelationalPerimeter/Computation/ConstitutiveSearch/AcceptedFrontierNormalization.lean:358:0: 'ConstitutiveSearch.AcceptedInsertIrreducibleReduction.viable_iff' does not depend on any axioms
info: RelationalPerimeter/Computation/ConstitutiveSearch/AcceptedFrontierNormalization.lean:359:0: 'ConstitutiveSearch.insertAcceptedIntoIrreducible' does not depend on any axioms
info: RelationalPerimeter/Computation/ConstitutiveSearch/AcceptedFrontierNormalization.lean:360:0: 'ConstitutiveSearch.AcceptedIrreducibleFrontierReduction' does not depend on any axioms
info: RelationalPerimeter/Computation/ConstitutiveSearch/AcceptedFrontierNormalization.lean:361:0: 'ConstitutiveSearch.AcceptedIrreducibleFrontierReduction.viable_iff' does not depend on any axioms
info: RelationalPerimeter/Computation/ConstitutiveSearch/AcceptedFrontierNormalization.lean:362:0: 'ConstitutiveSearch.normalizeAcceptedFrontier' does not depend on any axioms
info: RelationalPerimeter/Computation/ConstitutiveSearch/AcceptedFrontierNormalization.lean:363:0: 'ConstitutiveSearch.normalizedAcceptedWidth' does not depend on any axioms
ℹ [18/142] Replayed RelationalPerimeter.Computation.ConstitutiveSearch.SAT.ConstraintTransport
info: RelationalPerimeter/Computation/ConstitutiveSearch/SAT/ConstraintTransport.lean:185:0: 'ConstitutiveSearch.SAT.Literal' does not depend on any axioms
info: RelationalPerimeter/Computation/ConstitutiveSearch/SAT/ConstraintTransport.lean:186:0: 'ConstitutiveSearch.SAT.Clause.eval' does not depend on any axioms
info: RelationalPerimeter/Computation/ConstitutiveSearch/SAT/ConstraintTransport.lean:187:0: 'ConstitutiveSearch.SAT.Satisfies' does not depend on any axioms
info: RelationalPerimeter/Computation/ConstitutiveSearch/SAT/ConstraintTransport.lean:188:0: 'ConstitutiveSearch.SAT.CnfWeakening' does not depend on any axioms
info: RelationalPerimeter/Computation/ConstitutiveSearch/SAT/ConstraintTransport.lean:189:0: 'ConstitutiveSearch.SAT.CnfWeakening.preservesSatisfaction' does not depend on any axioms
info: RelationalPerimeter/Computation/ConstitutiveSearch/SAT/ConstraintTransport.lean:190:0: 'ConstitutiveSearch.SAT.CnfWeakening.toTransport' does not depend on any axioms
info: RelationalPerimeter/Computation/ConstitutiveSearch/SAT/ConstraintTransport.lean:191:0: 'ConstitutiveSearch.SAT.CnfWeakening.find' does not depend on any axioms
info: RelationalPerimeter/Computation/ConstitutiveSearch/SAT/ConstraintTransport.lean:192:0: 'ConstitutiveSearch.SAT.weakeningAction' does not depend on any axioms
info: RelationalPerimeter/Computation/ConstitutiveSearch/SAT/ConstraintTransport.lean:193:0: 'ConstitutiveSearch.SAT.weakeningSearch' does not depend on any axioms
ℹ [19/142] Replayed RelationalPerimeter.Computation.ConstitutiveSearch.SAT.AcceptedSAT
info: RelationalPerimeter/Computation/ConstitutiveSearch/SAT/AcceptedSAT.lean:68:0: 'ConstitutiveSearch.SAT.satSystem' does not depend on any axioms
info: RelationalPerimeter/Computation/ConstitutiveSearch/SAT/AcceptedSAT.lean:69:0: 'ConstitutiveSearch.SAT.CnfWeakening.toAcceptingTransport' does not depend on any axioms
info: RelationalPerimeter/Computation/ConstitutiveSearch/SAT/AcceptedSAT.lean:70:0: 'ConstitutiveSearch.SAT.CnfWeakening.preservesViable' does not depend on any axioms
info: RelationalPerimeter/Computation/ConstitutiveSearch/SAT/AcceptedSAT.lean:71:0: 'ConstitutiveSearch.SAT.absorbByWeakening' does not depend on any axioms
ℹ [20/142] Replayed RelationalPerimeter.Computation.ConstitutiveSearch.SAT.AcceptedBinaryBranch
info: RelationalPerimeter/Computation/ConstitutiveSearch/SAT/AcceptedBinaryBranch.lean:198:0: 'ConstitutiveSearch.SAT.FixedAssignment' does not depend on any axioms
info: RelationalPerimeter/Computation/ConstitutiveSearch/SAT/AcceptedBinaryBranch.lean:199:0: 'ConstitutiveSearch.SAT.bool_true_of_not_false_for_split' does not depend on any axioms
info: RelationalPerimeter/Computation/ConstitutiveSearch/SAT/AcceptedBinaryBranch.lean:200:0: 'ConstitutiveSearch.SAT.splitAssignment' does not depend on any axioms
info: RelationalPerimeter/Computation/ConstitutiveSearch/SAT/AcceptedBinaryBranch.lean:201:0: 'ConstitutiveSearch.SAT.merge_split_assignment' does not depend on any axioms
info: RelationalPerimeter/Computation/ConstitutiveSearch/SAT/AcceptedBinaryBranch.lean:202:0: 'ConstitutiveSearch.SAT.split_merge_assignment' does not depend on any axioms
info: RelationalPerimeter/Computation/ConstitutiveSearch/SAT/AcceptedBinaryBranch.lean:203:0: 'ConstitutiveSearch.SAT.StructuralVariableBranchState' does not depend on any axioms
info: RelationalPerimeter/Computation/ConstitutiveSearch/SAT/AcceptedBinaryBranch.lean:204:0: 'ConstitutiveSearch.SAT.StructuralVariableBranchContinuation' does not depend on any axioms
info: RelationalPerimeter/Computation/ConstitutiveSearch/SAT/AcceptedBinaryBranch.lean:205:0: 'ConstitutiveSearch.SAT.StructuralVariableBranchAccept' does not depend on any axioms
info: RelationalPerimeter/Computation/ConstitutiveSearch/SAT/AcceptedBinaryBranch.lean:206:0: 'ConstitutiveSearch.SAT.structuralVariableBranchSystem' does not depend on any axioms
info: RelationalPerimeter/Computation/ConstitutiveSearch/SAT/AcceptedBinaryBranch.lean:207:0: 'ConstitutiveSearch.SAT.structuralVariableBranchSplit' does not depend on any axioms
info: RelationalPerimeter/Computation/ConstitutiveSearch/SAT/AcceptedBinaryBranch.lean:208:0: 'ConstitutiveSearch.SAT.structural_branch_viable_iff' does not depend on any axioms
ℹ [21/142] Replayed RelationalPerimeter.Computation.ConstitutiveSearch.SAT.BinaryBranch
info: RelationalPerimeter/Computation/ConstitutiveSearch/SAT/BinaryBranch.lean:151:0: 'ConstitutiveSearch.SAT.ValueIndexedCompletion' does not depend on any axioms
info: RelationalPerimeter/Computation/ConstitutiveSearch/SAT/BinaryBranch.lean:152:0: 'ConstitutiveSearch.SAT.ValueIndexedCompletion.underlying' does not depend on any axioms
info: RelationalPerimeter/Computation/ConstitutiveSearch/SAT/BinaryBranch.lean:153:0: 'ConstitutiveSearch.SAT.VariableBranchState' does not depend on any axioms
info: RelationalPerimeter/Computation/ConstitutiveSearch/SAT/BinaryBranch.lean:154:0: 'ConstitutiveSearch.SAT.VariableBranchCompletion' does not depend on any axioms
info: RelationalPerimeter/Computation/ConstitutiveSearch/SAT/BinaryBranch.lean:155:0: 'ConstitutiveSearch.SAT.parentIndexing' does not depend on any axioms
info: RelationalPerimeter/Computation/ConstitutiveSearch/SAT/BinaryBranch.lean:156:0: 'ConstitutiveSearch.SAT.variableBranchSplit' does not depend on any axioms
info: RelationalPerimeter/Computation/ConstitutiveSearch/SAT/BinaryBranch.lean:157:0: 'ConstitutiveSearch.SAT.splitCompletion' does not depend on any axioms
info: RelationalPerimeter/Computation/ConstitutiveSearch/SAT/BinaryBranch.lean:158:0: 'ConstitutiveSearch.SAT.merge_split_completion' does not depend on any axioms
ℹ [22/142] Replayed RelationalPerimeter.Computation.ConstitutiveSearch.SAT.RestrictionTransport
info: RelationalPerimeter/Computation/ConstitutiveSearch/SAT/RestrictionTransport.lean:329:0: 'ConstitutiveSearch.SAT.Literal.forValue' does not depend on any axioms
info: RelationalPerimeter/Computation/ConstitutiveSearch/SAT/RestrictionTransport.lean:330:0: 'ConstitutiveSearch.SAT.Literal.eval_forValue_true' does not depend on any axioms
info: RelationalPerimeter/Computation/ConstitutiveSearch/SAT/RestrictionTransport.lean:331:0: 'ConstitutiveSearch.SAT.Clause.containsLiteral' does not depend on any axioms
info: RelationalPerimeter/Computation/ConstitutiveSearch/SAT/RestrictionTransport.lean:332:0: 'ConstitutiveSearch.SAT.Clause.eval_true_of_containsLiteral' does not depend on any axioms
info: RelationalPerimeter/Computation/ConstitutiveSearch/SAT/RestrictionTransport.lean:333:0: 'ConstitutiveSearch.SAT.branchResidual' does not depend on any axioms
info: RelationalPerimeter/Computation/ConstitutiveSearch/SAT/RestrictionTransport.lean:334:0: 'ConstitutiveSearch.SAT.branchWeakening' does not depend on any axioms
info: RelationalPerimeter/Computation/ConstitutiveSearch/SAT/RestrictionTransport.lean:335:0: 'ConstitutiveSearch.SAT.branchResidual_cons_hit' does not depend on any axioms
info: RelationalPerimeter/Computation/ConstitutiveSearch/SAT/RestrictionTransport.lean:336:0: 'ConstitutiveSearch.SAT.branchResidual_cons_miss' does not depend on any axioms
info: RelationalPerimeter/Computation/ConstitutiveSearch/SAT/RestrictionTransport.lean:337:0: 'ConstitutiveSearch.SAT.restoreSatisfaction' does not depend on any axioms
info: RelationalPerimeter/Computation/ConstitutiveSearch/SAT/RestrictionTransport.lean:338:0: 'ConstitutiveSearch.SAT.BranchReductionResult' does not depend on any axioms
info: RelationalPerimeter/Computation/ConstitutiveSearch/SAT/RestrictionTransport.lean:339:0: 'ConstitutiveSearch.SAT.branchReduction' does not depend on any axioms
info: RelationalPerimeter/Computation/ConstitutiveSearch/SAT/RestrictionTransport.lean:340:0: 'ConstitutiveSearch.SAT.ResidualBranchCompletion' does not depend on any axioms
info: RelationalPerimeter/Computation/ConstitutiveSearch/SAT/RestrictionTransport.lean:341:0: 'ConstitutiveSearch.SAT.branchToResidual' does not depend on any axioms
info: RelationalPerimeter/Computation/ConstitutiveSearch/SAT/RestrictionTransport.lean:342:0: 'ConstitutiveSearch.SAT.residualToBranch' does not depend on any axioms
info: RelationalPerimeter/Computation/ConstitutiveSearch/SAT/RestrictionTransport.lean:343:0: 'ConstitutiveSearch.SAT.branchToResidualTransport' does not depend on any axioms
info: RelationalPerimeter/Computation/ConstitutiveSearch/SAT/RestrictionTransport.lean:344:0: 'ConstitutiveSearch.SAT.residualToBranchTransport' does not depend on any axioms
info: RelationalPerimeter/Computation/ConstitutiveSearch/SAT/RestrictionTransport.lean:345:0: 'ConstitutiveSearch.SAT.branch_residual_nonempty_iff' does not depend on any axioms
ℹ [23/142] Replayed RelationalPerimeter.Computation.ConstitutiveSearch.SAT.StructuralBranchContext
info: RelationalPerimeter/Computation/ConstitutiveSearch/SAT/StructuralBranchContext.lean:255:0: 'ConstitutiveSearch.SAT.StructuralBranchDecision' does not depend on any axioms
info: RelationalPerimeter/Computation/ConstitutiveSearch/SAT/StructuralBranchContext.lean:256:0: 'ConstitutiveSearch.SAT.StructuralDecisionsHold' does not depend on any axioms
info: RelationalPerimeter/Computation/ConstitutiveSearch/SAT/StructuralBranchContext.lean:257:0: 'ConstitutiveSearch.SAT.StructuralBranchContext' does not depend on any axioms
info: RelationalPerimeter/Computation/ConstitutiveSearch/SAT/StructuralBranchContext.lean:258:0: 'ConstitutiveSearch.SAT.StructuralBranchContinuation' does not depend on any axioms
info: RelationalPerimeter/Computation/ConstitutiveSearch/SAT/StructuralBranchContext.lean:259:0: 'ConstitutiveSearch.SAT.StructuralBranchAccept' does not depend on any axioms
info: RelationalPerimeter/Computation/ConstitutiveSearch/SAT/StructuralBranchContext.lean:260:0: 'ConstitutiveSearch.SAT.structuralBranchContextSystem' does not depend on any axioms
info: RelationalPerimeter/Computation/ConstitutiveSearch/SAT/StructuralBranchContext.lean:261:0: 'ConstitutiveSearch.SAT.structuralRootContext' does not depend on any axioms
info: RelationalPerimeter/Computation/ConstitutiveSearch/SAT/StructuralBranchContext.lean:262:0: 'ConstitutiveSearch.SAT.structuralChildContext' does not depend on any axioms
info: RelationalPerimeter/Computation/ConstitutiveSearch/SAT/StructuralBranchContext.lean:263:0: 'ConstitutiveSearch.SAT.splitStructuralContextContinuation' does not depend on any axioms
info: RelationalPerimeter/Computation/ConstitutiveSearch/SAT/StructuralBranchContext.lean:264:0: 'ConstitutiveSearch.SAT.merge_split_structural_context' does not depend on any axioms
info: RelationalPerimeter/Computation/ConstitutiveSearch/SAT/StructuralBranchContext.lean:265:0: 'ConstitutiveSearch.SAT.split_merge_structural_context' does not depend on any axioms
info: RelationalPerimeter/Computation/ConstitutiveSearch/SAT/StructuralBranchContext.lean:266:0: 'ConstitutiveSearch.SAT.structuralContextSplit' does not depend on any axioms
info: RelationalPerimeter/Computation/ConstitutiveSearch/SAT/StructuralBranchContext.lean:267:0: 'ConstitutiveSearch.SAT.structuralContextExpansion' does not depend on any axioms
ℹ [24/142] Replayed RelationalPerimeter.Computation.ConstitutiveSearch.SAT.GeneratedStructuralContext
info: RelationalPerimeter/Computation/ConstitutiveSearch/SAT/GeneratedStructuralContext.lean:329:0: 'ConstitutiveSearch.SAT.StructuralDecisionsAvoid' does not depend on any axioms
info: RelationalPerimeter/Computation/ConstitutiveSearch/SAT/GeneratedStructuralContext.lean:330:0: 'ConstitutiveSearch.SAT.structuralDecisionsAvoidCheck' does not depend on any axioms
info: RelationalPerimeter/Computation/ConstitutiveSearch/SAT/GeneratedStructuralContext.lean:331:0: 'ConstitutiveSearch.SAT.structuralDecisionsAvoid_of_check_true' does not depend on any axioms
info: RelationalPerimeter/Computation/ConstitutiveSearch/SAT/GeneratedStructuralContext.lean:332:0: 'ConstitutiveSearch.SAT.StructuralGeneratedFrom' does not depend on any axioms
info: RelationalPerimeter/Computation/ConstitutiveSearch/SAT/GeneratedStructuralContext.lean:333:0: 'ConstitutiveSearch.SAT.StructuralGeneratedFrom.depth' does not depend on any axioms
info: RelationalPerimeter/Computation/ConstitutiveSearch/SAT/GeneratedStructuralContext.lean:334:0: 'ConstitutiveSearch.SAT.GeneratedStructuralBranchContext' does not depend on any axioms
info: RelationalPerimeter/Computation/ConstitutiveSearch/SAT/GeneratedStructuralContext.lean:335:0: 'ConstitutiveSearch.SAT.GeneratedStructuralBranchContext.root' does not depend on any axioms
info: RelationalPerimeter/Computation/ConstitutiveSearch/SAT/GeneratedStructuralContext.lean:336:0: 'ConstitutiveSearch.SAT.GeneratedStructuralBranchContext.child' does not depend on any axioms
info: RelationalPerimeter/Computation/ConstitutiveSearch/SAT/GeneratedStructuralContext.lean:337:0: 'ConstitutiveSearch.SAT.GeneratedStructuralBranchContext.depth' does not depend on any axioms
info: RelationalPerimeter/Computation/ConstitutiveSearch/SAT/GeneratedStructuralContext.lean:338:0: 'ConstitutiveSearch.SAT.GeneratedStructuralBranchContinuation' does not depend on any axioms
info: RelationalPerimeter/Computation/ConstitutiveSearch/SAT/GeneratedStructuralContext.lean:339:0: 'ConstitutiveSearch.SAT.GeneratedStructuralBranchAccept' does not depend on any axioms
info: RelationalPerimeter/Computation/ConstitutiveSearch/SAT/GeneratedStructuralContext.lean:340:0: 'ConstitutiveSearch.SAT.generatedStructuralBranchSystem' does not depend on any axioms
info: RelationalPerimeter/Computation/ConstitutiveSearch/SAT/GeneratedStructuralContext.lean:341:0: 'ConstitutiveSearch.SAT.generatedStructuralSplit' does not depend on any axioms
info: RelationalPerimeter/Computation/ConstitutiveSearch/SAT/GeneratedStructuralContext.lean:342:0: 'ConstitutiveSearch.SAT.generatedStructuralExpansion' does not depend on any axioms
ℹ [25/142] Replayed RelationalPerimeter.Computation.ConstitutiveSearch.ConstitutiveWidth
info: RelationalPerimeter/Computation/ConstitutiveSearch/ConstitutiveWidth.lean:151:0: 'ConstitutiveSearch.IrreducibleFrontierReduction' does not depend on any axioms
info: RelationalPerimeter/Computation/ConstitutiveSearch/ConstitutiveWidth.lean:152:0: 'ConstitutiveSearch.IrreducibleFrontierReduction.width' does not depend on any axioms
info: RelationalPerimeter/Computation/ConstitutiveSearch/ConstitutiveWidth.lean:153:0: 'ConstitutiveSearch.IrreducibleFrontierReduction.identity' does not depend on any axioms
info: RelationalPerimeter/Computation/ConstitutiveSearch/ConstitutiveWidth.lean:154:0: 'ConstitutiveSearch.IrreducibleFrontierReduction.empty' does not depend on any axioms
info: RelationalPerimeter/Computation/ConstitutiveSearch/ConstitutiveWidth.lean:155:0: 'ConstitutiveSearch.IrreducibleFrontierReduction.singleton' does not depend on any axioms
info: RelationalPerimeter/Computation/ConstitutiveSearch/ConstitutiveWidth.lean:156:0: 'ConstitutiveSearch.IrreducibleFrontierReduction.ofPair' does not depend on any axioms
info: RelationalPerimeter/Computation/ConstitutiveSearch/ConstitutiveWidth.lean:157:0: 'ConstitutiveSearch.IrreducibleFrontierReduction.ofPair_width' does not depend on any axioms
info: RelationalPerimeter/Computation/ConstitutiveSearch/ConstitutiveWidth.lean:158:0: 'ConstitutiveSearch.IrreducibleFrontierReduction.preservesExistence' does not depend on any axioms
ℹ [26/142] Replayed RelationalPerimeter.Computation.ConstitutiveSearch.SAT.ResidualFlipTransport
info: RelationalPerimeter/Computation/ConstitutiveSearch/SAT/ResidualFlipTransport.lean:285:0: 'ConstitutiveSearch.SAT.Assignment.flipAt' does not depend on any axioms
info: RelationalPerimeter/Computation/ConstitutiveSearch/SAT/ResidualFlipTransport.lean:286:0: 'ConstitutiveSearch.SAT.Assignment.flipAt_selected' does not depend on any axioms
info: RelationalPerimeter/Computation/ConstitutiveSearch/SAT/ResidualFlipTransport.lean:287:0: 'ConstitutiveSearch.SAT.Assignment.flipAt_other' does not depend on any axioms
info: RelationalPerimeter/Computation/ConstitutiveSearch/SAT/ResidualFlipTransport.lean:288:0: 'ConstitutiveSearch.SAT.Literal.flipAt' does not depend on any axioms
info: RelationalPerimeter/Computation/ConstitutiveSearch/SAT/ResidualFlipTransport.lean:289:0: 'ConstitutiveSearch.SAT.Literal.eval_flipAt' does not depend on any axioms
info: RelationalPerimeter/Computation/ConstitutiveSearch/SAT/ResidualFlipTransport.lean:290:0: 'ConstitutiveSearch.SAT.Clause.flipAt' does not depend on any axioms
info: RelationalPerimeter/Computation/ConstitutiveSearch/SAT/ResidualFlipTransport.lean:291:0: 'ConstitutiveSearch.SAT.Clause.eval_flipAt' does not depend on any axioms
info: RelationalPerimeter/Computation/ConstitutiveSearch/SAT/ResidualFlipTransport.lean:292:0: 'ConstitutiveSearch.SAT.Cnf.flipAt' does not depend on any axioms
info: RelationalPerimeter/Computation/ConstitutiveSearch/SAT/ResidualFlipTransport.lean:293:0: 'ConstitutiveSearch.SAT.Satisfies.flipAt' does not depend on any axioms
info: RelationalPerimeter/Computation/ConstitutiveSearch/SAT/ResidualFlipTransport.lean:294:0: 'ConstitutiveSearch.SAT.ResidualFlipRelation' does not depend on any axioms
info: RelationalPerimeter/Computation/ConstitutiveSearch/SAT/ResidualFlipTransport.lean:295:0: 'ConstitutiveSearch.SAT.ResidualFlipRelation.mapCompletion' does not depend on any axioms
info: RelationalPerimeter/Computation/ConstitutiveSearch/SAT/ResidualFlipTransport.lean:296:0: 'ConstitutiveSearch.SAT.residualFlipAction' does not depend on any axioms
info: RelationalPerimeter/Computation/ConstitutiveSearch/SAT/ResidualFlipTransport.lean:297:0: 'ConstitutiveSearch.SAT.residualFlipSearch' does not depend on any axioms
info: RelationalPerimeter/Computation/ConstitutiveSearch/SAT/ResidualFlipTransport.lean:298:0: 'ConstitutiveSearch.SAT.reduceResidualBranches' does not depend on any axioms
info: RelationalPerimeter/Computation/ConstitutiveSearch/SAT/ResidualFlipTransport.lean:299:0: 'ConstitutiveSearch.SAT.residualBranchWidth' does not depend on any axioms
ℹ [27/142] Replayed RelationalPerimeter.Computation.ConstitutiveSearch.SAT.StructuralGlobalContextRelation
info: RelationalPerimeter/Computation/ConstitutiveSearch/SAT/StructuralGlobalContextRelation.lean:271:0: 'ConstitutiveSearch.SAT.StructuralBranchDecision.flipAt' does not depend on any axioms
info: RelationalPerimeter/Computation/ConstitutiveSearch/SAT/StructuralGlobalContextRelation.lean:272:0: 'ConstitutiveSearch.SAT.flipStructuralDecisionsAt' does not depend on any axioms
info: RelationalPerimeter/Computation/ConstitutiveSearch/SAT/StructuralGlobalContextRelation.lean:273:0: 'ConstitutiveSearch.SAT.StructuralDecisionsHold.flipAt' does not depend on any axioms
info: RelationalPerimeter/Computation/ConstitutiveSearch/SAT/StructuralGlobalContextRelation.lean:274:0: 'ConstitutiveSearch.SAT.GeneratedStructuralFlipAtRelation' does not depend on any axioms
info: RelationalPerimeter/Computation/ConstitutiveSearch/SAT/StructuralGlobalContextRelation.lean:275:0: 'ConstitutiveSearch.SAT.GeneratedStructuralFlipAtRelation.mapContinuation' does not depend on any axioms
info: RelationalPerimeter/Computation/ConstitutiveSearch/SAT/StructuralGlobalContextRelation.lean:276:0: 'ConstitutiveSearch.SAT.GeneratedStructuralFlipAtRelation.mapContinuation_assignment' does not depend on any axioms
info: RelationalPerimeter/Computation/ConstitutiveSearch/SAT/StructuralGlobalContextRelation.lean:277:0: 'ConstitutiveSearch.SAT.GeneratedStructuralFlipAtRelation.mapContinuation_accept' does not depend on any axioms
info: RelationalPerimeter/Computation/ConstitutiveSearch/SAT/StructuralGlobalContextRelation.lean:278:0: 'ConstitutiveSearch.SAT.GeneratedStructuralFlipAtRelation.toAcceptingTransport' does not depend on any axioms
info: RelationalPerimeter/Computation/ConstitutiveSearch/SAT/StructuralGlobalContextRelation.lean:279:0: 'ConstitutiveSearch.SAT.generatedStructuralFlipAtAction' does not depend on any axioms
info: RelationalPerimeter/Computation/ConstitutiveSearch/SAT/StructuralGlobalContextRelation.lean:280:0: 'ConstitutiveSearch.SAT.generatedStructuralFlipAtSearch' does not depend on any axioms
info: RelationalPerimeter/Computation/ConstitutiveSearch/SAT/StructuralGlobalContextRelation.lean:281:0: 'ConstitutiveSearch.SAT.normalizeGeneratedStructuralFrontierByFlip' does not depend on any axioms
ℹ [28/142] Replayed RelationalPerimeter.Computation.ConstitutiveSearch.SAT.ParametricSymmetricFamily
info: RelationalPerimeter/Computation/ConstitutiveSearch/SAT/ParametricSymmetricFamily.lean:408:0: 'ConstitutiveSearch.SAT.Literal.AvoidsVar' does not depend on any axioms
info: RelationalPerimeter/Computation/ConstitutiveSearch/SAT/ParametricSymmetricFamily.lean:409:0: 'ConstitutiveSearch.SAT.Literal.flipAt_eq_self' does not depend on any axioms
info: RelationalPerimeter/Computation/ConstitutiveSearch/SAT/ParametricSymmetricFamily.lean:410:0: 'ConstitutiveSearch.SAT.Clause.AvoidsVar' does not depend on any axioms
info: RelationalPerimeter/Computation/ConstitutiveSearch/SAT/ParametricSymmetricFamily.lean:411:0: 'ConstitutiveSearch.SAT.Clause.contains_forValue_false' does not depend on any axioms
info: RelationalPerimeter/Computation/ConstitutiveSearch/SAT/ParametricSymmetricFamily.lean:412:0: 'ConstitutiveSearch.SAT.Clause.flipAt_eq_self' does not depend on any axioms
info: RelationalPerimeter/Computation/ConstitutiveSearch/SAT/ParametricSymmetricFamily.lean:413:0: 'ConstitutiveSearch.SAT.Cnf.AvoidsVar' does not depend on any axioms
info: RelationalPerimeter/Computation/ConstitutiveSearch/SAT/ParametricSymmetricFamily.lean:414:0: 'ConstitutiveSearch.SAT.Cnf.branchResidual_eq_self' does not depend on any axioms
info: RelationalPerimeter/Computation/ConstitutiveSearch/SAT/ParametricSymmetricFamily.lean:415:0: 'ConstitutiveSearch.SAT.Cnf.flipAt_eq_self' does not depend on any axioms
info: RelationalPerimeter/Computation/ConstitutiveSearch/SAT/ParametricSymmetricFamily.lean:416:0: 'ConstitutiveSearch.SAT.FlipSymmetricAt' does not depend on any axioms
info: RelationalPerimeter/Computation/ConstitutiveSearch/SAT/ParametricSymmetricFamily.lean:417:0: 'ConstitutiveSearch.SAT.symmetricBlockFamily' does not depend on any axioms
info: RelationalPerimeter/Computation/ConstitutiveSearch/SAT/ParametricSymmetricFamily.lean:418:0: 'ConstitutiveSearch.SAT.symmetricPositiveClause_flip' does not depend on any axioms
info: RelationalPerimeter/Computation/ConstitutiveSearch/SAT/ParametricSymmetricFamily.lean:419:0: 'ConstitutiveSearch.SAT.symmetricBlockFamily_flipSymmetric' does not depend on any axioms
info: RelationalPerimeter/Computation/ConstitutiveSearch/SAT/ParametricSymmetricFamily.lean:420:0: 'ConstitutiveSearch.SAT.flipStructuralDecisionsAt_eq_self' does not depend on any axioms
info: RelationalPerimeter/Computation/ConstitutiveSearch/SAT/ParametricSymmetricFamily.lean:421:0: 'ConstitutiveSearch.SAT.flipSymmetricSiblingRelation' does not depend on any axioms
info: RelationalPerimeter/Computation/ConstitutiveSearch/SAT/ParametricSymmetricFamily.lean:422:0: 'ConstitutiveSearch.SAT.reduceFlipSymmetricSiblings' does not depend on any axioms
info: RelationalPerimeter/Computation/ConstitutiveSearch/SAT/ParametricSymmetricFamily.lean:423:0: 'ConstitutiveSearch.SAT.reduceFlipSymmetricSiblings_width' does not depend on any axioms
info: RelationalPerimeter/Computation/ConstitutiveSearch/SAT/ParametricSymmetricFamily.lean:424:0: 'ConstitutiveSearch.SAT.symmetricBlockFamily_root_width_one' does not depend on any axioms
ℹ [29/142] Replayed RelationalPerimeter.Computation.ConstitutiveSearch.SAT.GrowingDiscoveryFamily
info: RelationalPerimeter/Computation/ConstitutiveSearch/SAT/GrowingDiscoveryFamily.lean:74:0: 'ConstitutiveSearch.SAT.copiesBefore' does not depend on any axioms
info: RelationalPerimeter/Computation/ConstitutiveSearch/SAT/GrowingDiscoveryFamily.lean:75:0: 'ConstitutiveSearch.SAT.growingDiscoveryDecoyClause' does not depend on any axioms
info: RelationalPerimeter/Computation/ConstitutiveSearch/SAT/GrowingDiscoveryFamily.lean:76:0: 'ConstitutiveSearch.SAT.growingDiscoverySplitVar' does not depend on any axioms
info: RelationalPerimeter/Computation/ConstitutiveSearch/SAT/GrowingDiscoveryFamily.lean:77:0: 'ConstitutiveSearch.SAT.growingDiscoveryAnchorVar' does not depend on any axioms
info: RelationalPerimeter/Computation/ConstitutiveSearch/SAT/GrowingDiscoveryFamily.lean:78:0: 'ConstitutiveSearch.SAT.growingDiscoveryFormula' does not depend on any axioms
info: RelationalPerimeter/Computation/ConstitutiveSearch/SAT/GrowingDiscoveryFamily.lean:79:0: 'ConstitutiveSearch.SAT.growingDiscoveryRoot' does not depend on any axioms
info: RelationalPerimeter/Computation/ConstitutiveSearch/SAT/GrowingDiscoveryFamily.lean:80:0: 'ConstitutiveSearch.SAT.distinctDecoyVariables' does not depend on any axioms
info: RelationalPerimeter/Computation/ConstitutiveSearch/SAT/GrowingDiscoveryFamily.lean:81:0: 'ConstitutiveSearch.SAT.distinctDecoyClause' does not depend on any axioms
info: RelationalPerimeter/Computation/ConstitutiveSearch/SAT/GrowingDiscoveryFamily.lean:82:0: 'ConstitutiveSearch.SAT.distinctGrowingDiscoveryFormula' does not depend on any axioms
info: RelationalPerimeter/Computation/ConstitutiveSearch/SAT/GrowingDiscoveryFamily.lean:83:0: 'ConstitutiveSearch.SAT.distinctGrowingDiscoveryRoot' does not depend on any axioms
ℹ [30/142] Replayed RelationalPerimeter.Computation.ConstitutiveSearch.EndogenousDecomposition.ConstitutiveOperationalStage
info: RelationalPerimeter/Computation/ConstitutiveSearch/EndogenousDecomposition/ConstitutiveOperationalStage.lean:294:0: 'ConstitutiveSearch.EndogenousDecomposition.CanonicalStageGeneration' does not depend on any axioms
info: RelationalPerimeter/Computation/ConstitutiveSearch/EndogenousDecomposition/ConstitutiveOperationalStage.lean:295:0: 'ConstitutiveSearch.EndogenousDecomposition.generateCanonicalStageFromSource' does not depend on any axioms
info: RelationalPerimeter/Computation/ConstitutiveSearch/EndogenousDecomposition/ConstitutiveOperationalStage.lean:296:0: 'ConstitutiveSearch.EndogenousDecomposition.generateCanonicalStageFromSource_exact' does not depend on any axioms
info: RelationalPerimeter/Computation/ConstitutiveSearch/EndogenousDecomposition/ConstitutiveOperationalStage.lean:297:0: 'ConstitutiveSearch.EndogenousDecomposition.constitutedOperationalIndex_succ' does not depend on any axioms
info: RelationalPerimeter/Computation/ConstitutiveSearch/EndogenousDecomposition/ConstitutiveOperationalStage.lean:298:0: 'ConstitutiveSearch.EndogenousDecomposition.constitutedOperationalIndex_exact' does not depend on any axioms
info: RelationalPerimeter/Computation/ConstitutiveSearch/EndogenousDecomposition/ConstitutiveOperationalStage.lean:299:0: 'ConstitutiveSearch.EndogenousDecomposition.constitutedSearchIndex_succ' does not depend on any axioms
info: RelationalPerimeter/Computation/ConstitutiveSearch/EndogenousDecomposition/ConstitutiveOperationalStage.lean:300:0: 'ConstitutiveSearch.EndogenousDecomposition.constitutedSearchIndex_exact' does not depend on any axioms
info: RelationalPerimeter/Computation/ConstitutiveSearch/EndogenousDecomposition/ConstitutiveOperationalStage.lean:301:0: 'ConstitutiveSearch.EndogenousDecomposition.constitutedSearchIndex_linear' does not depend on any axioms
info: RelationalPerimeter/Computation/ConstitutiveSearch/EndogenousDecomposition/ConstitutiveOperationalStage.lean:302:0: 'ConstitutiveSearch.EndogenousDecomposition.constitutedSearchIndex_next_add_five' does not depend on any axioms
info: RelationalPerimeter/Computation/ConstitutiveSearch/EndogenousDecomposition/ConstitutiveOperationalStage.lean:303:0: 'ConstitutiveSearch.EndogenousDecomposition.constitutedSearchIndex_next_add_two' does not depend on any axioms
info: RelationalPerimeter/Computation/ConstitutiveSearch/EndogenousDecomposition/ConstitutiveOperationalStage.lean:304:0: 'ConstitutiveSearch.EndogenousDecomposition.constructStage' does not depend on any axioms
info: RelationalPerimeter/Computation/ConstitutiveSearch/EndogenousDecomposition/ConstitutiveOperationalStage.lean:305:0: 'ConstitutiveSearch.EndogenousDecomposition.generateCanonicalStage' does not depend on any axioms
info: RelationalPerimeter/Computation/ConstitutiveSearch/EndogenousDecomposition/ConstitutiveOperationalStage.lean:306:0: 'ConstitutiveSearch.EndogenousDecomposition.generateCanonicalStage_index_advances' does not depend on any axioms
info: RelationalPerimeter/Computation/ConstitutiveSearch/EndogenousDecomposition/ConstitutiveOperationalStage.lean:307:0: 'ConstitutiveSearch.EndogenousDecomposition.generateCanonicalStage_searchIndex_advances' does not depend on any axioms
info: RelationalPerimeter/Computation/ConstitutiveSearch/EndogenousDecomposition/ConstitutiveOperationalStage.lean:308:0: 'ConstitutiveSearch.EndogenousDecomposition.constitutedOldOccurrence_persists' does not depend on any axioms
info: RelationalPerimeter/Computation/ConstitutiveSearch/EndogenousDecomposition/ConstitutiveOperationalStage.lean:309:0: 'ConstitutiveSearch.EndogenousDecomposition.constitutedOccurrence_order_preserved' does not depend on any axioms
info: RelationalPerimeter/Computation/ConstitutiveSearch/EndogenousDecomposition/ConstitutiveOperationalStage.lean:310:0: 'ConstitutiveSearch.EndogenousDecomposition.constitutedFreshOccurrence_isLast' does not depend on any axioms
info: RelationalPerimeter/Computation/ConstitutiveSearch/EndogenousDecomposition/ConstitutiveOperationalStage.lean:311:0: 'ConstitutiveSearch.EndogenousDecomposition.constitutedOldOccurrence_ne_fresh' does not depend on any axioms
info: RelationalPerimeter/Computation/ConstitutiveSearch/EndogenousDecomposition/ConstitutiveOperationalStage.lean:312:0: 'ConstitutiveSearch.EndogenousDecomposition.constitutiveStageEvidence' does not depend on any axioms
ℹ [31/142] Replayed RelationalPerimeter.Computation.ConstitutiveSearch.EndogenousDecomposition.MeasuredComparison
info: RelationalPerimeter/Computation/ConstitutiveSearch/EndogenousDecomposition/MeasuredComparison.lean:146:0: 'ConstitutiveSearch.EndogenousDecomposition.ComparisonWork.total_add' does not depend on any axioms
info: RelationalPerimeter/Computation/ConstitutiveSearch/EndogenousDecomposition/MeasuredComparison.lean:147:0: 'ConstitutiveSearch.EndogenousDecomposition.ComparisonWork.total_visit' does not depend on any axioms
info: RelationalPerimeter/Computation/ConstitutiveSearch/EndogenousDecomposition/MeasuredComparison.lean:148:0: 'ConstitutiveSearch.EndogenousDecomposition.compareUnary' does not depend on any axioms
info: RelationalPerimeter/Computation/ConstitutiveSearch/EndogenousDecomposition/MeasuredComparison.lean:149:0: 'ConstitutiveSearch.EndogenousDecomposition.compareUnary_steps_le' does not depend on any axioms
info: RelationalPerimeter/Computation/ConstitutiveSearch/EndogenousDecomposition/MeasuredComparison.lean:150:0: 'ConstitutiveSearch.EndogenousDecomposition.compareUnary_self_steps' does not depend on any axioms
info: RelationalPerimeter/Computation/ConstitutiveSearch/EndogenousDecomposition/MeasuredComparison.lean:151:0: 'ConstitutiveSearch.EndogenousDecomposition.compareMeasuredList' does not depend on any axioms
info: RelationalPerimeter/Computation/ConstitutiveSearch/EndogenousDecomposition/MeasuredComparison.lean:152:0: 'ConstitutiveSearch.EndogenousDecomposition.compareMeasuredLiteral' does not depend on any axioms
info: RelationalPerimeter/Computation/ConstitutiveSearch/EndogenousDecomposition/MeasuredComparison.lean:153:0: 'ConstitutiveSearch.EndogenousDecomposition.compareMeasuredCnf' does not depend on any axioms
info: RelationalPerimeter/Computation/ConstitutiveSearch/EndogenousDecomposition/MeasuredComparison.lean:154:0: 'ConstitutiveSearch.EndogenousDecomposition.compareMeasuredDecision' does not depend on any axioms
info: RelationalPerimeter/Computation/ConstitutiveSearch/EndogenousDecomposition/MeasuredComparison.lean:155:0: 'ConstitutiveSearch.EndogenousDecomposition.compareMeasuredHistory' does not depend on any axioms
info: RelationalPerimeter/Computation/ConstitutiveSearch/EndogenousDecomposition/MeasuredComparison.lean:156:0: 'ConstitutiveSearch.EndogenousDecomposition.measuredComparison_short_circuits' does not depend on any axioms
info: RelationalPerimeter/Computation/ConstitutiveSearch/EndogenousDecomposition/MeasuredComparison.lean:157:0: 'ConstitutiveSearch.EndogenousDecomposition.measuredComparison_label_work_grows' does not depend on any axioms
ℹ [32/142] Replayed RelationalPerimeter.Computation.ConstitutiveSearch.EndogenousDecomposition.MeasuredTransformation
info: RelationalPerimeter/Computation/ConstitutiveSearch/EndogenousDecomposition/MeasuredTransformation.lean:87:0: 'ConstitutiveSearch.EndogenousDecomposition.flipMeasuredLiteral' does not depend on any axioms
info: RelationalPerimeter/Computation/ConstitutiveSearch/EndogenousDecomposition/MeasuredTransformation.lean:88:0: 'ConstitutiveSearch.EndogenousDecomposition.flipMeasuredClause' does not depend on any axioms
info: RelationalPerimeter/Computation/ConstitutiveSearch/EndogenousDecomposition/MeasuredTransformation.lean:89:0: 'ConstitutiveSearch.EndogenousDecomposition.flipMeasuredCnf' does not depend on any axioms
info: RelationalPerimeter/Computation/ConstitutiveSearch/EndogenousDecomposition/MeasuredTransformation.lean:90:0: 'ConstitutiveSearch.EndogenousDecomposition.flipMeasuredDecision' does not depend on any axioms
info: RelationalPerimeter/Computation/ConstitutiveSearch/EndogenousDecomposition/MeasuredTransformation.lean:91:0: 'ConstitutiveSearch.EndogenousDecomposition.flipMeasuredHistory' does not depend on any axioms
info: RelationalPerimeter/Computation/ConstitutiveSearch/EndogenousDecomposition/MeasuredTransformation.lean:92:0: 'ConstitutiveSearch.EndogenousDecomposition.checkMeasuredFreshness' does not depend on any axioms
ℹ [33/142] Replayed RelationalPerimeter.Computation.ConstitutiveSearch.EndogenousDecomposition.MeasuredStateConstruction
info: RelationalPerimeter/Computation/ConstitutiveSearch/EndogenousDecomposition/MeasuredStateConstruction.lean:85:0: 'ConstitutiveSearch.EndogenousDecomposition.containsMeasuredLiteral' does not depend on any axioms
info: RelationalPerimeter/Computation/ConstitutiveSearch/EndogenousDecomposition/MeasuredStateConstruction.lean:86:0: 'ConstitutiveSearch.EndogenousDecomposition.constructMeasuredResidual' does not depend on any axioms
info: RelationalPerimeter/Computation/ConstitutiveSearch/EndogenousDecomposition/MeasuredStateConstruction.lean:87:0: 'ConstitutiveSearch.EndogenousDecomposition.constructMeasuredChild' does not depend on any axioms
info: RelationalPerimeter/Computation/ConstitutiveSearch/EndogenousDecomposition/MeasuredStateConstruction.lean:88:0: 'ConstitutiveSearch.EndogenousDecomposition.childFromMeasuredResidual' does not depend on any axioms
info: RelationalPerimeter/Computation/ConstitutiveSearch/EndogenousDecomposition/MeasuredStateConstruction.lean:89:0: 'ConstitutiveSearch.EndogenousDecomposition.childFromMeasuredResidual_exact' does not depend on any axioms
info: RelationalPerimeter/Computation/ConstitutiveSearch/EndogenousDecomposition/MeasuredStateConstruction.lean:90:0: 'ConstitutiveSearch.EndogenousDecomposition.constructMeasuredChild_consumes_residual' does not depend on any axioms
ℹ [34/142] Replayed RelationalPerimeter.Computation.ConstitutiveSearch.TransportCode
info: RelationalPerimeter/Computation/ConstitutiveSearch/TransportCode.lean:90:0: 'ConstitutiveSearch.TransportCode' does not depend on any axioms
info: RelationalPerimeter/Computation/ConstitutiveSearch/TransportCode.lean:91:0: 'ConstitutiveSearch.TransportCode.size' does not depend on any axioms
info: RelationalPerimeter/Computation/ConstitutiveSearch/TransportCode.lean:92:0: 'ConstitutiveSearch.TransportCode.eval' does not depend on any axioms
info: RelationalPerimeter/Computation/ConstitutiveSearch/TransportCode.lean:93:0: 'ConstitutiveSearch.TransportCode.preservesViable' does not depend on any axioms
info: RelationalPerimeter/Computation/ConstitutiveSearch/TransportCode.lean:94:0: 'ConstitutiveSearch.TransportCode.ofGenerator' does not depend on any axioms
ℹ [35/142] Replayed RelationalPerimeter.Computation.ConstitutiveSearch.TransportClosure
info: RelationalPerimeter/Computation/ConstitutiveSearch/TransportClosure.lean:77:0: 'ConstitutiveSearch.TransportClosure' does not depend on any axioms
info: RelationalPerimeter/Computation/ConstitutiveSearch/TransportClosure.lean:78:0: 'ConstitutiveSearch.transportClosureAction' does not depend on any axioms
info: RelationalPerimeter/Computation/ConstitutiveSearch/TransportClosure.lean:79:0: 'ConstitutiveSearch.TransportClosure.ofGenerator' does not depend on any axioms
info: RelationalPerimeter/Computation/ConstitutiveSearch/TransportClosure.lean:80:0: 'ConstitutiveSearch.TransportClosure.compose' does not depend on any axioms
info: RelationalPerimeter/Computation/ConstitutiveSearch/TransportClosure.lean:81:0: 'ConstitutiveSearch.normalizeWithTransportClosure' does not depend on any axioms
ℹ [36/142] Replayed RelationalPerimeter.Computation.ConstitutiveSearch.ClosureSearch
info: RelationalPerimeter/Computation/ConstitutiveSearch/ClosureSearch.lean:228:0: 'ConstitutiveSearch.ClosureSearchStats' does not depend on any axioms
info: RelationalPerimeter/Computation/ConstitutiveSearch/ClosureSearch.lean:229:0: 'ConstitutiveSearch.ClosureSearchStats.combine' does not depend on any axioms
info: RelationalPerimeter/Computation/ConstitutiveSearch/ClosureSearch.lean:230:0: 'ConstitutiveSearch.ClosureSearchRun' does not depend on any axioms
info: RelationalPerimeter/Computation/ConstitutiveSearch/ClosureSearch.lean:231:0: 'ConstitutiveSearch.searchClosureViaCandidates' does not depend on any axioms
info: RelationalPerimeter/Computation/ConstitutiveSearch/ClosureSearch.lean:232:0: 'ConstitutiveSearch.searchTransportClosureBounded' does not depend on any axioms
info: RelationalPerimeter/Computation/ConstitutiveSearch/ClosureSearch.lean:233:0: 'ConstitutiveSearch.boundedTransportClosureSearch' does not depend on any axioms
info: RelationalPerimeter/Computation/ConstitutiveSearch/ClosureSearch.lean:234:0: 'ConstitutiveSearch.boundedTransportClosureSearch_find' does not depend on any axioms
info: RelationalPerimeter/Computation/ConstitutiveSearch/ClosureSearch.lean:235:0: 'ConstitutiveSearch.boundedClosure_zero_primitiveQueries' does not depend on any axioms
info: RelationalPerimeter/Computation/ConstitutiveSearch/ClosureSearch.lean:236:0: 'ConstitutiveSearch.boundedClosure_zero_compositionCandidates' does not depend on any axioms
ℹ [37/142] Replayed RelationalPerimeter.Computation.ConstitutiveSearch.ConstructivePrelude
info: RelationalPerimeter/Computation/ConstitutiveSearch/ConstructivePrelude.lean:591:0: 'ConstitutiveSearch.Constructive.nat_le_max_left' does not depend on any axioms
info: RelationalPerimeter/Computation/ConstitutiveSearch/ConstructivePrelude.lean:592:0: 'ConstitutiveSearch.Constructive.nat_le_max_right' does not depend on any axioms
info: RelationalPerimeter/Computation/ConstitutiveSearch/ConstructivePrelude.lean:593:0: 'ConstitutiveSearch.Constructive.nat_max_le' does not depend on any axioms
info: RelationalPerimeter/Computation/ConstitutiveSearch/ConstructivePrelude.lean:594:0: 'ConstitutiveSearch.Constructive.nat_max_self' does not depend on any axioms
info: RelationalPerimeter/Computation/ConstitutiveSearch/ConstructivePrelude.lean:595:0: 'ConstitutiveSearch.Constructive.nat_max_zero' does not depend on any axioms
info: RelationalPerimeter/Computation/ConstitutiveSearch/ConstructivePrelude.lean:596:0: 'ConstitutiveSearch.Constructive.nat_double_add_two' does not depend on any axioms
info: RelationalPerimeter/Computation/ConstitutiveSearch/ConstructivePrelude.lean:597:0: 'ConstitutiveSearch.Constructive.nat_add_pair_swap' does not depend on any axioms
info: RelationalPerimeter/Computation/ConstitutiveSearch/ConstructivePrelude.lean:598:0: 'ConstitutiveSearch.Constructive.nat_mul_assoc' does not depend on any axioms
info: RelationalPerimeter/Computation/ConstitutiveSearch/ConstructivePrelude.lean:599:0: 'ConstitutiveSearch.Constructive.nat_mul_pair_swap' does not depend on any axioms
info: RelationalPerimeter/Computation/ConstitutiveSearch/ConstructivePrelude.lean:600:0: 'ConstitutiveSearch.Constructive.nat_add_mul' does not depend on any axioms
info: RelationalPerimeter/Computation/ConstitutiveSearch/ConstructivePrelude.lean:601:0: 'ConstitutiveSearch.Constructive.nat_pow_add' does not depend on any axioms
info: RelationalPerimeter/Computation/ConstitutiveSearch/ConstructivePrelude.lean:602:0: 'ConstitutiveSearch.Constructive.nat_pow_mul' does not depend on any axioms
info: RelationalPerimeter/Computation/ConstitutiveSearch/ConstructivePrelude.lean:603:0: 'ConstitutiveSearch.Constructive.two_le_of_pos_of_ne_one' does not depend on any axioms
info: RelationalPerimeter/Computation/ConstitutiveSearch/ConstructivePrelude.lean:604:0: 'ConstitutiveSearch.Constructive.nat_ne_add_one' does not depend on any axioms
info: RelationalPerimeter/Computation/ConstitutiveSearch/ConstructivePrelude.lean:605:0: 'ConstitutiveSearch.Constructive.one_le_two_mul_succ' does not depend on any axioms
info: RelationalPerimeter/Computation/ConstitutiveSearch/ConstructivePrelude.lean:606:0: 'ConstitutiveSearch.Constructive.natLog2' does not depend on any axioms
info: RelationalPerimeter/Computation/ConstitutiveSearch/ConstructivePrelude.lean:607:0: 'ConstitutiveSearch.Constructive.two_pow_positive' does not depend on any axioms
info: RelationalPerimeter/Computation/ConstitutiveSearch/ConstructivePrelude.lean:608:0: 'ConstitutiveSearch.Constructive.two_pow_strictly_grows' does not depend on any axioms
info: RelationalPerimeter/Computation/ConstitutiveSearch/ConstructivePrelude.lean:609:0: 'ConstitutiveSearch.Constructive.exponent_le_of_two_pow_le' does not depend on any axioms
info: RelationalPerimeter/Computation/ConstitutiveSearch/ConstructivePrelude.lean:610:0: 'ConstitutiveSearch.Constructive.two_pow_natLog2_le' does not depend on any axioms
info: RelationalPerimeter/Computation/ConstitutiveSearch/ConstructivePrelude.lean:611:0: 'ConstitutiveSearch.Constructive.lt_two_pow_natLog2_succ' does not depend on any axioms
info: RelationalPerimeter/Computation/ConstitutiveSearch/ConstructivePrelude.lean:612:0: 'ConstitutiveSearch.Constructive.natLog2_two_pow' does not depend on any axioms
info: RelationalPerimeter/Computation/ConstitutiveSearch/ConstructivePrelude.lean:613:0: 'ConstitutiveSearch.Constructive.natLog2_mono' does not depend on any axioms
info: RelationalPerimeter/Computation/ConstitutiveSearch/ConstructivePrelude.lean:614:0: 'ConstitutiveSearch.Constructive.list_append_assoc' does not depend on any axioms
info: RelationalPerimeter/Computation/ConstitutiveSearch/ConstructivePrelude.lean:615:0: 'ConstitutiveSearch.Constructive.list_map_append' does not depend on any axioms
info: RelationalPerimeter/Computation/ConstitutiveSearch/ConstructivePrelude.lean:616:0: 'ConstitutiveSearch.Constructive.list_map_map' does not depend on any axioms
info: RelationalPerimeter/Computation/ConstitutiveSearch/ConstructivePrelude.lean:617:0: 'ConstitutiveSearch.Constructive.list_map_id' does not depend on any axioms
info: RelationalPerimeter/Computation/ConstitutiveSearch/ConstructivePrelude.lean:618:0: 'ConstitutiveSearch.Constructive.list_length_replicate' does not depend on any axioms
info: RelationalPerimeter/Computation/ConstitutiveSearch/ConstructivePrelude.lean:619:0: 'ConstitutiveSearch.Constructive.list_mem_cons_cases' does not depend on any axioms
info: RelationalPerimeter/Computation/ConstitutiveSearch/ConstructivePrelude.lean:620:0: 'ConstitutiveSearch.Constructive.list_reverseAux_eq_append' does not depend on any axioms
info: RelationalPerimeter/Computation/ConstitutiveSearch/ConstructivePrelude.lean:621:0: 'ConstitutiveSearch.Constructive.list_reverse_cons' does not depend on any axioms
info: RelationalPerimeter/Computation/ConstitutiveSearch/ConstructivePrelude.lean:622:0: 'ConstitutiveSearch.Constructive.bool_and_eq_true_iff' does not depend on any axioms
ℹ [38/142] Replayed RelationalPerimeter.Computation.ConstitutiveSearch.SequentialPrimitiveExecution
info: RelationalPerimeter/Computation/ConstitutiveSearch/SequentialPrimitiveExecution.lean:1215:0: 'ConstitutiveSearch.PrimitiveHitPath' does not depend on any axioms
info: RelationalPerimeter/Computation/ConstitutiveSearch/SequentialPrimitiveExecution.lean:1216:0: 'ConstitutiveSearch.PrimitiveHitPath.length' does not depend on any axioms
info: RelationalPerimeter/Computation/ConstitutiveSearch/SequentialPrimitiveExecution.lean:1217:0: 'ConstitutiveSearch.PrimitiveHitPath.toTransportCode' does not depend on any axioms
info: RelationalPerimeter/Computation/ConstitutiveSearch/SequentialPrimitiveExecution.lean:1218:0: 'ConstitutiveSearch.PrimitiveHitPath.toTransportCode_size' does not depend on any axioms
info: RelationalPerimeter/Computation/ConstitutiveSearch/SequentialPrimitiveExecution.lean:1219:0: 'ConstitutiveSearch.PrimitiveHitPath.trans' does not depend on any axioms
info: RelationalPerimeter/Computation/ConstitutiveSearch/SequentialPrimitiveExecution.lean:1220:0: 'ConstitutiveSearch.PrimitiveHitPath.trans_length' does not depend on any axioms
info: RelationalPerimeter/Computation/ConstitutiveSearch/SequentialPrimitiveExecution.lean:1221:0: 'ConstitutiveSearch.PrimitiveHitPath.sequentialStats' does not depend on any axioms
info: RelationalPerimeter/Computation/ConstitutiveSearch/SequentialPrimitiveExecution.lean:1222:0: 'ConstitutiveSearch.PrimitiveHitPath.primitiveHit_run_stats' does not depend on any axioms
info: RelationalPerimeter/Computation/ConstitutiveSearch/SequentialPrimitiveExecution.lean:1223:0: 'ConstitutiveSearch.PrimitiveHitPath.step_hit_ne_none' does not depend on any axioms
info: RelationalPerimeter/Computation/ConstitutiveSearch/SequentialPrimitiveExecution.lean:1224:0: 'ConstitutiveSearch.PrimitiveHitPath.sequentialStats_primitiveQueries' does not depend on any axioms
info: RelationalPerimeter/Computation/ConstitutiveSearch/SequentialPrimitiveExecution.lean:1225:0: 'ConstitutiveSearch.PrimitiveHitPath.sequentialStats_compositionCandidates' does not depend on any axioms
info: RelationalPerimeter/Computation/ConstitutiveSearch/SequentialPrimitiveExecution.lean:1226:0: 'ConstitutiveSearch.PrimitiveHitPath.directHit_of_length_one' does not depend on any axioms
info: RelationalPerimeter/Computation/ConstitutiveSearch/SequentialPrimitiveExecution.lean:1227:0: 'ConstitutiveSearch.PrimitiveHitPath.searchClosureViaCandidates_found_hasPrimitiveHitPath' does not depend on any axioms
info: RelationalPerimeter/Computation/ConstitutiveSearch/SequentialPrimitiveExecution.lean:1228:0: 'ConstitutiveSearch.PrimitiveHitPath.searchTransportClosureBounded_found_hasPrimitiveHitPath' does not depend on any axioms
info: RelationalPerimeter/Computation/ConstitutiveSearch/SequentialPrimitiveExecution.lean:1229:0: 'ConstitutiveSearch.PrimitiveHitPath.searchClosureViaCandidates_cons_compositionCandidates_pos' does not depend on any axioms
info: RelationalPerimeter/Computation/ConstitutiveSearch/SequentialPrimitiveExecution.lean:1230:0: 'ConstitutiveSearch.PrimitiveHitPath.searchTransportClosureBounded_directMiss_found_compositionCandidates_pos' does not depend on any axioms
info: RelationalPerimeter/Computation/ConstitutiveSearch/SequentialPrimitiveExecution.lean:1231:0: 'ConstitutiveSearch.PrimitiveHitPath.searchTransportClosureBounded_found_hasSequentialReplacement' does not depend on any axioms
info: RelationalPerimeter/Computation/ConstitutiveSearch/SequentialPrimitiveExecution.lean:1232:0: 'ConstitutiveSearch.PrimitiveHitPath.searchTransportClosureBounded_directMiss_found_hasSequentialReplacement' does not depend on any axioms
info: RelationalPerimeter/Computation/ConstitutiveSearch/SequentialPrimitiveExecution.lean:1233:0: 'ConstitutiveSearch.PrimitiveHitPath.searchTransportClosureBounded_directMiss_found_requiresComposition' does not depend on any axioms
info: RelationalPerimeter/Computation/ConstitutiveSearch/SequentialPrimitiveExecution.lean:1234:0: 'ConstitutiveSearch.PrimitiveHitPath.searchTransportClosureBounded_directMiss_found_codeSize' does not depend on any axioms
info: RelationalPerimeter/Computation/ConstitutiveSearch/SequentialPrimitiveExecution.lean:1235:0: 'ConstitutiveSearch.PrimitiveHitPath.GlobalCompositionRequired' does not depend on any axioms
info: RelationalPerimeter/Computation/ConstitutiveSearch/SequentialPrimitiveExecution.lean:1236:0: 'ConstitutiveSearch.PrimitiveHitPath.globalCompositionRequired_hasCode' does not depend on any axioms
info: RelationalPerimeter/Computation/ConstitutiveSearch/SequentialPrimitiveExecution.lean:1237:0: 'ConstitutiveSearch.PrimitiveHitPath.globalCompositionRequired_hasSequentialExecution' does not depend on any axioms
ℹ [39/142] Replayed RelationalPerimeter.Computation.ConstitutiveSearch.SearchableTransportCode
info: RelationalPerimeter/Computation/ConstitutiveSearch/SearchableTransportCode.lean:260:0: 'ConstitutiveSearch.TransportCode.SearchableBy' does not depend on any axioms
info: RelationalPerimeter/Computation/ConstitutiveSearch/SearchableTransportCode.lean:261:0: 'ConstitutiveSearch.TransportCode.hasPrimitiveHitPath_of_searchable' does not depend on any axioms
info: RelationalPerimeter/Computation/ConstitutiveSearch/SearchableTransportCode.lean:262:0: 'ConstitutiveSearch.TransportCode.hasSequentialExecution_of_searchable' does not depend on any axioms
info: RelationalPerimeter/Computation/ConstitutiveSearch/SearchableTransportCode.lean:263:0: 'ConstitutiveSearch.PrimitiveHitPath.toTransportCode_searchable' does not depend on any axioms
info: RelationalPerimeter/Computation/ConstitutiveSearch/SearchableTransportCode.lean:264:0: 'ConstitutiveSearch.PrimitiveHitPath.globalCompositionRequired_iff_searchableCode' does not depend on any axioms
ℹ [40/142] Replayed RelationalPerimeter.Computation.ConstitutiveSearch.LocalSearchableCodeExecution
info: RelationalPerimeter/Computation/ConstitutiveSearch/LocalSearchableCodeExecution.lean:155:0: 'ConstitutiveSearch.TransportCode.LocalSequentialExecution' does not depend on any axioms
info: RelationalPerimeter/Computation/ConstitutiveSearch/LocalSearchableCodeExecution.lean:156:0: 'ConstitutiveSearch.TransportCode.localSequentialExecution_of_searchable' does not depend on any axioms
info: RelationalPerimeter/Computation/ConstitutiveSearch/LocalSearchableCodeExecution.lean:157:0: 'ConstitutiveSearch.TransportCode.GlobalNeedWithLocalExecution' does not depend on any axioms
info: RelationalPerimeter/Computation/ConstitutiveSearch/LocalSearchableCodeExecution.lean:158:0: 'ConstitutiveSearch.TransportCode.directMiss_searchableCode_hasLocalExecution' does not depend on any axioms
ℹ [41/142] Replayed RelationalPerimeter.Computation.ConstitutiveSearch.SearchableTransportCodeValidationCore
info: RelationalPerimeter/Computation/ConstitutiveSearch/SearchableTransportCodeValidationCore.lean:293:0: 'ConstitutiveSearch.SearchableCodeValidationRun' does not depend on any axioms
info: RelationalPerimeter/Computation/ConstitutiveSearch/SearchableTransportCodeValidationCore.lean:294:0: 'ConstitutiveSearch.SearchableCodeValidationRun.combine' does not depend on any axioms
info: RelationalPerimeter/Computation/ConstitutiveSearch/SearchableTransportCodeValidationCore.lean:295:0: 'ConstitutiveSearch.validateSearchableCode_validatedAtoms' does not depend on any axioms
info: RelationalPerimeter/Computation/ConstitutiveSearch/SearchableTransportCodeValidationCore.lean:296:0: 'ConstitutiveSearch.validateSearchableCode' does not depend on any axioms
info: RelationalPerimeter/Computation/ConstitutiveSearch/SearchableTransportCodeValidationCore.lean:297:0: 'ConstitutiveSearch.validateSearchableCode_primitiveQueries' does not depend on any axioms
info: RelationalPerimeter/Computation/ConstitutiveSearch/SearchableTransportCodeValidationCore.lean:298:0: 'ConstitutiveSearch.validateSearchableCode_success_iff' does not depend on any axioms
info: RelationalPerimeter/Computation/ConstitutiveSearch/SearchableTransportCodeValidationCore.lean:299:0: 'ConstitutiveSearch.validateSearchableCode_success_of_searchable' does not depend on any axioms
info: RelationalPerimeter/Computation/ConstitutiveSearch/SearchableTransportCodeValidationCore.lean:300:0: 'ConstitutiveSearch.searchable_of_validateSearchableCode_success' does not depend on any axioms
ℹ [42/142] Replayed RelationalPerimeter.Computation.ConstitutiveSearch.SAT.ParametricSymmetricTrajectory
info: RelationalPerimeter/Computation/ConstitutiveSearch/SAT/ParametricSymmetricTrajectory.lean:219:0: 'ConstitutiveSearch.SAT.FlipSymmetricTrajectory' does not depend on any axioms
info: RelationalPerimeter/Computation/ConstitutiveSearch/SAT/ParametricSymmetricTrajectory.lean:220:0: 'ConstitutiveSearch.SAT.FlipSymmetricTrajectory.preservation' does not depend on any axioms
info: RelationalPerimeter/Computation/ConstitutiveSearch/SAT/ParametricSymmetricTrajectory.lean:221:0: 'ConstitutiveSearch.SAT.FlipSymmetricTrajectory.viable_iff' does not depend on any axioms
info: RelationalPerimeter/Computation/ConstitutiveSearch/SAT/ParametricSymmetricTrajectory.lean:222:0: 'ConstitutiveSearch.SAT.FlipSymmetricTrajectory.widthTrace' does not depend on any axioms
info: RelationalPerimeter/Computation/ConstitutiveSearch/SAT/ParametricSymmetricTrajectory.lean:223:0: 'ConstitutiveSearch.SAT.FlipSymmetricTrajectory.widthTrace_length' does not depend on any axioms
info: RelationalPerimeter/Computation/ConstitutiveSearch/SAT/ParametricSymmetricTrajectory.lean:224:0: 'ConstitutiveSearch.SAT.FlipSymmetricTrajectory.widthTrace_value' does not depend on any axioms
info: RelationalPerimeter/Computation/ConstitutiveSearch/SAT/ParametricSymmetricTrajectory.lean:225:0: 'ConstitutiveSearch.SAT.FlipSymmetricTrajectory.width_le_two' does not depend on any axioms
info: RelationalPerimeter/Computation/ConstitutiveSearch/SAT/ParametricSymmetricTrajectory.lean:226:0: 'ConstitutiveSearch.SAT.FlipSymmetricTrajectory.step_width_two' does not depend on any axioms
ℹ [43/142] Replayed RelationalPerimeter.Computation.ConstitutiveSearch.SAT.TrajectoryDerivedClosureCore
info: RelationalPerimeter/Computation/ConstitutiveSearch/SAT/TrajectoryDerivedClosureCore.lean:444:0: 'ConstitutiveSearch.SAT.ProvenanceStructuralFlipWitness' does not depend on any axioms
info: RelationalPerimeter/Computation/ConstitutiveSearch/SAT/TrajectoryDerivedClosureCore.lean:445:0: 'ConstitutiveSearch.SAT.ProvenanceStructuralFlipWitness.toAcceptingTransport' does not depend on any axioms
info: RelationalPerimeter/Computation/ConstitutiveSearch/SAT/TrajectoryDerivedClosureCore.lean:446:0: 'ConstitutiveSearch.SAT.provenanceStructuralFlipSearch' does not depend on any axioms
info: RelationalPerimeter/Computation/ConstitutiveSearch/SAT/TrajectoryDerivedClosureCore.lean:447:0: 'ConstitutiveSearch.SAT.provenanceStructuralFlipAction' does not depend on any axioms
info: RelationalPerimeter/Computation/ConstitutiveSearch/SAT/TrajectoryDerivedClosureCore.lean:448:0: 'ConstitutiveSearch.SAT.FlipSymmetricTrajectory.decisionVars' does not depend on any axioms
info: RelationalPerimeter/Computation/ConstitutiveSearch/SAT/TrajectoryDerivedClosureCore.lean:449:0: 'ConstitutiveSearch.SAT.FlipSymmetricTrajectory.trueDecisionOfVar' does not depend on any axioms
info: RelationalPerimeter/Computation/ConstitutiveSearch/SAT/TrajectoryDerivedClosureCore.lean:450:0: 'ConstitutiveSearch.SAT.FlipSymmetricTrajectory.finish_decisions_eq_trajectoryVars' does not depend on any axioms
info: RelationalPerimeter/Computation/ConstitutiveSearch/SAT/TrajectoryDerivedClosureCore.lean:451:0: 'ConstitutiveSearch.SAT.FlipSymmetricTrajectory.finish_decisionVariables_eq_trajectoryVars' does not depend on any axioms
info: RelationalPerimeter/Computation/ConstitutiveSearch/SAT/TrajectoryDerivedClosureCore.lean:452:0: 'ConstitutiveSearch.SAT.FlipSymmetricTrajectory.splitCandidates' does not depend on any axioms
info: RelationalPerimeter/Computation/ConstitutiveSearch/SAT/TrajectoryDerivedClosureCore.lean:453:0: 'ConstitutiveSearch.SAT.FlipSymmetricTrajectory.decisionVars_length' does not depend on any axioms
info: RelationalPerimeter/Computation/ConstitutiveSearch/SAT/TrajectoryDerivedClosureCore.lean:454:0: 'ConstitutiveSearch.SAT.FlipSymmetricTrajectory.splitCandidates_length' does not depend on any axioms
info: RelationalPerimeter/Computation/ConstitutiveSearch/SAT/TrajectoryDerivedClosureCore.lean:455:0: 'ConstitutiveSearch.SAT.FlipSymmetricTrajectory.closureFuel' does not depend on any axioms
info: RelationalPerimeter/Computation/ConstitutiveSearch/SAT/TrajectoryDerivedClosureCore.lean:456:0: 'ConstitutiveSearch.SAT.FlipSymmetricTrajectory.closureFuel_eq_length' does not depend on any axioms
info: RelationalPerimeter/Computation/ConstitutiveSearch/SAT/TrajectoryDerivedClosureCore.lean:457:0: 'ConstitutiveSearch.SAT.FlipSymmetricTrajectory.primitiveSearch' does not depend on any axioms
info: RelationalPerimeter/Computation/ConstitutiveSearch/SAT/TrajectoryDerivedClosureCore.lean:458:0: 'ConstitutiveSearch.SAT.FlipSymmetricTrajectory.derivedClosureSearch' does not depend on any axioms
info: RelationalPerimeter/Computation/ConstitutiveSearch/SAT/TrajectoryDerivedClosureCore.lean:459:0: 'ConstitutiveSearch.SAT.FlipSymmetricTrajectory.primitiveSearch_finds_firstSibling' does not depend on any axioms
ℹ [44/142] Replayed RelationalPerimeter.Computation.ConstitutiveSearch.SAT.TrajectoryConstitutedLocalScheduleCore
info: RelationalPerimeter/Computation/ConstitutiveSearch/SAT/TrajectoryConstitutedLocalScheduleCore.lean:714:0: 'ConstitutiveSearch.SAT.ConstitutedLocalWitness' does not depend on any axioms
info: RelationalPerimeter/Computation/ConstitutiveSearch/SAT/TrajectoryConstitutedLocalScheduleCore.lean:715:0: 'ConstitutiveSearch.SAT.ConstitutedLocalWitness.code' does not depend on any axioms
info: RelationalPerimeter/Computation/ConstitutiveSearch/SAT/TrajectoryConstitutedLocalScheduleCore.lean:716:0: 'ConstitutiveSearch.SAT.ConstitutedLocalWitness.code_size' does not depend on any axioms
info: RelationalPerimeter/Computation/ConstitutiveSearch/SAT/TrajectoryConstitutedLocalScheduleCore.lean:717:0: 'ConstitutiveSearch.SAT.ConstitutedLocalWitness.code_searchable' does not depend on any axioms
info: RelationalPerimeter/Computation/ConstitutiveSearch/SAT/TrajectoryConstitutedLocalScheduleCore.lean:718:0: 'ConstitutiveSearch.SAT.ConstitutedLocalWitness.validation_success' does not depend on any axioms
info: RelationalPerimeter/Computation/ConstitutiveSearch/SAT/TrajectoryConstitutedLocalScheduleCore.lean:719:0: 'ConstitutiveSearch.SAT.ConstitutedLocalWitness.validation_primitiveQueries' does not depend on any axioms
info: RelationalPerimeter/Computation/ConstitutiveSearch/SAT/TrajectoryConstitutedLocalScheduleCore.lean:720:0: 'ConstitutiveSearch.SAT.ConstitutedLocalWitness.executionRun' does not depend on any axioms
info: RelationalPerimeter/Computation/ConstitutiveSearch/SAT/TrajectoryConstitutedLocalScheduleCore.lean:721:0: 'ConstitutiveSearch.SAT.ConstitutedLocalWitness.executionRun_found' does not depend on any axioms
info: RelationalPerimeter/Computation/ConstitutiveSearch/SAT/TrajectoryConstitutedLocalScheduleCore.lean:722:0: 'ConstitutiveSearch.SAT.ConstitutedLocalWitness.executionRun_stats' does not depend on any axioms
info: RelationalPerimeter/Computation/ConstitutiveSearch/SAT/TrajectoryConstitutedLocalScheduleCore.lean:723:0: 'ConstitutiveSearch.SAT.ConstitutedLocalWitness.localSequentialExecution' does not depend on any axioms
info: RelationalPerimeter/Computation/ConstitutiveSearch/SAT/TrajectoryConstitutedLocalScheduleCore.lean:724:0: 'ConstitutiveSearch.SAT.FlipSymmetricTrajectory.constitutedLocalWitnesses' does not depend on any axioms
info: RelationalPerimeter/Computation/ConstitutiveSearch/SAT/TrajectoryConstitutedLocalScheduleCore.lean:725:0: 'ConstitutiveSearch.SAT.FlipSymmetricTrajectory.constitutedLocalWitnesses_length' does not depend on any axioms
info: RelationalPerimeter/Computation/ConstitutiveSearch/SAT/TrajectoryConstitutedLocalScheduleCore.lean:726:0: 'ConstitutiveSearch.SAT.FlipSymmetricTrajectory.constitutedLocalWitnesses_vars' does not depend on any axioms
info: RelationalPerimeter/Computation/ConstitutiveSearch/SAT/TrajectoryConstitutedLocalScheduleCore.lean:727:0: 'ConstitutiveSearch.SAT.ConstitutedLocalSchedule.atomCount' does not depend on any axioms
info: RelationalPerimeter/Computation/ConstitutiveSearch/SAT/TrajectoryConstitutedLocalScheduleCore.lean:728:0: 'ConstitutiveSearch.SAT.ConstitutedLocalSchedule.validationPrimitiveQueries' does not depend on any axioms
info: RelationalPerimeter/Computation/ConstitutiveSearch/SAT/TrajectoryConstitutedLocalScheduleCore.lean:729:0: 'ConstitutiveSearch.SAT.ConstitutedLocalSchedule.executionStats' does not depend on any axioms
info: RelationalPerimeter/Computation/ConstitutiveSearch/SAT/TrajectoryConstitutedLocalScheduleCore.lean:730:0: 'ConstitutiveSearch.SAT.ConstitutedLocalSchedule.executionPrimitiveQueries' does not depend on any axioms
info: RelationalPerimeter/Computation/ConstitutiveSearch/SAT/TrajectoryConstitutedLocalScheduleCore.lean:731:0: 'ConstitutiveSearch.SAT.ConstitutedLocalSchedule.executionCompositionCandidates' does not depend on any axioms
info: RelationalPerimeter/Computation/ConstitutiveSearch/SAT/TrajectoryConstitutedLocalScheduleCore.lean:732:0: 'ConstitutiveSearch.SAT.ConstitutedLocalSchedule.ValidationSucceeds' does not depend on any axioms
info: RelationalPerimeter/Computation/ConstitutiveSearch/SAT/TrajectoryConstitutedLocalScheduleCore.lean:733:0: 'ConstitutiveSearch.SAT.ConstitutedLocalSchedule.HasLocalExecutions' does not depend on any axioms
info: RelationalPerimeter/Computation/ConstitutiveSearch/SAT/TrajectoryConstitutedLocalScheduleCore.lean:734:0: 'ConstitutiveSearch.SAT.ConstitutedLocalSchedule.atomCount_eq_length' does not depend on any axioms
info: RelationalPerimeter/Computation/ConstitutiveSearch/SAT/TrajectoryConstitutedLocalScheduleCore.lean:735:0: 'ConstitutiveSearch.SAT.ConstitutedLocalSchedule.validationPrimitiveQueries_eq_length' does not depend on any axioms
info: RelationalPerimeter/Computation/ConstitutiveSearch/SAT/TrajectoryConstitutedLocalScheduleCore.lean:736:0: 'ConstitutiveSearch.SAT.ConstitutedLocalSchedule.executionPrimitiveQueries_eq_length' does not depend on any axioms
info: RelationalPerimeter/Computation/ConstitutiveSearch/SAT/TrajectoryConstitutedLocalScheduleCore.lean:737:0: 'ConstitutiveSearch.SAT.ConstitutedLocalSchedule.executionCompositionCandidates_eq_zero' does not depend on any axioms
info: RelationalPerimeter/Computation/ConstitutiveSearch/SAT/TrajectoryConstitutedLocalScheduleCore.lean:738:0: 'ConstitutiveSearch.SAT.ConstitutedLocalSchedule.validationSucceeds' does not depend on any axioms
info: RelationalPerimeter/Computation/ConstitutiveSearch/SAT/TrajectoryConstitutedLocalScheduleCore.lean:739:0: 'ConstitutiveSearch.SAT.ConstitutedLocalSchedule.hasLocalExecutions' does not depend on any axioms
info: RelationalPerimeter/Computation/ConstitutiveSearch/SAT/TrajectoryConstitutedLocalScheduleCore.lean:740:0: 'ConstitutiveSearch.SAT.FlipSymmetricTrajectory.constitutedLocalAtomCount_eq_length' does not depend on any axioms
info: RelationalPerimeter/Computation/ConstitutiveSearch/SAT/TrajectoryConstitutedLocalScheduleCore.lean:741:0: 'ConstitutiveSearch.SAT.FlipSymmetricTrajectory.constitutedLocalValidationQueries_eq_length' does not depend on any axioms
info: RelationalPerimeter/Computation/ConstitutiveSearch/SAT/TrajectoryConstitutedLocalScheduleCore.lean:742:0: 'ConstitutiveSearch.SAT.FlipSymmetricTrajectory.constitutedLocalExecutionQueries_eq_length' does not depend on any axioms
info: RelationalPerimeter/Computation/ConstitutiveSearch/SAT/TrajectoryConstitutedLocalScheduleCore.lean:743:0: 'ConstitutiveSearch.SAT.FlipSymmetricTrajectory.constitutedLocalExecutionCompositionCandidates_eq_zero' does not depend on any axioms
info: RelationalPerimeter/Computation/ConstitutiveSearch/SAT/TrajectoryConstitutedLocalScheduleCore.lean:744:0: 'ConstitutiveSearch.SAT.FlipSymmetricTrajectory.constitutedLocalValidationSucceeds' does not depend on any axioms
info: RelationalPerimeter/Computation/ConstitutiveSearch/SAT/TrajectoryConstitutedLocalScheduleCore.lean:745:0: 'ConstitutiveSearch.SAT.FlipSymmetricTrajectory.constitutedLocalHasLocalExecutions' does not depend on any axioms
ℹ [45/142] Replayed RelationalPerimeter.Computation.ConstitutiveSearch.PolynomialCostEnvelope
info: RelationalPerimeter/Computation/ConstitutiveSearch/PolynomialCostEnvelope.lean:235:0: 'ConstitutiveSearch.CostPolynomial' does not depend on any axioms
info: RelationalPerimeter/Computation/ConstitutiveSearch/PolynomialCostEnvelope.lean:236:0: 'ConstitutiveSearch.CostPolynomial.eval' does not depend on any axioms
info: RelationalPerimeter/Computation/ConstitutiveSearch/PolynomialCostEnvelope.lean:237:0: 'ConstitutiveSearch.CostPolynomial.degree' does not depend on any axioms
info: RelationalPerimeter/Computation/ConstitutiveSearch/PolynomialCostEnvelope.lean:238:0: 'ConstitutiveSearch.CostPolynomial.substitute' does not depend on any axioms
info: RelationalPerimeter/Computation/ConstitutiveSearch/PolynomialCostEnvelope.lean:239:0: 'ConstitutiveSearch.CostPolynomial.eval_substitute' does not depend on any axioms
info: RelationalPerimeter/Computation/ConstitutiveSearch/PolynomialCostEnvelope.lean:240:0: 'ConstitutiveSearch.PolynomiallyBounded' does not depend on any axioms
info: RelationalPerimeter/Computation/ConstitutiveSearch/PolynomialCostEnvelope.lean:241:0: 'ConstitutiveSearch.PolynomiallyBounded.exact' does not depend on any axioms
info: RelationalPerimeter/Computation/ConstitutiveSearch/PolynomialCostEnvelope.lean:242:0: 'ConstitutiveSearch.PolynomiallyBounded.constant' does not depend on any axioms
info: RelationalPerimeter/Computation/ConstitutiveSearch/PolynomialCostEnvelope.lean:243:0: 'ConstitutiveSearch.PolynomiallyBounded.input' does not depend on any axioms
info: RelationalPerimeter/Computation/ConstitutiveSearch/PolynomialCostEnvelope.lean:244:0: 'ConstitutiveSearch.PolynomiallyBounded.natMulLeMul' does not depend on any axioms
info: RelationalPerimeter/Computation/ConstitutiveSearch/PolynomialCostEnvelope.lean:245:0: 'ConstitutiveSearch.PolynomiallyBounded.add' does not depend on any axioms
info: RelationalPerimeter/Computation/ConstitutiveSearch/PolynomialCostEnvelope.lean:246:0: 'ConstitutiveSearch.PolynomiallyBounded.mul' does not depend on any axioms
ℹ [46/142] Replayed RelationalPerimeter.Computation.ConstitutiveSearch.ComplexityInterface
info: RelationalPerimeter/Computation/ConstitutiveSearch/ComplexityInterface.lean:179:0: 'ConstitutiveSearch.ComplexityCounts' does not depend on any axioms
info: RelationalPerimeter/Computation/ConstitutiveSearch/ComplexityInterface.lean:180:0: 'ConstitutiveSearch.AtomicCosts' does not depend on any axioms
info: RelationalPerimeter/Computation/ConstitutiveSearch/ComplexityInterface.lean:181:0: 'ConstitutiveSearch.chargedCost' does not depend on any axioms
info: RelationalPerimeter/Computation/ConstitutiveSearch/ComplexityInterface.lean:182:0: 'ConstitutiveSearch.uniformChargedBudget' does not depend on any axioms
info: RelationalPerimeter/Computation/ConstitutiveSearch/ComplexityInterface.lean:183:0: 'ConstitutiveSearch.chargedCost_le_uniform' does not depend on any axioms
info: RelationalPerimeter/Computation/ConstitutiveSearch/ComplexityInterface.lean:184:0: 'ConstitutiveSearch.UniformAtomicBound' does not depend on any axioms
info: RelationalPerimeter/Computation/ConstitutiveSearch/ComplexityInterface.lean:185:0: 'ConstitutiveSearch.chargedCost_le_of_uniformBound' does not depend on any axioms
ℹ [47/142] Replayed RelationalPerimeter.Computation.ConstitutiveSearch.MachineCostInterface
info: RelationalPerimeter/Computation/ConstitutiveSearch/MachineCostInterface.lean:197:0: 'ConstitutiveSearch.AtomicCostPointwiseLe' does not depend on any axioms
info: RelationalPerimeter/Computation/ConstitutiveSearch/MachineCostInterface.lean:198:0: 'ConstitutiveSearch.chargedCost_mono' does not depend on any axioms
info: RelationalPerimeter/Computation/ConstitutiveSearch/MachineCostInterface.lean:199:0: 'ConstitutiveSearch.MachineCostModel' does not depend on any axioms
info: RelationalPerimeter/Computation/ConstitutiveSearch/MachineCostInterface.lean:200:0: 'ConstitutiveSearch.affineAtomicEnvelope' does not depend on any axioms
info: RelationalPerimeter/Computation/ConstitutiveSearch/MachineCostInterface.lean:201:0: 'ConstitutiveSearch.RepresentationMachineBridge' does not depend on any axioms
info: RelationalPerimeter/Computation/ConstitutiveSearch/MachineCostInterface.lean:202:0: 'ConstitutiveSearch.machineChargedCost' does not depend on any axioms
info: RelationalPerimeter/Computation/ConstitutiveSearch/MachineCostInterface.lean:203:0: 'ConstitutiveSearch.representationCalibratedMachineBudget' does not depend on any axioms
info: RelationalPerimeter/Computation/ConstitutiveSearch/MachineCostInterface.lean:204:0: 'ConstitutiveSearch.machineChargedCost_le_calibrated' does not depend on any axioms
info: RelationalPerimeter/Computation/ConstitutiveSearch/MachineCostInterface.lean:205:0: 'ConstitutiveSearch.atomicCostPointwiseLe_refl' does not depend on any axioms
ℹ [48/142] Replayed RelationalPerimeter.Computation.ConstitutiveSearch.ConstitutiveComplexityProfile
info: RelationalPerimeter/Computation/ConstitutiveSearch/ConstitutiveComplexityProfile.lean:233:0: 'ConstitutiveSearch.ConstitutiveComplexityProfile' does not depend on any axioms
info: RelationalPerimeter/Computation/ConstitutiveSearch/ConstitutiveComplexityProfile.lean:234:0: 'ConstitutiveSearch.ComplexityCounts.add' does not depend on any axioms
info: RelationalPerimeter/Computation/ConstitutiveSearch/ConstitutiveComplexityProfile.lean:235:0: 'ConstitutiveSearch.ComplexityCounts.zero' does not depend on any axioms
info: RelationalPerimeter/Computation/ConstitutiveSearch/ConstitutiveComplexityProfile.lean:236:0: 'ConstitutiveSearch.ComplexityCounts.zero_add' does not depend on any axioms
info: RelationalPerimeter/Computation/ConstitutiveSearch/ConstitutiveComplexityProfile.lean:237:0: 'ConstitutiveSearch.ComplexityCounts.add_zero' does not depend on any axioms
info: RelationalPerimeter/Computation/ConstitutiveSearch/ConstitutiveComplexityProfile.lean:238:0: 'ConstitutiveSearch.RepresentationConsistent' does not depend on any axioms
info: RelationalPerimeter/Computation/ConstitutiveSearch/ConstitutiveComplexityProfile.lean:239:0: 'ConstitutiveSearch.ConstitutiveComplexityProfile.BoundedBy' does not depend on any axioms
info: RelationalPerimeter/Computation/ConstitutiveSearch/ConstitutiveComplexityProfile.lean:240:0: 'ConstitutiveSearch.ConstitutiveComplexityProfile.BoundedBy.refl' does not depend on any axioms
info: RelationalPerimeter/Computation/ConstitutiveSearch/ConstitutiveComplexityProfile.lean:241:0: 'ConstitutiveSearch.ConstitutiveComplexityProfile.BoundedBy.trans' does not depend on any axioms
ℹ [49/142] Replayed RelationalPerimeter.Computation.ConstitutiveSearch.ConstitutiveComplexityComposition
info: RelationalPerimeter/Computation/ConstitutiveSearch/ConstitutiveComplexityComposition.lean:175:0: 'ConstitutiveSearch.ConstitutiveComplexityProfile.compose' does not depend on any axioms
info: RelationalPerimeter/Computation/ConstitutiveSearch/ConstitutiveComplexityComposition.lean:176:0: 'ConstitutiveSearch.ConstitutiveComplexityProfile.left_boundedBy_compose' does not depend on any axioms
info: RelationalPerimeter/Computation/ConstitutiveSearch/ConstitutiveComplexityComposition.lean:177:0: 'ConstitutiveSearch.ConstitutiveComplexityProfile.right_boundedBy_compose' does not depend on any axioms
info: RelationalPerimeter/Computation/ConstitutiveSearch/ConstitutiveComplexityComposition.lean:178:0: 'ConstitutiveSearch.ConstitutiveComplexityProfile.compose_events' does not depend on any axioms
info: RelationalPerimeter/Computation/ConstitutiveSearch/ConstitutiveComplexityComposition.lean:179:0: 'ConstitutiveSearch.ConstitutiveComplexityProfile.compose_representationCharge' does not depend on any axioms
ℹ [50/142] Replayed RelationalPerimeter.Computation.ConstitutiveSearch.ConstitutiveComplexityPolynomial
info: RelationalPerimeter/Computation/ConstitutiveSearch/ConstitutiveComplexityPolynomial.lean:265:0: 'ConstitutiveSearch.polynomiallyBounded_max' does not depend on any axioms
info: RelationalPerimeter/Computation/ConstitutiveSearch/ConstitutiveComplexityPolynomial.lean:266:0: 'ConstitutiveSearch.ConstitutiveProfileFamilyPolynomiallyBounded' does not depend on any axioms
info: RelationalPerimeter/Computation/ConstitutiveSearch/ConstitutiveComplexityPolynomial.lean:267:0: 'ConstitutiveSearch.ConstitutiveProfileFamilyPolynomiallyBounded.compose' does not depend on any axioms
ℹ [51/142] Replayed RelationalPerimeter.Computation.ConstitutiveSearch.ConstitutiveComplexityInputPolynomial
info: RelationalPerimeter/Computation/ConstitutiveSearch/ConstitutiveComplexityInputPolynomial.lean:506:0: 'ConstitutiveSearch.CostPolynomial.eval_mono' does not depend on any axioms
info: RelationalPerimeter/Computation/ConstitutiveSearch/ConstitutiveComplexityInputPolynomial.lean:507:0: 'ConstitutiveSearch.InputPolynomiallyBounded' does not depend on any axioms
info: RelationalPerimeter/Computation/ConstitutiveSearch/ConstitutiveComplexityInputPolynomial.lean:508:0: 'ConstitutiveSearch.InputPolynomiallyBounded.self' does not depend on any axioms
info: RelationalPerimeter/Computation/ConstitutiveSearch/ConstitutiveComplexityInputPolynomial.lean:509:0: 'ConstitutiveSearch.InputPolynomiallyBounded.constant' does not depend on any axioms
info: RelationalPerimeter/Computation/ConstitutiveSearch/ConstitutiveComplexityInputPolynomial.lean:510:0: 'ConstitutiveSearch.InputPolynomiallyBounded.apply_polynomial' does not depend on any axioms
info: RelationalPerimeter/Computation/ConstitutiveSearch/ConstitutiveComplexityInputPolynomial.lean:511:0: 'ConstitutiveSearch.InputPolynomiallyBounded.add_under_max' does not depend on any axioms
info: RelationalPerimeter/Computation/ConstitutiveSearch/ConstitutiveComplexityInputPolynomial.lean:512:0: 'ConstitutiveSearch.InputPolynomiallyBounded.max_under_max' does not depend on any axioms
info: RelationalPerimeter/Computation/ConstitutiveSearch/ConstitutiveComplexityInputPolynomial.lean:513:0: 'ConstitutiveSearch.ConstitutiveProfileFamilyInputPolynomiallyBounded' does not depend on any axioms
info: RelationalPerimeter/Computation/ConstitutiveSearch/ConstitutiveComplexityInputPolynomial.lean:514:0: 'ConstitutiveSearch.ConstitutiveProfileFamilyInputPolynomiallyBounded.compose' does not depend on any axioms
ℹ [52/142] Replayed RelationalPerimeter.Computation.ConstitutiveSearch.SAT.ExplicitStackedSymmetricFamily
info: RelationalPerimeter/Computation/ConstitutiveSearch/SAT/ExplicitStackedSymmetricFamily.lean:816:0: 'ConstitutiveSearch.SAT.Cnf.avoidsVar_append' does not depend on any axioms
info: RelationalPerimeter/Computation/ConstitutiveSearch/SAT/ExplicitStackedSymmetricFamily.lean:817:0: 'ConstitutiveSearch.SAT.Cnf.branchResidual_append' does not depend on any axioms
info: RelationalPerimeter/Computation/ConstitutiveSearch/SAT/ExplicitStackedSymmetricFamily.lean:818:0: 'ConstitutiveSearch.SAT.Cnf.flipAt_append' does not depend on any axioms
info: RelationalPerimeter/Computation/ConstitutiveSearch/SAT/ExplicitStackedSymmetricFamily.lean:819:0: 'ConstitutiveSearch.SAT.FlipSymmetricAt.prepend_avoiding' does not depend on any axioms
info: RelationalPerimeter/Computation/ConstitutiveSearch/SAT/ExplicitStackedSymmetricFamily.lean:820:0: 'ConstitutiveSearch.SAT.symmetricBlockFamily_trueResidual' does not depend on any axioms
info: RelationalPerimeter/Computation/ConstitutiveSearch/SAT/ExplicitStackedSymmetricFamily.lean:821:0: 'ConstitutiveSearch.SAT.stackedSymmetricBlocks' does not depend on any axioms
info: RelationalPerimeter/Computation/ConstitutiveSearch/SAT/ExplicitStackedSymmetricFamily.lean:822:0: 'ConstitutiveSearch.SAT.explicitStackedSymmetricFamily' does not depend on any axioms
info: RelationalPerimeter/Computation/ConstitutiveSearch/SAT/ExplicitStackedSymmetricFamily.lean:823:0: 'ConstitutiveSearch.SAT.stackedSymmetricBlocks_length' does not depend on any axioms
info: RelationalPerimeter/Computation/ConstitutiveSearch/SAT/ExplicitStackedSymmetricFamily.lean:824:0: 'ConstitutiveSearch.SAT.stackedSymmetricBlocks_avoids_of_le' does not depend on any axioms
info: RelationalPerimeter/Computation/ConstitutiveSearch/SAT/ExplicitStackedSymmetricFamily.lean:825:0: 'ConstitutiveSearch.SAT.stackedSymmetricBlocks_trueResidual' does not depend on any axioms
info: RelationalPerimeter/Computation/ConstitutiveSearch/SAT/ExplicitStackedSymmetricFamily.lean:826:0: 'ConstitutiveSearch.SAT.stackedStage_flipSymmetric' does not depend on any axioms
info: RelationalPerimeter/Computation/ConstitutiveSearch/SAT/ExplicitStackedSymmetricFamily.lean:827:0: 'ConstitutiveSearch.SAT.append_singleton_cons' does not depend on any axioms
info: RelationalPerimeter/Computation/ConstitutiveSearch/SAT/ExplicitStackedSymmetricFamily.lean:828:0: 'ConstitutiveSearch.SAT.stackedStage_trueResidual_preAssoc' does not depend on any axioms
info: RelationalPerimeter/Computation/ConstitutiveSearch/SAT/ExplicitStackedSymmetricFamily.lean:829:0: 'ConstitutiveSearch.SAT.stackedStage_trueResidual' does not depend on any axioms
info: RelationalPerimeter/Computation/ConstitutiveSearch/SAT/ExplicitStackedSymmetricFamily.lean:830:0: 'ConstitutiveSearch.SAT.PrefixAvoidsBelow' does not depend on any axioms
info: RelationalPerimeter/Computation/ConstitutiveSearch/SAT/ExplicitStackedSymmetricFamily.lean:831:0: 'ConstitutiveSearch.SAT.DecisionsAvoidBelow' does not depend on any axioms
info: RelationalPerimeter/Computation/ConstitutiveSearch/SAT/ExplicitStackedSymmetricFamily.lean:832:0: 'ConstitutiveSearch.SAT.StackedTrajectoryResult' does not depend on any axioms
info: RelationalPerimeter/Computation/ConstitutiveSearch/SAT/ExplicitStackedSymmetricFamily.lean:833:0: 'ConstitutiveSearch.SAT.buildStackedTrajectory' does not depend on any axioms
info: RelationalPerimeter/Computation/ConstitutiveSearch/SAT/ExplicitStackedSymmetricFamily.lean:834:0: 'ConstitutiveSearch.SAT.explicitStackedTrajectory' does not depend on any axioms
info: RelationalPerimeter/Computation/ConstitutiveSearch/SAT/ExplicitStackedSymmetricFamily.lean:835:0: 'ConstitutiveSearch.SAT.explicitStackedTrajectory_length' does not depend on any axioms
info: RelationalPerimeter/Computation/ConstitutiveSearch/SAT/ExplicitStackedSymmetricFamily.lean:836:0: 'ConstitutiveSearch.SAT.explicitStackedTrajectory_width_le_two' does not depend on any axioms
info: RelationalPerimeter/Computation/ConstitutiveSearch/SAT/ExplicitStackedSymmetricFamily.lean:837:0: 'ConstitutiveSearch.SAT.explicitStackedTrajectory_viable_iff' does not depend on any axioms
ℹ [53/142] Replayed RelationalPerimeter.Computation.ConstitutiveSearch.SAT.StructuralProgress
info: RelationalPerimeter/Computation/ConstitutiveSearch/SAT/StructuralProgress.lean:411:0: 'ConstitutiveSearch.SAT.Literal.varOf' does not depend on any axioms
info: RelationalPerimeter/Computation/ConstitutiveSearch/SAT/StructuralProgress.lean:412:0: 'ConstitutiveSearch.SAT.Clause.variableOccurrences' does not depend on any axioms
info: RelationalPerimeter/Computation/ConstitutiveSearch/SAT/StructuralProgress.lean:413:0: 'ConstitutiveSearch.SAT.Cnf.variableOccurrences' does not depend on any axioms
info: RelationalPerimeter/Computation/ConstitutiveSearch/SAT/StructuralProgress.lean:414:0: 'ConstitutiveSearch.SAT.StructuralDecisionsDistinct' does not depend on any axioms
info: RelationalPerimeter/Computation/ConstitutiveSearch/SAT/StructuralProgress.lean:415:0: 'ConstitutiveSearch.SAT.StructuralGeneratedFrom.decisionsDistinct' does not depend on any axioms
info: RelationalPerimeter/Computation/ConstitutiveSearch/SAT/StructuralProgress.lean:416:0: 'ConstitutiveSearch.SAT.VarRemoval' does not depend on any axioms
info: RelationalPerimeter/Computation/ConstitutiveSearch/SAT/StructuralProgress.lean:417:0: 'ConstitutiveSearch.SAT.VarRemoval.length_eq' does not depend on any axioms
info: RelationalPerimeter/Computation/ConstitutiveSearch/SAT/StructuralProgress.lean:418:0: 'ConstitutiveSearch.SAT.VarRemoval.find' does not depend on any axioms
info: RelationalPerimeter/Computation/ConstitutiveSearch/SAT/StructuralProgress.lean:419:0: 'ConstitutiveSearch.SAT.VarRemoval.impossible_from_empty' does not depend on any axioms
info: RelationalPerimeter/Computation/ConstitutiveSearch/SAT/StructuralProgress.lean:420:0: 'ConstitutiveSearch.SAT.ResourceDecision' does not depend on any axioms
info: RelationalPerimeter/Computation/ConstitutiveSearch/SAT/StructuralProgress.lean:421:0: 'ConstitutiveSearch.SAT.ResourceTerminal' does not depend on any axioms
info: RelationalPerimeter/Computation/ConstitutiveSearch/SAT/StructuralProgress.lean:422:0: 'ConstitutiveSearch.SAT.ResourceTerminal.exhausted' does not depend on any axioms
info: RelationalPerimeter/Computation/ConstitutiveSearch/SAT/StructuralProgress.lean:423:0: 'ConstitutiveSearch.SAT.ResourceTerminal.not_of_fresh_head' does not depend on any axioms
info: RelationalPerimeter/Computation/ConstitutiveSearch/SAT/StructuralProgress.lean:424:0: 'ConstitutiveSearch.SAT.ResourceTerminal.iff_no_fresh_removal' does not depend on any axioms
info: RelationalPerimeter/Computation/ConstitutiveSearch/SAT/StructuralProgress.lean:425:0: 'ConstitutiveSearch.SAT.ResourceGeneratedFrom' does not depend on any axioms
info: RelationalPerimeter/Computation/ConstitutiveSearch/SAT/StructuralProgress.lean:426:0: 'ConstitutiveSearch.SAT.ResourceGeneratedFrom.budget_exact' does not depend on any axioms
info: RelationalPerimeter/Computation/ConstitutiveSearch/SAT/StructuralProgress.lean:427:0: 'ConstitutiveSearch.SAT.ResourceGeneratedFrom.depth_bound_certificate' does not depend on any axioms
info: RelationalPerimeter/Computation/ConstitutiveSearch/SAT/StructuralProgress.lean:428:0: 'ConstitutiveSearch.SAT.ResourceGeneratedFrom.depth_le_initial' does not depend on any axioms
info: RelationalPerimeter/Computation/ConstitutiveSearch/SAT/StructuralProgress.lean:429:0: 'ConstitutiveSearch.SAT.ResourceGeneratedFrom.terminal_of_exhausted' does not depend on any axioms
info: RelationalPerimeter/Computation/ConstitutiveSearch/SAT/StructuralProgress.lean:430:0: 'ConstitutiveSearch.SAT.ResourceGeneratedFrom.depth_eq_initial_of_exhausted' does not depend on any axioms
info: RelationalPerimeter/Computation/ConstitutiveSearch/SAT/StructuralProgress.lean:431:0: 'ConstitutiveSearch.SAT.FormulaResourceGeneratedFrom' does not depend on any axioms
ℹ [54/142] Replayed RelationalPerimeter.Computation.ConstitutiveSearch.SAT.ExplicitFamilyResources
info: RelationalPerimeter/Computation/ConstitutiveSearch/SAT/ExplicitFamilyResources.lean:464:0: 'ConstitutiveSearch.SAT.stackedDecisionResource' does not depend on any axioms
info: RelationalPerimeter/Computation/ConstitutiveSearch/SAT/ExplicitFamilyResources.lean:465:0: 'ConstitutiveSearch.SAT.stackedDecisionResource_succ' does not depend on any axioms
info: RelationalPerimeter/Computation/ConstitutiveSearch/SAT/ExplicitFamilyResources.lean:466:0: 'ConstitutiveSearch.SAT.stackedDecisionResource_length' does not depend on any axioms
info: RelationalPerimeter/Computation/ConstitutiveSearch/SAT/ExplicitFamilyResources.lean:467:0: 'ConstitutiveSearch.SAT.Cnf.literalCount' does not depend on any axioms
info: RelationalPerimeter/Computation/ConstitutiveSearch/SAT/ExplicitFamilyResources.lean:468:0: 'ConstitutiveSearch.SAT.symmetricPositiveClause_length' does not depend on any axioms
info: RelationalPerimeter/Computation/ConstitutiveSearch/SAT/ExplicitFamilyResources.lean:469:0: 'ConstitutiveSearch.SAT.symmetricNegativeClause_length' does not depend on any axioms
info: RelationalPerimeter/Computation/ConstitutiveSearch/SAT/ExplicitFamilyResources.lean:470:0: 'ConstitutiveSearch.SAT.symmetricBlockFamily_literalCount' does not depend on any axioms
info: RelationalPerimeter/Computation/ConstitutiveSearch/SAT/ExplicitFamilyResources.lean:471:0: 'ConstitutiveSearch.SAT.stackedSymmetricBlocks_literalCount' does not depend on any axioms
info: RelationalPerimeter/Computation/ConstitutiveSearch/SAT/ExplicitFamilyResources.lean:472:0: 'ConstitutiveSearch.SAT.ResourceAlignedStackedTrajectoryResult' does not depend on any axioms
info: RelationalPerimeter/Computation/ConstitutiveSearch/SAT/ExplicitFamilyResources.lean:473:0: 'ConstitutiveSearch.SAT.buildResourceAlignedStackedTrajectory' does not depend on any axioms
info: RelationalPerimeter/Computation/ConstitutiveSearch/SAT/ExplicitFamilyResources.lean:474:0: 'ConstitutiveSearch.SAT.explicitFamilyDecisionResource' does not depend on any axioms
info: RelationalPerimeter/Computation/ConstitutiveSearch/SAT/ExplicitFamilyResources.lean:475:0: 'ConstitutiveSearch.SAT.explicitFamilyDecisionResource_length' does not depend on any axioms
info: RelationalPerimeter/Computation/ConstitutiveSearch/SAT/ExplicitFamilyResources.lean:476:0: 'ConstitutiveSearch.SAT.explicitFamilyResourceRoot' does not depend on any axioms
info: RelationalPerimeter/Computation/ConstitutiveSearch/SAT/ExplicitFamilyResources.lean:477:0: 'ConstitutiveSearch.SAT.explicitFamilyResourceTrajectory' does not depend on any axioms
info: RelationalPerimeter/Computation/ConstitutiveSearch/SAT/ExplicitFamilyResources.lean:478:0: 'ConstitutiveSearch.SAT.explicitFamilyResourceTrajectory_width_le_two' does not depend on any axioms
info: RelationalPerimeter/Computation/ConstitutiveSearch/SAT/ExplicitFamilyResources.lean:479:0: 'ConstitutiveSearch.SAT.explicitFamilyEndpoint_depth' does not depend on any axioms
info: RelationalPerimeter/Computation/ConstitutiveSearch/SAT/ExplicitFamilyResources.lean:480:0: 'ConstitutiveSearch.SAT.explicitFamilyEndpoint_terminal' does not depend on any axioms
info: RelationalPerimeter/Computation/ConstitutiveSearch/SAT/ExplicitFamilyResources.lean:481:0: 'ConstitutiveSearch.SAT.explicitFamilyEndpoint_no_next_decision' does not depend on any axioms
info: RelationalPerimeter/Computation/ConstitutiveSearch/SAT/ExplicitFamilyResources.lean:482:0: 'ConstitutiveSearch.SAT.explicitFamilyResourceTrajectory_viable_iff' does not depend on any axioms
ℹ [55/142] Replayed RelationalPerimeter.Computation.ConstitutiveSearch.SAT.ExplicitFamilyCosts
info: RelationalPerimeter/Computation/ConstitutiveSearch/SAT/ExplicitFamilyCosts.lean:265:0: 'ConstitutiveSearch.SAT.FlipSymmetricTrajectory.stepCount' does not depend on any axioms
info: RelationalPerimeter/Computation/ConstitutiveSearch/SAT/ExplicitFamilyCosts.lean:266:0: 'ConstitutiveSearch.SAT.FlipSymmetricTrajectory.stepCount_eq_index' does not depend on any axioms
info: RelationalPerimeter/Computation/ConstitutiveSearch/SAT/ExplicitFamilyCosts.lean:267:0: 'ConstitutiveSearch.SAT.FlipSymmetricTrajectory.frontierSlotCount' does not depend on any axioms
info: RelationalPerimeter/Computation/ConstitutiveSearch/SAT/ExplicitFamilyCosts.lean:268:0: 'ConstitutiveSearch.SAT.FlipSymmetricTrajectory.frontierSlotCount_succ' does not depend on any axioms
info: RelationalPerimeter/Computation/ConstitutiveSearch/SAT/ExplicitFamilyCosts.lean:269:0: 'ConstitutiveSearch.SAT.FlipSymmetricTrajectory.frontierSlotCount_eq' does not depend on any axioms
info: RelationalPerimeter/Computation/ConstitutiveSearch/SAT/ExplicitFamilyCosts.lean:270:0: 'ConstitutiveSearch.SAT.FlipSymmetricTrajectory.structuralWorkUnits' does not depend on any axioms
info: RelationalPerimeter/Computation/ConstitutiveSearch/SAT/ExplicitFamilyCosts.lean:271:0: 'ConstitutiveSearch.SAT.FlipSymmetricTrajectory.structuralWorkArithmetic' does not depend on any axioms
info: RelationalPerimeter/Computation/ConstitutiveSearch/SAT/ExplicitFamilyCosts.lean:272:0: 'ConstitutiveSearch.SAT.FlipSymmetricTrajectory.structuralWorkUnits_eq' does not depend on any axioms
info: RelationalPerimeter/Computation/ConstitutiveSearch/SAT/ExplicitFamilyCosts.lean:273:0: 'ConstitutiveSearch.SAT.ExplicitFamilyCertifiedCounts' does not depend on any axioms
info: RelationalPerimeter/Computation/ConstitutiveSearch/SAT/ExplicitFamilyCosts.lean:274:0: 'ConstitutiveSearch.SAT.explicitFamilyCertifiedCounts' does not depend on any axioms
info: RelationalPerimeter/Computation/ConstitutiveSearch/SAT/ExplicitFamilyCosts.lean:275:0: 'ConstitutiveSearch.SAT.explicitFamilyStructuralWorkUnits' does not depend on any axioms
info: RelationalPerimeter/Computation/ConstitutiveSearch/SAT/ExplicitFamilyCosts.lean:276:0: 'ConstitutiveSearch.SAT.explicitFamilyStructuralWorkUnits_eq' does not depend on any axioms
ℹ [56/142] Replayed RelationalPerimeter.Computation.ConstitutiveSearch.SAT.ExplicitFamilyProvenance
info: RelationalPerimeter/Computation/ConstitutiveSearch/SAT/ExplicitFamilyProvenance.lean:172:0: 'ConstitutiveSearch.SAT.StructuralGeneratedFrom.decisions_length_eq_depth' does not depend on any axioms
info: RelationalPerimeter/Computation/ConstitutiveSearch/SAT/ExplicitFamilyProvenance.lean:173:0: 'ConstitutiveSearch.SAT.GeneratedStructuralBranchContext.provenanceSize' does not depend on any axioms
info: RelationalPerimeter/Computation/ConstitutiveSearch/SAT/ExplicitFamilyProvenance.lean:174:0: 'ConstitutiveSearch.SAT.GeneratedStructuralBranchContext.provenanceSize_eq_depth' does not depend on any axioms
info: RelationalPerimeter/Computation/ConstitutiveSearch/SAT/ExplicitFamilyProvenance.lean:175:0: 'ConstitutiveSearch.SAT.GeneratedStructuralBranchContext.root_provenanceSize' does not depend on any axioms
info: RelationalPerimeter/Computation/ConstitutiveSearch/SAT/ExplicitFamilyProvenance.lean:176:0: 'ConstitutiveSearch.SAT.GeneratedStructuralBranchContext.child_provenanceSize' does not depend on any axioms
info: RelationalPerimeter/Computation/ConstitutiveSearch/SAT/ExplicitFamilyProvenance.lean:177:0: 'ConstitutiveSearch.SAT.FlipSymmetricTrajectory.finish_provenanceSize_eq' does not depend on any axioms
info: RelationalPerimeter/Computation/ConstitutiveSearch/SAT/ExplicitFamilyProvenance.lean:178:0: 'ConstitutiveSearch.SAT.explicitFamilyEndpoint_provenanceSize' does not depend on any axioms
info: RelationalPerimeter/Computation/ConstitutiveSearch/SAT/ExplicitFamilyProvenance.lean:179:0: 'ConstitutiveSearch.SAT.explicitFamilyEndpoint_decisions_length' does not depend on any axioms
ℹ [57/142] Replayed RelationalPerimeter.Computation.ConstitutiveSearch.SAT.ExplicitFamilyTransportCosts
info: RelationalPerimeter/Computation/ConstitutiveSearch/SAT/ExplicitFamilyTransportCosts.lean:230:0: 'ConstitutiveSearch.SAT.GeneratedStructuralFlipWitness' does not depend on any axioms
info: RelationalPerimeter/Computation/ConstitutiveSearch/SAT/ExplicitFamilyTransportCosts.lean:231:0: 'ConstitutiveSearch.SAT.GeneratedStructuralFlipWitness.toAcceptingTransport' does not depend on any axioms
info: RelationalPerimeter/Computation/ConstitutiveSearch/SAT/ExplicitFamilyTransportCosts.lean:232:0: 'ConstitutiveSearch.SAT.generatedStructuralFlipWitnessAction' does not depend on any axioms
info: RelationalPerimeter/Computation/ConstitutiveSearch/SAT/ExplicitFamilyTransportCosts.lean:233:0: 'ConstitutiveSearch.SAT.flipSymmetricSiblingWitness' does not depend on any axioms
info: RelationalPerimeter/Computation/ConstitutiveSearch/SAT/ExplicitFamilyTransportCosts.lean:234:0: 'ConstitutiveSearch.SAT.flipSymmetricSiblingCode' does not depend on any axioms
info: RelationalPerimeter/Computation/ConstitutiveSearch/SAT/ExplicitFamilyTransportCosts.lean:235:0: 'ConstitutiveSearch.SAT.flipSymmetricSiblingCode_size' does not depend on any axioms
info: RelationalPerimeter/Computation/ConstitutiveSearch/SAT/ExplicitFamilyTransportCosts.lean:236:0: 'ConstitutiveSearch.SAT.FlipSymmetricTrajectory.transportCertificateAtomCount' does not depend on any axioms
info: RelationalPerimeter/Computation/ConstitutiveSearch/SAT/ExplicitFamilyTransportCosts.lean:237:0: 'ConstitutiveSearch.SAT.FlipSymmetricTrajectory.transportCertificateAtomCount_eq_index' does not depend on any axioms
info: RelationalPerimeter/Computation/ConstitutiveSearch/SAT/ExplicitFamilyTransportCosts.lean:238:0: 'ConstitutiveSearch.SAT.explicitFamilyTransportCertificateAtomCount' does not depend on any axioms
info: RelationalPerimeter/Computation/ConstitutiveSearch/SAT/ExplicitFamilyTransportCosts.lean:239:0: 'ConstitutiveSearch.SAT.ExplicitFamilyCertificateSizes' does not depend on any axioms
info: RelationalPerimeter/Computation/ConstitutiveSearch/SAT/ExplicitFamilyTransportCosts.lean:240:0: 'ConstitutiveSearch.SAT.explicitFamilyCertificateSizes' does not depend on any axioms
ℹ [58/142] Replayed RelationalPerimeter.Computation.ConstitutiveSearch.RepresentationCost
info: RelationalPerimeter/Computation/ConstitutiveSearch/RepresentationCost.lean:73:0: 'ConstitutiveSearch.BinaryRepresentation.natBitSizeCore' does not depend on any axioms
info: RelationalPerimeter/Computation/ConstitutiveSearch/RepresentationCost.lean:74:0: 'ConstitutiveSearch.BinaryRepresentation.natBitSize' does not depend on any axioms
info: RelationalPerimeter/Computation/ConstitutiveSearch/RepresentationCost.lean:75:0: 'ConstitutiveSearch.BinaryRepresentation.natBitSizeCore_le_fuel' does not depend on any axioms
info: RelationalPerimeter/Computation/ConstitutiveSearch/RepresentationCost.lean:76:0: 'ConstitutiveSearch.BinaryRepresentation.natBitSize_le_succ' does not depend on any axioms
ℹ [59/142] Replayed RelationalPerimeter.Computation.ConstitutiveSearch.SAT.ExplicitFamilyRelationCosts
info: RelationalPerimeter/Computation/ConstitutiveSearch/SAT/ExplicitFamilyRelationCosts.lean:380:0: 'ConstitutiveSearch.SAT.Cnf.branchResidual_literalCount_le' does not depend on any axioms
info: RelationalPerimeter/Computation/ConstitutiveSearch/SAT/ExplicitFamilyRelationCosts.lean:381:0: 'ConstitutiveSearch.SAT.GeneratedStructuralBranchContext.child_literalCount_le' does not depend on any axioms
info: RelationalPerimeter/Computation/ConstitutiveSearch/SAT/ExplicitFamilyRelationCosts.lean:382:0: 'ConstitutiveSearch.SAT.siblingRelationVerificationSurface' does not depend on any axioms
info: RelationalPerimeter/Computation/ConstitutiveSearch/SAT/ExplicitFamilyRelationCosts.lean:383:0: 'ConstitutiveSearch.SAT.uniformRelationVerificationUnit' does not depend on any axioms
info: RelationalPerimeter/Computation/ConstitutiveSearch/SAT/ExplicitFamilyRelationCosts.lean:384:0: 'ConstitutiveSearch.SAT.siblingRelationVerificationSurface_le' does not depend on any axioms
info: RelationalPerimeter/Computation/ConstitutiveSearch/SAT/ExplicitFamilyRelationCosts.lean:385:0: 'ConstitutiveSearch.SAT.FlipSymmetricTrajectory.relationVerificationSurface' does not depend on any axioms
info: RelationalPerimeter/Computation/ConstitutiveSearch/SAT/ExplicitFamilyRelationCosts.lean:386:0: 'ConstitutiveSearch.SAT.FlipSymmetricTrajectory.relationVerificationSurface_le_uniform' does not depend on any axioms
info: RelationalPerimeter/Computation/ConstitutiveSearch/SAT/ExplicitFamilyRelationCosts.lean:387:0: 'ConstitutiveSearch.SAT.explicitFamilyRelationVerificationBudget' does not depend on any axioms
info: RelationalPerimeter/Computation/ConstitutiveSearch/SAT/ExplicitFamilyRelationCosts.lean:388:0: 'ConstitutiveSearch.SAT.explicitFamilyRelationVerificationSurface_le' does not depend on any axioms
ℹ [60/142] Replayed RelationalPerimeter.Computation.ConstitutiveSearch.SAT.ExplicitFamilyNormalizationCosts
info: RelationalPerimeter/Computation/ConstitutiveSearch/SAT/ExplicitFamilyNormalizationCosts.lean:299:0: 'ConstitutiveSearch.SAT.generatedStructuralFlipAtSearch_sibling_found' does not depend on any axioms
info: RelationalPerimeter/Computation/ConstitutiveSearch/SAT/ExplicitFamilyNormalizationCosts.lean:300:0: 'ConstitutiveSearch.SAT.FlipSymmetricTrajectory.normalizationFindCallCount' does not depend on any axioms
info: RelationalPerimeter/Computation/ConstitutiveSearch/SAT/ExplicitFamilyNormalizationCosts.lean:301:0: 'ConstitutiveSearch.SAT.FlipSymmetricTrajectory.normalizationFindCallCount_eq' does not depend on any axioms
info: RelationalPerimeter/Computation/ConstitutiveSearch/SAT/ExplicitFamilyNormalizationCosts.lean:302:0: 'ConstitutiveSearch.SAT.FlipSymmetricTrajectory.normalizationRelationVerificationSurface' does not depend on any axioms
info: RelationalPerimeter/Computation/ConstitutiveSearch/SAT/ExplicitFamilyNormalizationCosts.lean:303:0: 'ConstitutiveSearch.SAT.FlipSymmetricTrajectory.normalizationRelationVerificationSurface_le_uniform' does not depend on any axioms
info: RelationalPerimeter/Computation/ConstitutiveSearch/SAT/ExplicitFamilyNormalizationCosts.lean:304:0: 'ConstitutiveSearch.SAT.explicitFamilyNormalizationFindCallCount' does not depend on any axioms
info: RelationalPerimeter/Computation/ConstitutiveSearch/SAT/ExplicitFamilyNormalizationCosts.lean:305:0: 'ConstitutiveSearch.SAT.explicitFamilyNormalizationVerificationBudget' does not depend on any axioms
info: RelationalPerimeter/Computation/ConstitutiveSearch/SAT/ExplicitFamilyNormalizationCosts.lean:306:0: 'ConstitutiveSearch.SAT.explicitFamilyNormalizationVerificationSurface_le' does not depend on any axioms
ℹ [61/142] Replayed RelationalPerimeter.Computation.ConstitutiveSearch.SAT.ExplicitFamilyComplexity
info: RelationalPerimeter/Computation/ConstitutiveSearch/SAT/ExplicitFamilyComplexity.lean:170:0: 'ConstitutiveSearch.SAT.explicitFamilyComplexityCounts' does not depend on any axioms
info: RelationalPerimeter/Computation/ConstitutiveSearch/SAT/ExplicitFamilyComplexity.lean:171:0: 'ConstitutiveSearch.SAT.ExplicitFamilyComplexityEvidence' does not depend on any axioms
info: RelationalPerimeter/Computation/ConstitutiveSearch/SAT/ExplicitFamilyComplexity.lean:172:0: 'ConstitutiveSearch.SAT.explicitFamilyComplexityEvidence' does not depend on any axioms
info: RelationalPerimeter/Computation/ConstitutiveSearch/SAT/ExplicitFamilyComplexity.lean:173:0: 'ConstitutiveSearch.SAT.explicitFamilyChargedCost' does not depend on any axioms
info: RelationalPerimeter/Computation/ConstitutiveSearch/SAT/ExplicitFamilyComplexity.lean:174:0: 'ConstitutiveSearch.SAT.explicitFamilyUniformChargedBudget' does not depend on any axioms
info: RelationalPerimeter/Computation/ConstitutiveSearch/SAT/ExplicitFamilyComplexity.lean:175:0: 'ConstitutiveSearch.SAT.explicitFamilyChargedCost_le_uniform' does not depend on any axioms
info: RelationalPerimeter/Computation/ConstitutiveSearch/SAT/ExplicitFamilyComplexity.lean:176:0: 'ConstitutiveSearch.SAT.explicitFamilyChargedCost_le_linearAtomicEnvelope' does not depend on any axioms
ℹ [62/142] Replayed RelationalPerimeter.Computation.ConstitutiveSearch.SAT.ExplicitFamilyBitCosts
info: RelationalPerimeter/Computation/ConstitutiveSearch/SAT/ExplicitFamilyBitCosts.lean:625:0: 'ConstitutiveSearch.SAT.Literal.binarySize' does not depend on any axioms
info: RelationalPerimeter/Computation/ConstitutiveSearch/SAT/ExplicitFamilyBitCosts.lean:626:0: 'ConstitutiveSearch.SAT.Literal.binarySize_le_of_varBoundedBy' does not depend on any axioms
info: RelationalPerimeter/Computation/ConstitutiveSearch/SAT/ExplicitFamilyBitCosts.lean:627:0: 'ConstitutiveSearch.SAT.Clause.binarySize' does not depend on any axioms
info: RelationalPerimeter/Computation/ConstitutiveSearch/SAT/ExplicitFamilyBitCosts.lean:628:0: 'ConstitutiveSearch.SAT.Clause.binarySize_le_budget' does not depend on any axioms
info: RelationalPerimeter/Computation/ConstitutiveSearch/SAT/ExplicitFamilyBitCosts.lean:629:0: 'ConstitutiveSearch.SAT.Cnf.binarySize' does not depend on any axioms
info: RelationalPerimeter/Computation/ConstitutiveSearch/SAT/ExplicitFamilyBitCosts.lean:630:0: 'ConstitutiveSearch.SAT.Cnf.binarySize_le_budget' does not depend on any axioms
info: RelationalPerimeter/Computation/ConstitutiveSearch/SAT/ExplicitFamilyBitCosts.lean:631:0: 'ConstitutiveSearch.SAT.stackedSymmetricBlocks_varsBoundedBy' does not depend on any axioms
info: RelationalPerimeter/Computation/ConstitutiveSearch/SAT/ExplicitFamilyBitCosts.lean:632:0: 'ConstitutiveSearch.SAT.explicitStackedSymmetricFamily_varsBoundedBy' does not depend on any axioms
info: RelationalPerimeter/Computation/ConstitutiveSearch/SAT/ExplicitFamilyBitCosts.lean:633:0: 'ConstitutiveSearch.SAT.stackedSymmetricBinaryBudget' does not depend on any axioms
info: RelationalPerimeter/Computation/ConstitutiveSearch/SAT/ExplicitFamilyBitCosts.lean:634:0: 'ConstitutiveSearch.SAT.explicitFamilyBinaryBudget' does not depend on any axioms
info: RelationalPerimeter/Computation/ConstitutiveSearch/SAT/ExplicitFamilyBitCosts.lean:635:0: 'ConstitutiveSearch.SAT.explicitFamily_binarySize_le_budget' does not depend on any axioms
info: RelationalPerimeter/Computation/ConstitutiveSearch/SAT/ExplicitFamilyBitCosts.lean:636:0: 'ConstitutiveSearch.SAT.StructuralBranchDecision.binarySize' does not depend on any axioms
info: RelationalPerimeter/Computation/ConstitutiveSearch/SAT/ExplicitFamilyBitCosts.lean:637:0: 'ConstitutiveSearch.SAT.StructuralDecisionHistory.binarySize' does not depend on any axioms
info: RelationalPerimeter/Computation/ConstitutiveSearch/SAT/ExplicitFamilyBitCosts.lean:638:0: 'ConstitutiveSearch.SAT.StructuralDecisionHistory.binarySize_le_budget' does not depend on any axioms
info: RelationalPerimeter/Computation/ConstitutiveSearch/SAT/ExplicitFamilyBitCosts.lean:639:0: 'ConstitutiveSearch.SAT.VarRemoval.target_bounded' does not depend on any axioms
info: RelationalPerimeter/Computation/ConstitutiveSearch/SAT/ExplicitFamilyBitCosts.lean:640:0: 'ConstitutiveSearch.SAT.ResourceGeneratedFrom.resource_and_decisions_bounded' does not depend on any axioms
info: RelationalPerimeter/Computation/ConstitutiveSearch/SAT/ExplicitFamilyBitCosts.lean:641:0: 'ConstitutiveSearch.SAT.stackedDecisionResource_bounded' does not depend on any axioms
info: RelationalPerimeter/Computation/ConstitutiveSearch/SAT/ExplicitFamilyBitCosts.lean:642:0: 'ConstitutiveSearch.SAT.explicitFamilyEndpoint_decisions_bounded' does not depend on any axioms
info: RelationalPerimeter/Computation/ConstitutiveSearch/SAT/ExplicitFamilyBitCosts.lean:643:0: 'ConstitutiveSearch.SAT.explicitFamilyEndpoint_historyBinarySize_le' does not depend on any axioms
ℹ [63/142] Replayed RelationalPerimeter.Computation.ConstitutiveSearch.SAT.ExplicitFamilyEqualityCosts
info: RelationalPerimeter/Computation/ConstitutiveSearch/SAT/ExplicitFamilyEqualityCosts.lean:401:0: 'ConstitutiveSearch.SAT.Literal.flipAt_binarySize' does not depend on any axioms
info: RelationalPerimeter/Computation/ConstitutiveSearch/SAT/ExplicitFamilyEqualityCosts.lean:402:0: 'ConstitutiveSearch.SAT.Clause.flipAt_binarySize' does not depend on any axioms
info: RelationalPerimeter/Computation/ConstitutiveSearch/SAT/ExplicitFamilyEqualityCosts.lean:403:0: 'ConstitutiveSearch.SAT.Cnf.flipAt_binarySize' does not depend on any axioms
info: RelationalPerimeter/Computation/ConstitutiveSearch/SAT/ExplicitFamilyEqualityCosts.lean:404:0: 'ConstitutiveSearch.SAT.Cnf.branchResidual_binarySize_le' does not depend on any axioms
info: RelationalPerimeter/Computation/ConstitutiveSearch/SAT/ExplicitFamilyEqualityCosts.lean:405:0: 'ConstitutiveSearch.SAT.StructuralBranchDecision.flipAt_binarySize' does not depend on any axioms
info: RelationalPerimeter/Computation/ConstitutiveSearch/SAT/ExplicitFamilyEqualityCosts.lean:406:0: 'ConstitutiveSearch.SAT.StructuralDecisionHistory.flipAt_binarySize' does not depend on any axioms
info: RelationalPerimeter/Computation/ConstitutiveSearch/SAT/ExplicitFamilyEqualityCosts.lean:407:0: 'ConstitutiveSearch.SAT.generatedFlipEqualityCharge' does not depend on any axioms
info: RelationalPerimeter/Computation/ConstitutiveSearch/SAT/ExplicitFamilyEqualityCosts.lean:408:0: 'ConstitutiveSearch.SAT.generatedFlipEqualityCharge_eq' does not depend on any axioms
info: RelationalPerimeter/Computation/ConstitutiveSearch/SAT/ExplicitFamilyEqualityCosts.lean:409:0: 'ConstitutiveSearch.SAT.uniformGeneratedFlipEqualityCharge' does not depend on any axioms
info: RelationalPerimeter/Computation/ConstitutiveSearch/SAT/ExplicitFamilyEqualityCosts.lean:410:0: 'ConstitutiveSearch.SAT.generatedFlipEqualityCharge_le' does not depend on any axioms
info: RelationalPerimeter/Computation/ConstitutiveSearch/SAT/ExplicitFamilyEqualityCosts.lean:411:0: 'ConstitutiveSearch.SAT.explicitFamilyRelationEqualityChargeBudget' does not depend on any axioms
ℹ [64/142] Replayed RelationalPerimeter.Computation.ConstitutiveSearch.SAT.ExplicitFamilyBitComplexity
info: RelationalPerimeter/Computation/ConstitutiveSearch/SAT/ExplicitFamilyBitComplexity.lean:182:0: 'ConstitutiveSearch.SAT.explicitFamilyStateBinaryBudget' does not depend on any axioms
info: RelationalPerimeter/Computation/ConstitutiveSearch/SAT/ExplicitFamilyBitComplexity.lean:183:0: 'ConstitutiveSearch.SAT.explicitFamilyProvenanceUnitBinaryBudget' does not depend on any axioms
info: RelationalPerimeter/Computation/ConstitutiveSearch/SAT/ExplicitFamilyBitComplexity.lean:184:0: 'ConstitutiveSearch.SAT.explicitFamilyCertificateAtomBinaryBudget' does not depend on any axioms
info: RelationalPerimeter/Computation/ConstitutiveSearch/SAT/ExplicitFamilyBitComplexity.lean:185:0: 'ConstitutiveSearch.SAT.explicitFamilyRepresentationAtomicCosts' does not depend on any axioms
info: RelationalPerimeter/Computation/ConstitutiveSearch/SAT/ExplicitFamilyBitComplexity.lean:186:0: 'ConstitutiveSearch.SAT.explicitFamilyRepresentationChargedCost' does not depend on any axioms
info: RelationalPerimeter/Computation/ConstitutiveSearch/SAT/ExplicitFamilyBitComplexity.lean:187:0: 'ConstitutiveSearch.SAT.explicitFamily_relationFind_atomicCost' does not depend on any axioms
info: RelationalPerimeter/Computation/ConstitutiveSearch/SAT/ExplicitFamilyBitComplexity.lean:188:0: 'ConstitutiveSearch.SAT.explicitFamily_closurePrimitive_atomicCost' does not depend on any axioms
info: RelationalPerimeter/Computation/ConstitutiveSearch/SAT/ExplicitFamilyBitComplexity.lean:189:0: 'ConstitutiveSearch.SAT.explicitFamily_localStrategy_noClosureCharge' does not depend on any axioms
info: RelationalPerimeter/Computation/ConstitutiveSearch/SAT/ExplicitFamilyBitComplexity.lean:190:0: 'ConstitutiveSearch.SAT.explicitFamilyRepresentationBudget' does not depend on any axioms
info: RelationalPerimeter/Computation/ConstitutiveSearch/SAT/ExplicitFamilyBitComplexity.lean:191:0: 'ConstitutiveSearch.SAT.explicitFamilyRepresentationChargedCost_eq_budget' does not depend on any axioms
ℹ [65/142] Replayed RelationalPerimeter.Computation.ConstitutiveSearch.SAT.ExplicitFamilyPolynomialCosts
info: RelationalPerimeter/Computation/ConstitutiveSearch/SAT/ExplicitFamilyPolynomialCosts.lean:466:0: 'ConstitutiveSearch.SAT.Clause.binaryBudget_closed' does not depend on any axioms
info: RelationalPerimeter/Computation/ConstitutiveSearch/SAT/ExplicitFamilyPolynomialCosts.lean:467:0: 'ConstitutiveSearch.SAT.StructuralDecisionHistory.binaryBudget_closed' does not depend on any axioms
info: RelationalPerimeter/Computation/ConstitutiveSearch/SAT/ExplicitFamilyPolynomialCosts.lean:468:0: 'ConstitutiveSearch.SAT.doubleBlockStep' does not depend on any axioms
info: RelationalPerimeter/Computation/ConstitutiveSearch/SAT/ExplicitFamilyPolynomialCosts.lean:469:0: 'ConstitutiveSearch.SAT.stackedSymmetricBinaryBudget_closed' does not depend on any axioms
info: RelationalPerimeter/Computation/ConstitutiveSearch/SAT/ExplicitFamilyPolynomialCosts.lean:470:0: 'ConstitutiveSearch.SAT.explicitFamilyFormulaPolynomialBudget' does not depend on any axioms
info: RelationalPerimeter/Computation/ConstitutiveSearch/SAT/ExplicitFamilyPolynomialCosts.lean:471:0: 'ConstitutiveSearch.SAT.explicitFamilyHistoryPolynomialBudget' does not depend on any axioms
info: RelationalPerimeter/Computation/ConstitutiveSearch/SAT/ExplicitFamilyPolynomialCosts.lean:472:0: 'ConstitutiveSearch.SAT.explicitFamilyStatePolynomialBudget' does not depend on any axioms
info: RelationalPerimeter/Computation/ConstitutiveSearch/SAT/ExplicitFamilyPolynomialCosts.lean:473:0: 'ConstitutiveSearch.SAT.explicitFamilyProvenancePolynomialBudget' does not depend on any axioms
info: RelationalPerimeter/Computation/ConstitutiveSearch/SAT/ExplicitFamilyPolynomialCosts.lean:474:0: 'ConstitutiveSearch.SAT.explicitFamilyCertificatePolynomialBudget' does not depend on any axioms
info: RelationalPerimeter/Computation/ConstitutiveSearch/SAT/ExplicitFamilyPolynomialCosts.lean:475:0: 'ConstitutiveSearch.SAT.explicitFamilyRelationPolynomialBudget' does not depend on any axioms
info: RelationalPerimeter/Computation/ConstitutiveSearch/SAT/ExplicitFamilyPolynomialCosts.lean:476:0: 'ConstitutiveSearch.SAT.explicitFamilyBinaryBudget_eq_polynomial' does not depend on any axioms
info: RelationalPerimeter/Computation/ConstitutiveSearch/SAT/ExplicitFamilyPolynomialCosts.lean:477:0: 'ConstitutiveSearch.SAT.explicitFamilyHistoryBinaryBudget_eq_polynomial' does not depend on any axioms
info: RelationalPerimeter/Computation/ConstitutiveSearch/SAT/ExplicitFamilyPolynomialCosts.lean:478:0: 'ConstitutiveSearch.SAT.explicitFamilyStateBinaryBudget_eq_polynomial' does not depend on any axioms
info: RelationalPerimeter/Computation/ConstitutiveSearch/SAT/ExplicitFamilyPolynomialCosts.lean:479:0: 'ConstitutiveSearch.SAT.explicitFamilyProvenanceUnitBinaryBudget_eq_polynomial' does not depend on any axioms
info: RelationalPerimeter/Computation/ConstitutiveSearch/SAT/ExplicitFamilyPolynomialCosts.lean:480:0: 'ConstitutiveSearch.SAT.explicitFamilyCertificateAtomBinaryBudget_le_polynomial' does not depend on any axioms
info: RelationalPerimeter/Computation/ConstitutiveSearch/SAT/ExplicitFamilyPolynomialCosts.lean:481:0: 'ConstitutiveSearch.SAT.explicitFamilyRelationEqualityChargeBudget_eq_polynomial' does not depend on any axioms
info: RelationalPerimeter/Computation/ConstitutiveSearch/SAT/ExplicitFamilyPolynomialCosts.lean:482:0: 'ConstitutiveSearch.SAT.explicitFamilyRepresentationPolynomialBudget' does not depend on any axioms
info: RelationalPerimeter/Computation/ConstitutiveSearch/SAT/ExplicitFamilyPolynomialCosts.lean:483:0: 'ConstitutiveSearch.SAT.explicitFamilyRepresentationBudget_le_polynomial' does not depend on any axioms
info: RelationalPerimeter/Computation/ConstitutiveSearch/SAT/ExplicitFamilyPolynomialCosts.lean:484:0: 'ConstitutiveSearch.SAT.explicitFamilyRepresentationChargedCost_le_polynomial' does not depend on any axioms
ℹ [66/142] Replayed RelationalPerimeter.Computation.ConstitutiveSearch.SAT.ExplicitFamilyInputComplexity
info: RelationalPerimeter/Computation/ConstitutiveSearch/SAT/ExplicitFamilyInputComplexity.lean:368:0: 'ConstitutiveSearch.SAT.natMulLeMul' does not depend on any axioms
info: RelationalPerimeter/Computation/ConstitutiveSearch/SAT/ExplicitFamilyInputComplexity.lean:369:0: 'ConstitutiveSearch.SAT.Cnf.length_le_binarySize' does not depend on any axioms
info: RelationalPerimeter/Computation/ConstitutiveSearch/SAT/ExplicitFamilyInputComplexity.lean:370:0: 'ConstitutiveSearch.SAT.explicitFamilyFormulaPolynomialBudget_mono' does not depend on any axioms
info: RelationalPerimeter/Computation/ConstitutiveSearch/SAT/ExplicitFamilyInputComplexity.lean:371:0: 'ConstitutiveSearch.SAT.explicitFamilyHistoryPolynomialBudget_mono' does not depend on any axioms
info: RelationalPerimeter/Computation/ConstitutiveSearch/SAT/ExplicitFamilyInputComplexity.lean:372:0: 'ConstitutiveSearch.SAT.explicitFamilyStatePolynomialBudget_mono' does not depend on any axioms
info: RelationalPerimeter/Computation/ConstitutiveSearch/SAT/ExplicitFamilyInputComplexity.lean:373:0: 'ConstitutiveSearch.SAT.explicitFamilyProvenancePolynomialBudget_mono' does not depend on any axioms
info: RelationalPerimeter/Computation/ConstitutiveSearch/SAT/ExplicitFamilyInputComplexity.lean:374:0: 'ConstitutiveSearch.SAT.explicitFamilyCertificatePolynomialBudget_mono' does not depend on any axioms
info: RelationalPerimeter/Computation/ConstitutiveSearch/SAT/ExplicitFamilyInputComplexity.lean:375:0: 'ConstitutiveSearch.SAT.explicitFamilyRelationPolynomialBudget_mono' does not depend on any axioms
info: RelationalPerimeter/Computation/ConstitutiveSearch/SAT/ExplicitFamilyInputComplexity.lean:376:0: 'ConstitutiveSearch.SAT.explicitFamilyRepresentationPolynomialBudget_mono' does not depend on any axioms
info: RelationalPerimeter/Computation/ConstitutiveSearch/SAT/ExplicitFamilyInputComplexity.lean:377:0: 'ConstitutiveSearch.SAT.explicitFamilyInputBitSize' does not depend on any axioms
info: RelationalPerimeter/Computation/ConstitutiveSearch/SAT/ExplicitFamilyInputComplexity.lean:378:0: 'ConstitutiveSearch.SAT.explicitFamilyIndex_le_inputBitSize' does not depend on any axioms
info: RelationalPerimeter/Computation/ConstitutiveSearch/SAT/ExplicitFamilyInputComplexity.lean:379:0: 'ConstitutiveSearch.SAT.explicitFamilyInputIndexedPolynomialBudget' does not depend on any axioms
info: RelationalPerimeter/Computation/ConstitutiveSearch/SAT/ExplicitFamilyInputComplexity.lean:380:0: 'ConstitutiveSearch.SAT.explicitFamilyRepresentationChargedCost_le_inputIndexedPolynomial' does not depend on any axioms
ℹ [67/142] Replayed RelationalPerimeter.Computation.ConstitutiveSearch.SAT.TrajectoryConstitutedLocalSchedule
info: RelationalPerimeter/Computation/ConstitutiveSearch/SAT/TrajectoryConstitutedLocalSchedule.lean:165:0: 'ConstitutiveSearch.SAT.FlipSymmetricTrajectory.constitutedLocalAtomCount_eq_transportCertificateAtomCount' does not depend on any axioms
info: RelationalPerimeter/Computation/ConstitutiveSearch/SAT/TrajectoryConstitutedLocalSchedule.lean:166:0: 'ConstitutiveSearch.SAT.explicitFamilyConstitutedLocalWitnesses' does not depend on any axioms
info: RelationalPerimeter/Computation/ConstitutiveSearch/SAT/TrajectoryConstitutedLocalSchedule.lean:167:0: 'ConstitutiveSearch.SAT.explicitFamilyConstitutedLocalWitnesses_length' does not depend on any axioms
info: RelationalPerimeter/Computation/ConstitutiveSearch/SAT/TrajectoryConstitutedLocalSchedule.lean:168:0: 'ConstitutiveSearch.SAT.explicitFamilyConstitutedLocalWitnesses_vars' does not depend on any axioms
info: RelationalPerimeter/Computation/ConstitutiveSearch/SAT/TrajectoryConstitutedLocalSchedule.lean:169:0: 'ConstitutiveSearch.SAT.explicitFamilyConstitutedLocalAtomCount' does not depend on any axioms
info: RelationalPerimeter/Computation/ConstitutiveSearch/SAT/TrajectoryConstitutedLocalSchedule.lean:170:0: 'ConstitutiveSearch.SAT.explicitFamilyConstitutedLocalValidationQueries' does not depend on any axioms
info: RelationalPerimeter/Computation/ConstitutiveSearch/SAT/TrajectoryConstitutedLocalSchedule.lean:171:0: 'ConstitutiveSearch.SAT.explicitFamilyConstitutedLocalExecutionQueries' does not depend on any axioms
info: RelationalPerimeter/Computation/ConstitutiveSearch/SAT/TrajectoryConstitutedLocalSchedule.lean:172:0: 'ConstitutiveSearch.SAT.explicitFamilyConstitutedLocalExecutionCompositionCandidates' does not depend on any axioms
info: RelationalPerimeter/Computation/ConstitutiveSearch/SAT/TrajectoryConstitutedLocalSchedule.lean:173:0: 'ConstitutiveSearch.SAT.explicitFamilyConstitutedLocalValidationSucceeds' does not depend on any axioms
info: RelationalPerimeter/Computation/ConstitutiveSearch/SAT/TrajectoryConstitutedLocalSchedule.lean:174:0: 'ConstitutiveSearch.SAT.explicitFamilyConstitutedLocalHasLocalExecutions' does not depend on any axioms
info: RelationalPerimeter/Computation/ConstitutiveSearch/SAT/TrajectoryConstitutedLocalSchedule.lean:175:0: 'ConstitutiveSearch.SAT.explicitFamilyConstitutedLocalAtomCount_inputPolynomiallyBounded' does not depend on any axioms
info: RelationalPerimeter/Computation/ConstitutiveSearch/SAT/TrajectoryConstitutedLocalSchedule.lean:176:0: 'ConstitutiveSearch.SAT.explicitFamilyConstitutedLocalExecution_inputPolynomiallyBounded' does not depend on any axioms
info: RelationalPerimeter/Computation/ConstitutiveSearch/SAT/TrajectoryConstitutedLocalSchedule.lean:177:0: 'ConstitutiveSearch.SAT.explicitFamilyConstitutedLocalExecutionComposition_inputPolynomiallyBounded' does not depend on any axioms
info: RelationalPerimeter/Computation/ConstitutiveSearch/SAT/TrajectoryConstitutedLocalSchedule.lean:178:0: 'ConstitutiveSearch.SAT.explicitFamilyConstitutedLocalValidation_inputPolynomiallyBounded' does not depend on any axioms
ℹ [68/142] Replayed RelationalPerimeter.Computation.ConstitutiveSearch.SAT.SecondAuditCausalBenchmark
info: RelationalPerimeter/Computation/ConstitutiveSearch/SAT/SecondAuditCausalBenchmark.lean:1563:0: 'ConstitutiveSearch.SAT.extractClauseCandidateRun' does not depend on any axioms
info: RelationalPerimeter/Computation/ConstitutiveSearch/SAT/SecondAuditCausalBenchmark.lean:1564:0: 'ConstitutiveSearch.SAT.extractCnfCandidateRun' does not depend on any axioms
info: RelationalPerimeter/Computation/ConstitutiveSearch/SAT/SecondAuditCausalBenchmark.lean:1565:0: 'ConstitutiveSearch.SAT.extractClauseCandidateRun_candidates' does not depend on any axioms
info: RelationalPerimeter/Computation/ConstitutiveSearch/SAT/SecondAuditCausalBenchmark.lean:1566:0: 'ConstitutiveSearch.SAT.extractCnfCandidateRun_candidates' does not depend on any axioms
info: RelationalPerimeter/Computation/ConstitutiveSearch/SAT/SecondAuditCausalBenchmark.lean:1567:0: 'ConstitutiveSearch.SAT.extractClauseCandidateRun_candidatesEmitted' does not depend on any axioms
info: RelationalPerimeter/Computation/ConstitutiveSearch/SAT/SecondAuditCausalBenchmark.lean:1568:0: 'ConstitutiveSearch.SAT.extractCnfCandidateRun_candidatesEmitted' does not depend on any axioms
info: RelationalPerimeter/Computation/ConstitutiveSearch/SAT/SecondAuditCausalBenchmark.lean:1569:0: 'ConstitutiveSearch.SAT.runCandidateExtraction_candidatesEmitted' does not depend on any axioms
info: RelationalPerimeter/Computation/ConstitutiveSearch/SAT/SecondAuditCausalBenchmark.lean:1570:0: 'ConstitutiveSearch.SAT.runCandidateExtraction' does not depend on any axioms
info: RelationalPerimeter/Computation/ConstitutiveSearch/SAT/SecondAuditCausalBenchmark.lean:1571:0: 'ConstitutiveSearch.SAT.extractStructuralCandidates' does not depend on any axioms
info: RelationalPerimeter/Computation/ConstitutiveSearch/SAT/SecondAuditCausalBenchmark.lean:1572:0: 'ConstitutiveSearch.SAT.tryEndogenousFlipCandidate' does not depend on any axioms
info: RelationalPerimeter/Computation/ConstitutiveSearch/SAT/SecondAuditCausalBenchmark.lean:1573:0: 'ConstitutiveSearch.SAT.tryEndogenousFlipCandidate_none_of_formula_mismatch' does not depend on any axioms
info: RelationalPerimeter/Computation/ConstitutiveSearch/SAT/SecondAuditCausalBenchmark.lean:1574:0: 'ConstitutiveSearch.SAT.exploreStructuralCandidates' does not depend on any axioms
info: RelationalPerimeter/Computation/ConstitutiveSearch/SAT/SecondAuditCausalBenchmark.lean:1575:0: 'ConstitutiveSearch.SAT.runEndogenousFlipDiscovery' does not depend on any axioms
info: RelationalPerimeter/Computation/ConstitutiveSearch/SAT/SecondAuditCausalBenchmark.lean:1576:0: 'ConstitutiveSearch.SAT.DiscoverySchedule' does not depend on any axioms
info: RelationalPerimeter/Computation/ConstitutiveSearch/SAT/SecondAuditCausalBenchmark.lean:1577:0: 'ConstitutiveSearch.SAT.DiscoveryScheduleProductionRun' does not depend on any axioms
info: RelationalPerimeter/Computation/ConstitutiveSearch/SAT/SecondAuditCausalBenchmark.lean:1578:0: 'ConstitutiveSearch.SAT.runDiscoveryScheduleProduction' does not depend on any axioms
info: RelationalPerimeter/Computation/ConstitutiveSearch/SAT/SecondAuditCausalBenchmark.lean:1579:0: 'ConstitutiveSearch.SAT.runDiscoveryScheduleProduction_atoms' does not depend on any axioms
info: RelationalPerimeter/Computation/ConstitutiveSearch/SAT/SecondAuditCausalBenchmark.lean:1580:0: 'ConstitutiveSearch.SAT.runDiscoveryScheduleValidation_queries' does not depend on any axioms
info: RelationalPerimeter/Computation/ConstitutiveSearch/SAT/SecondAuditCausalBenchmark.lean:1581:0: 'ConstitutiveSearch.SAT.runDiscoveryScheduleValidation_validatedAtoms' does not depend on any axioms
info: RelationalPerimeter/Computation/ConstitutiveSearch/SAT/SecondAuditCausalBenchmark.lean:1582:0: 'ConstitutiveSearch.SAT.validateDiscoverySchedule' does not depend on any axioms
info: RelationalPerimeter/Computation/ConstitutiveSearch/SAT/SecondAuditCausalBenchmark.lean:1583:0: 'ConstitutiveSearch.SAT.executeValidatedDiscoverySchedule' does not depend on any axioms
info: RelationalPerimeter/Computation/ConstitutiveSearch/SAT/SecondAuditCausalBenchmark.lean:1584:0: 'ConstitutiveSearch.SAT.executeValidatedDiscoverySchedule_stats' does not depend on any axioms
info: RelationalPerimeter/Computation/ConstitutiveSearch/SAT/SecondAuditCausalBenchmark.lean:1585:0: 'ConstitutiveSearch.SAT.ExecutedDiscoverySchedule.producedState' does not depend on any axioms
info: RelationalPerimeter/Computation/ConstitutiveSearch/SAT/SecondAuditCausalBenchmark.lean:1586:0: 'ConstitutiveSearch.SAT.ExecutedDiscoverySchedule.producedState_eq_target' does not depend on any axioms
info: RelationalPerimeter/Computation/ConstitutiveSearch/SAT/SecondAuditCausalBenchmark.lean:1587:0: 'ConstitutiveSearch.SAT.terminalFromExecution' does not depend on any axioms
info: RelationalPerimeter/Computation/ConstitutiveSearch/SAT/SecondAuditCausalBenchmark.lean:1588:0: 'ConstitutiveSearch.SAT.ExecutedTerminalArtifact.scan_from_execution' does not depend on any axioms
info: RelationalPerimeter/Computation/ConstitutiveSearch/SAT/SecondAuditCausalBenchmark.lean:1589:0: 'ConstitutiveSearch.SAT.decideExecutedTerminal' does not depend on any axioms
info: RelationalPerimeter/Computation/ConstitutiveSearch/SAT/SecondAuditCausalBenchmark.lean:1590:0: 'ConstitutiveSearch.SAT.causalDecision_discovery_found' does not depend on any axioms
info: RelationalPerimeter/Computation/ConstitutiveSearch/SAT/SecondAuditCausalBenchmark.lean:1591:0: 'ConstitutiveSearch.SAT.causalDecisionAfterDiscovery_terminal_formula' does not depend on any axioms
info: RelationalPerimeter/Computation/ConstitutiveSearch/SAT/SecondAuditCausalBenchmark.lean:1592:0: 'ConstitutiveSearch.SAT.causalDecision_accept_iff_signal' does not depend on any axioms
info: RelationalPerimeter/Computation/ConstitutiveSearch/SAT/SecondAuditCausalBenchmark.lean:1593:0: 'ConstitutiveSearch.SAT.causalDecisionYesInput_accepts' does not depend on any axioms
info: RelationalPerimeter/Computation/ConstitutiveSearch/SAT/SecondAuditCausalBenchmark.lean:1594:0: 'ConstitutiveSearch.SAT.causalDecisionNoInput_rejects' does not depend on any axioms
info: RelationalPerimeter/Computation/ConstitutiveSearch/SAT/SecondAuditCausalBenchmark.lean:1595:0: 'ConstitutiveSearch.SAT.causalDecisionYesInput_strict' does not depend on any axioms
info: RelationalPerimeter/Computation/ConstitutiveSearch/SAT/SecondAuditCausalBenchmark.lean:1596:0: 'ConstitutiveSearch.SAT.causalDecisionNoInput_strict' does not depend on any axioms
info: RelationalPerimeter/Computation/ConstitutiveSearch/SAT/SecondAuditCausalBenchmark.lean:1597:0: 'ConstitutiveSearch.SAT.causalDecisionAfterDiscovery_correct' does not depend on any axioms
info: RelationalPerimeter/Computation/ConstitutiveSearch/SAT/SecondAuditCausalBenchmark.lean:1598:0: 'ConstitutiveSearch.SAT.executedTerminalArtifact_selected_formula' does not depend on any axioms
info: RelationalPerimeter/Computation/ConstitutiveSearch/SAT/SecondAuditCausalBenchmark.lean:1599:0: 'ConstitutiveSearch.SAT.decideExecutedTerminal_selected_correct' does not depend on any axioms
info: RelationalPerimeter/Computation/ConstitutiveSearch/SAT/SecondAuditCausalBenchmark.lean:1600:0: 'ConstitutiveSearch.SAT.causalDecisionStatsFromPhases' does not depend on any axioms
info: RelationalPerimeter/Computation/ConstitutiveSearch/SAT/SecondAuditCausalBenchmark.lean:1601:0: 'ConstitutiveSearch.SAT.CausalDecisionCertifiedRun' does not depend on any axioms
info: RelationalPerimeter/Computation/ConstitutiveSearch/SAT/SecondAuditCausalBenchmark.lean:1602:0: 'ConstitutiveSearch.SAT.executeCausalDecisionCertified' does not depend on any axioms
info: RelationalPerimeter/Computation/ConstitutiveSearch/SAT/SecondAuditCausalBenchmark.lean:1603:0: 'ConstitutiveSearch.SAT.CausalDecisionCertifiedRun.discovery_from_actual_run' does not depend on any axioms
info: RelationalPerimeter/Computation/ConstitutiveSearch/SAT/SecondAuditCausalBenchmark.lean:1604:0: 'ConstitutiveSearch.SAT.CausalDecisionCertifiedRun.result_correct' does not depend on any axioms
info: RelationalPerimeter/Computation/ConstitutiveSearch/SAT/SecondAuditCausalBenchmark.lean:1605:0: 'ConstitutiveSearch.SAT.CausalDecisionCertifiedRun.execution_found' does not depend on any axioms
info: RelationalPerimeter/Computation/ConstitutiveSearch/SAT/SecondAuditCausalBenchmark.lean:1606:0: 'ConstitutiveSearch.SAT.CausalDecisionCertifiedRun.terminal_from_execution' does not depend on any axioms
info: RelationalPerimeter/Computation/ConstitutiveSearch/SAT/SecondAuditCausalBenchmark.lean:1607:0: 'ConstitutiveSearch.SAT.executeCausalDecision' does not depend on any axioms
info: RelationalPerimeter/Computation/ConstitutiveSearch/SAT/SecondAuditCausalBenchmark.lean:1608:0: 'ConstitutiveSearch.SAT.executeCausalDecision_correct' does not depend on any axioms
info: RelationalPerimeter/Computation/ConstitutiveSearch/SAT/SecondAuditCausalBenchmark.lean:1609:0: 'ConstitutiveSearch.SAT.executeCausalDecision_terminalProduced' does not depend on any axioms
ℹ [69/142] Replayed RelationalPerimeter.Computation.ConstitutiveSearch.EndogenousDecomposition.MeasuredDiscovery
info: RelationalPerimeter/Computation/ConstitutiveSearch/EndogenousDecomposition/MeasuredDiscovery.lean:195:0: 'ConstitutiveSearch.EndogenousDecomposition.searchMeasuredRelation' does not depend on any axioms
info: RelationalPerimeter/Computation/ConstitutiveSearch/EndogenousDecomposition/MeasuredDiscovery.lean:196:0: 'ConstitutiveSearch.EndogenousDecomposition.searchMeasuredRelation_exact' does not depend on any axioms
info: RelationalPerimeter/Computation/ConstitutiveSearch/EndogenousDecomposition/MeasuredDiscovery.lean:197:0: 'ConstitutiveSearch.EndogenousDecomposition.tryMeasuredCandidate' does not depend on any axioms
info: RelationalPerimeter/Computation/ConstitutiveSearch/EndogenousDecomposition/MeasuredDiscovery.lean:198:0: 'ConstitutiveSearch.EndogenousDecomposition.tryMeasuredCandidate_exact' does not depend on any axioms
info: RelationalPerimeter/Computation/ConstitutiveSearch/EndogenousDecomposition/MeasuredDiscovery.lean:199:0: 'ConstitutiveSearch.EndogenousDecomposition.searchMeasuredRelationFromData' does not depend on any axioms
info: RelationalPerimeter/Computation/ConstitutiveSearch/EndogenousDecomposition/MeasuredDiscovery.lean:200:0: 'ConstitutiveSearch.EndogenousDecomposition.searchMeasuredRelationFromData_exact' does not depend on any axioms
info: RelationalPerimeter/Computation/ConstitutiveSearch/EndogenousDecomposition/MeasuredDiscovery.lean:201:0: 'ConstitutiveSearch.EndogenousDecomposition.searchMeasuredRelationFromData_preserves_work' does not depend on any axioms
info: RelationalPerimeter/Computation/ConstitutiveSearch/EndogenousDecomposition/MeasuredDiscovery.lean:202:0: 'ConstitutiveSearch.EndogenousDecomposition.ProducedFlipCandidate.entry' does not depend on any axioms
info: RelationalPerimeter/Computation/ConstitutiveSearch/EndogenousDecomposition/MeasuredDiscovery.lean:203:0: 'ConstitutiveSearch.EndogenousDecomposition.ProducedFlipCandidate.entry_exact' does not depend on any axioms
ℹ [70/142] Replayed RelationalPerimeter.Computation.ConstitutiveSearch.EndogenousDecomposition.MeasuredRealization
info: RelationalPerimeter/Computation/ConstitutiveSearch/EndogenousDecomposition/MeasuredRealization.lean:80:0: 'ConstitutiveSearch.EndogenousDecomposition.measuredEmptyList' does not depend on any axioms
info: RelationalPerimeter/Computation/ConstitutiveSearch/EndogenousDecomposition/MeasuredRealization.lean:81:0: 'ConstitutiveSearch.EndogenousDecomposition.measuredCons' does not depend on any axioms
info: RelationalPerimeter/Computation/ConstitutiveSearch/EndogenousDecomposition/MeasuredRealization.lean:82:0: 'ConstitutiveSearch.EndogenousDecomposition.measuredLiteral' does not depend on any axioms
info: RelationalPerimeter/Computation/ConstitutiveSearch/EndogenousDecomposition/MeasuredRealization.lean:83:0: 'ConstitutiveSearch.EndogenousDecomposition.constructMeasuredDecoyClause' does not depend on any axioms
info: RelationalPerimeter/Computation/ConstitutiveSearch/EndogenousDecomposition/MeasuredRealization.lean:84:0: 'ConstitutiveSearch.EndogenousDecomposition.constructMeasuredFormula' does not depend on any axioms
info: RelationalPerimeter/Computation/ConstitutiveSearch/EndogenousDecomposition/MeasuredRealization.lean:85:0: 'ConstitutiveSearch.EndogenousDecomposition.constructMeasuredOperationalRoot' does not depend on any axioms
info: RelationalPerimeter/Computation/ConstitutiveSearch/EndogenousDecomposition/MeasuredRealization.lean:86:0: 'ConstitutiveSearch.EndogenousDecomposition.constructMeasuredDecoyClause_work' does not depend on any axioms
info: RelationalPerimeter/Computation/ConstitutiveSearch/EndogenousDecomposition/MeasuredRealization.lean:87:0: 'ConstitutiveSearch.EndogenousDecomposition.constructMeasuredFormula_work' does not depend on any axioms
info: RelationalPerimeter/Computation/ConstitutiveSearch/EndogenousDecomposition/MeasuredRealization.lean:88:0: 'ConstitutiveSearch.EndogenousDecomposition.constructMeasuredOperationalRoot_work' does not depend on any axioms
ℹ [71/142] Replayed RelationalPerimeter.Computation.ConstitutiveSearch.SAT.GrowingDiscoveryBenchmark
info: RelationalPerimeter/Computation/ConstitutiveSearch/SAT/GrowingDiscoveryBenchmark.lean:1396:0: 'ConstitutiveSearch.SAT.Clause.candidateVariables_copiesBefore' does not depend on any axioms
info: RelationalPerimeter/Computation/ConstitutiveSearch/SAT/GrowingDiscoveryBenchmark.lean:1397:0: 'ConstitutiveSearch.SAT.extractClauseCandidateRun_copiesBefore_literalVisits' does not depend on any axioms
info: RelationalPerimeter/Computation/ConstitutiveSearch/SAT/GrowingDiscoveryBenchmark.lean:1398:0: 'ConstitutiveSearch.SAT.exploreStructuralCandidates_cons_failure' does not depend on any axioms
info: RelationalPerimeter/Computation/ConstitutiveSearch/SAT/GrowingDiscoveryBenchmark.lean:1399:0: 'ConstitutiveSearch.SAT.exploreStructuralCandidates_copiesBefore_failure' does not depend on any axioms
info: RelationalPerimeter/Computation/ConstitutiveSearch/SAT/GrowingDiscoveryBenchmark.lean:1400:0: 'ConstitutiveSearch.SAT.exploreStructuralCandidates_cons_success' does not depend on any axioms
info: RelationalPerimeter/Computation/ConstitutiveSearch/SAT/GrowingDiscoveryBenchmark.lean:1401:0: 'ConstitutiveSearch.SAT.growingDiscoveryAnchor_ne_split' does not depend on any axioms
info: RelationalPerimeter/Computation/ConstitutiveSearch/SAT/GrowingDiscoveryBenchmark.lean:1402:0: 'ConstitutiveSearch.SAT.growingDiscoveryDecoy_ne_split' does not depend on any axioms
info: RelationalPerimeter/Computation/ConstitutiveSearch/SAT/GrowingDiscoveryBenchmark.lean:1403:0: 'ConstitutiveSearch.SAT.Clause.copiesBefore_positiveZero_avoids' does not depend on any axioms
info: RelationalPerimeter/Computation/ConstitutiveSearch/SAT/GrowingDiscoveryBenchmark.lean:1404:0: 'ConstitutiveSearch.SAT.Cnf.flipAt_length' does not depend on any axioms
info: RelationalPerimeter/Computation/ConstitutiveSearch/SAT/GrowingDiscoveryBenchmark.lean:1405:0: 'ConstitutiveSearch.SAT.growingDiscoveryDecoyClause_avoids_split' does not depend on any axioms
info: RelationalPerimeter/Computation/ConstitutiveSearch/SAT/GrowingDiscoveryBenchmark.lean:1406:0: 'ConstitutiveSearch.SAT.growingDiscoveryBody_avoids_decoy' does not depend on any axioms
info: RelationalPerimeter/Computation/ConstitutiveSearch/SAT/GrowingDiscoveryBenchmark.lean:1407:0: 'ConstitutiveSearch.SAT.growingDiscovery_flipSymmetric' does not depend on any axioms
info: RelationalPerimeter/Computation/ConstitutiveSearch/SAT/GrowingDiscoveryBenchmark.lean:1408:0: 'ConstitutiveSearch.SAT.growingDiscoveryDecoyFalse_formula' does not depend on any axioms
info: RelationalPerimeter/Computation/ConstitutiveSearch/SAT/GrowingDiscoveryBenchmark.lean:1409:0: 'ConstitutiveSearch.SAT.growingDiscoveryDecoyTrue_formula' does not depend on any axioms
info: RelationalPerimeter/Computation/ConstitutiveSearch/SAT/GrowingDiscoveryBenchmark.lean:1410:0: 'ConstitutiveSearch.SAT.growingDiscoveryBody_ne_flipFormula' does not depend on any axioms
info: RelationalPerimeter/Computation/ConstitutiveSearch/SAT/GrowingDiscoveryBenchmark.lean:1411:0: 'ConstitutiveSearch.SAT.growingDiscoveryDecoy_formula_mismatch' does not depend on any axioms
info: RelationalPerimeter/Computation/ConstitutiveSearch/SAT/GrowingDiscoveryBenchmark.lean:1412:0: 'ConstitutiveSearch.SAT.growingDiscoveryDecoyCandidate_none' does not depend on any axioms
info: RelationalPerimeter/Computation/ConstitutiveSearch/SAT/GrowingDiscoveryBenchmark.lean:1413:0: 'ConstitutiveSearch.SAT.growingDiscoveryExpectedRelation' does not depend on any axioms
info: RelationalPerimeter/Computation/ConstitutiveSearch/SAT/GrowingDiscoveryBenchmark.lean:1414:0: 'ConstitutiveSearch.SAT.growingDiscoveryUsefulCandidate_found' does not depend on any axioms
info: RelationalPerimeter/Computation/ConstitutiveSearch/SAT/GrowingDiscoveryBenchmark.lean:1415:0: 'ConstitutiveSearch.SAT.growingDiscovery_candidates' does not depend on any axioms
info: RelationalPerimeter/Computation/ConstitutiveSearch/SAT/GrowingDiscoveryBenchmark.lean:1416:0: 'ConstitutiveSearch.SAT.growingDiscovery_extraction_stats' does not depend on any axioms
info: RelationalPerimeter/Computation/ConstitutiveSearch/SAT/GrowingDiscoveryBenchmark.lean:1417:0: 'ConstitutiveSearch.SAT.growingDiscovery_found_after_exact_attempts' does not depend on any axioms
info: RelationalPerimeter/Computation/ConstitutiveSearch/SAT/GrowingDiscoveryBenchmark.lean:1418:0: 'ConstitutiveSearch.SAT.distinctDecoyVariables_mem_lt' does not depend on any axioms
info: RelationalPerimeter/Computation/ConstitutiveSearch/SAT/GrowingDiscoveryBenchmark.lean:1419:0: 'ConstitutiveSearch.SAT.distinctDecoyClause_contains_positive' does not depend on any axioms
info: RelationalPerimeter/Computation/ConstitutiveSearch/SAT/GrowingDiscoveryBenchmark.lean:1420:0: 'ConstitutiveSearch.SAT.distinctDecoyClause_contains_negative_false' does not depend on any axioms
info: RelationalPerimeter/Computation/ConstitutiveSearch/SAT/GrowingDiscoveryBenchmark.lean:1421:0: 'ConstitutiveSearch.SAT.exploreStructuralCandidates_append_failure' does not depend on any axioms
info: RelationalPerimeter/Computation/ConstitutiveSearch/SAT/GrowingDiscoveryBenchmark.lean:1422:0: 'ConstitutiveSearch.SAT.distinctDecoyClause_avoids_split' does not depend on any axioms
info: RelationalPerimeter/Computation/ConstitutiveSearch/SAT/GrowingDiscoveryBenchmark.lean:1423:0: 'ConstitutiveSearch.SAT.distinctGrowingDiscoveryBody_avoids_candidate' does not depend on any axioms
info: RelationalPerimeter/Computation/ConstitutiveSearch/SAT/GrowingDiscoveryBenchmark.lean:1424:0: 'ConstitutiveSearch.SAT.distinctGrowingDiscovery_flipSymmetric' does not depend on any axioms
info: RelationalPerimeter/Computation/ConstitutiveSearch/SAT/GrowingDiscoveryBenchmark.lean:1425:0: 'ConstitutiveSearch.SAT.distinctGrowingDiscoveryDecoy_formula_mismatch' does not depend on any axioms
info: RelationalPerimeter/Computation/ConstitutiveSearch/SAT/GrowingDiscoveryBenchmark.lean:1426:0: 'ConstitutiveSearch.SAT.distinctGrowingDiscoveryDecoyCandidate_none' does not depend on any axioms
info: RelationalPerimeter/Computation/ConstitutiveSearch/SAT/GrowingDiscoveryBenchmark.lean:1427:0: 'ConstitutiveSearch.SAT.distinctDecoyVariables_nodup' does not depend on any axioms
info: RelationalPerimeter/Computation/ConstitutiveSearch/SAT/GrowingDiscoveryBenchmark.lean:1428:0: 'ConstitutiveSearch.SAT.distinctGrowingDiscoveryExpectedRelation' does not depend on any axioms
info: RelationalPerimeter/Computation/ConstitutiveSearch/SAT/GrowingDiscoveryBenchmark.lean:1429:0: 'ConstitutiveSearch.SAT.distinctGrowingDiscoveryUsefulCandidate_found' does not depend on any axioms
info: RelationalPerimeter/Computation/ConstitutiveSearch/SAT/GrowingDiscoveryBenchmark.lean:1430:0: 'ConstitutiveSearch.SAT.distinctGrowingDiscovery_candidates' does not depend on any axioms
info: RelationalPerimeter/Computation/ConstitutiveSearch/SAT/GrowingDiscoveryBenchmark.lean:1431:0: 'ConstitutiveSearch.SAT.distinctGrowingDiscovery_extraction_stats' does not depend on any axioms
info: RelationalPerimeter/Computation/ConstitutiveSearch/SAT/GrowingDiscoveryBenchmark.lean:1432:0: 'ConstitutiveSearch.SAT.distinctGrowingDiscovery_found_after_exact_attempts' does not depend on any axioms
info: RelationalPerimeter/Computation/ConstitutiveSearch/SAT/GrowingDiscoveryBenchmark.lean:1433:0: 'ConstitutiveSearch.SAT.distinctGrowingDiscovery_attempts_strict' does not depend on any axioms
ℹ [72/142] Replayed RelationalPerimeter.Computation.ConstitutiveSearch.EndogenousDecomposition.EndogenousDiscovery
info: RelationalPerimeter/Computation/ConstitutiveSearch/EndogenousDecomposition/EndogenousDiscovery.lean:802:0: 'ConstitutiveSearch.EndogenousDecomposition.generatedSearchSeed' does not depend on any axioms
info: RelationalPerimeter/Computation/ConstitutiveSearch/EndogenousDecomposition/EndogenousDiscovery.lean:803:0: 'ConstitutiveSearch.EndogenousDecomposition.generatedSearchSeed_exact' does not depend on any axioms
info: RelationalPerimeter/Computation/ConstitutiveSearch/EndogenousDecomposition/EndogenousDiscovery.lean:804:0: 'ConstitutiveSearch.EndogenousDecomposition.measuredGeneratedExtractionFromSeed' does not depend on any axioms
info: RelationalPerimeter/Computation/ConstitutiveSearch/EndogenousDecomposition/EndogenousDiscovery.lean:805:0: 'ConstitutiveSearch.EndogenousDecomposition.measuredGeneratedExtractionFromSeed_eq' does not depend on any axioms
info: RelationalPerimeter/Computation/ConstitutiveSearch/EndogenousDecomposition/EndogenousDiscovery.lean:806:0: 'ConstitutiveSearch.EndogenousDecomposition.measuredGeneratedDiscovery' does not depend on any axioms
info: RelationalPerimeter/Computation/ConstitutiveSearch/EndogenousDecomposition/EndogenousDiscovery.lean:807:0: 'ConstitutiveSearch.EndogenousDecomposition.runRecordedDiscovery' does not depend on any axioms
info: RelationalPerimeter/Computation/ConstitutiveSearch/EndogenousDecomposition/EndogenousDiscovery.lean:808:0: 'ConstitutiveSearch.EndogenousDecomposition.generatedRecordedDiscoveryRun' does not depend on any axioms
info: RelationalPerimeter/Computation/ConstitutiveSearch/EndogenousDecomposition/EndogenousDiscovery.lean:809:0: 'ConstitutiveSearch.EndogenousDecomposition.generatedRecordedDiscoveryRun_exact' does not depend on any axioms
info: RelationalPerimeter/Computation/ConstitutiveSearch/EndogenousDecomposition/EndogenousDiscovery.lean:810:0: 'ConstitutiveSearch.EndogenousDecomposition.stageDiscoveryRun' does not depend on any axioms
info: RelationalPerimeter/Computation/ConstitutiveSearch/EndogenousDecomposition/EndogenousDiscovery.lean:811:0: 'ConstitutiveSearch.EndogenousDecomposition.exploreRecordedCandidates' does not depend on any axioms
info: RelationalPerimeter/Computation/ConstitutiveSearch/EndogenousDecomposition/EndogenousDiscovery.lean:812:0: 'ConstitutiveSearch.EndogenousDecomposition.exploreRecordedCandidates_work_exact' does not depend on any axioms
info: RelationalPerimeter/Computation/ConstitutiveSearch/EndogenousDecomposition/EndogenousDiscovery.lean:813:0: 'ConstitutiveSearch.EndogenousDecomposition.stageRecordedDiscoveryRun' does not depend on any axioms
info: RelationalPerimeter/Computation/ConstitutiveSearch/EndogenousDecomposition/EndogenousDiscovery.lean:814:0: 'ConstitutiveSearch.EndogenousDecomposition.stageRecordedDiscovery_found_after_exact_attempts' does not depend on any axioms
info: RelationalPerimeter/Computation/ConstitutiveSearch/EndogenousDecomposition/EndogenousDiscovery.lean:815:0: 'ConstitutiveSearch.EndogenousDecomposition.stageRecordedDiscovery_tested_length' does not depend on any axioms
info: RelationalPerimeter/Computation/ConstitutiveSearch/EndogenousDecomposition/EndogenousDiscovery.lean:816:0: 'ConstitutiveSearch.EndogenousDecomposition.stageRecordedDiscovery_attempts_strict' does not depend on any axioms
info: RelationalPerimeter/Computation/ConstitutiveSearch/EndogenousDecomposition/EndogenousDiscovery.lean:817:0: 'ConstitutiveSearch.EndogenousDecomposition.stageRecordedDiscovery_ne_none' does not depend on any axioms
info: RelationalPerimeter/Computation/ConstitutiveSearch/EndogenousDecomposition/EndogenousDiscovery.lean:818:0: 'ConstitutiveSearch.EndogenousDecomposition.stageExtractionStats_exact' does not depend on any axioms
info: RelationalPerimeter/Computation/ConstitutiveSearch/EndogenousDecomposition/EndogenousDiscovery.lean:819:0: 'ConstitutiveSearch.EndogenousDecomposition.stageRecordedExtractionStats_exact' does not depend on any axioms
info: RelationalPerimeter/Computation/ConstitutiveSearch/EndogenousDecomposition/EndogenousDiscovery.lean:820:0: 'ConstitutiveSearch.EndogenousDecomposition.stageOperationalRoot_literalCount_exact' does not depend on any axioms
info: RelationalPerimeter/Computation/ConstitutiveSearch/EndogenousDecomposition/EndogenousDiscovery.lean:821:0: 'ConstitutiveSearch.EndogenousDecomposition.stageRecordedDiscovery_detailedWork_exact' does not depend on any axioms
info: RelationalPerimeter/Computation/ConstitutiveSearch/EndogenousDecomposition/EndogenousDiscovery.lean:822:0: 'ConstitutiveSearch.EndogenousDecomposition.stageDiscovery_found_after_exact_attempts' does not depend on any axioms
info: RelationalPerimeter/Computation/ConstitutiveSearch/EndogenousDecomposition/EndogenousDiscovery.lean:823:0: 'ConstitutiveSearch.EndogenousDecomposition.stageDiscovery_attempts_strict' does not depend on any axioms
info: RelationalPerimeter/Computation/ConstitutiveSearch/EndogenousDecomposition/EndogenousDiscovery.lean:824:0: 'ConstitutiveSearch.EndogenousDecomposition.stageExtractionLiteralVisits_strict' does not depend on any axioms
info: RelationalPerimeter/Computation/ConstitutiveSearch/EndogenousDecomposition/EndogenousDiscovery.lean:825:0: 'ConstitutiveSearch.EndogenousDecomposition.stageRecordedExtractionLiteralVisits_strict' does not depend on any axioms
info: RelationalPerimeter/Computation/ConstitutiveSearch/EndogenousDecomposition/EndogenousDiscovery.lean:826:0: 'ConstitutiveSearch.EndogenousDecomposition.stageRecordedFormulaComparisonVisits_strict' does not depend on any axioms
ℹ [73/142] Replayed RelationalPerimeter.Computation.ConstitutiveSearch.EndogenousDecomposition.StoredLocalSchedule
info: RelationalPerimeter/Computation/ConstitutiveSearch/EndogenousDecomposition/StoredLocalSchedule.lean:175:0: 'ConstitutiveSearch.EndogenousDecomposition.RecordedDiscoveryOutcome.produceStoredSchedule' does not depend on any axioms
info: RelationalPerimeter/Computation/ConstitutiveSearch/EndogenousDecomposition/StoredLocalSchedule.lean:176:0: 'ConstitutiveSearch.EndogenousDecomposition.validateStoredSchedule' does not depend on any axioms
info: RelationalPerimeter/Computation/ConstitutiveSearch/EndogenousDecomposition/StoredLocalSchedule.lean:177:0: 'ConstitutiveSearch.EndogenousDecomposition.MeasuredScheduleValidation.validated' does not depend on any axioms
info: RelationalPerimeter/Computation/ConstitutiveSearch/EndogenousDecomposition/StoredLocalSchedule.lean:178:0: 'ConstitutiveSearch.EndogenousDecomposition.MeasuredScheduleValidation.validated_exact' does not depend on any axioms
info: RelationalPerimeter/Computation/ConstitutiveSearch/EndogenousDecomposition/StoredLocalSchedule.lean:179:0: 'ConstitutiveSearch.EndogenousDecomposition.executionFromMeasuredSearch_exact' does not depend on any axioms
info: RelationalPerimeter/Computation/ConstitutiveSearch/EndogenousDecomposition/StoredLocalSchedule.lean:180:0: 'ConstitutiveSearch.EndogenousDecomposition.executeStoredSchedule' does not depend on any axioms
info: RelationalPerimeter/Computation/ConstitutiveSearch/EndogenousDecomposition/StoredLocalSchedule.lean:181:0: 'ConstitutiveSearch.EndogenousDecomposition.MeasuredScheduleExecution.execution' does not depend on any axioms
info: RelationalPerimeter/Computation/ConstitutiveSearch/EndogenousDecomposition/StoredLocalSchedule.lean:182:0: 'ConstitutiveSearch.EndogenousDecomposition.MeasuredScheduleExecution.execution_exact' does not depend on any axioms
ℹ [74/142] Replayed RelationalPerimeter.Computation.ConstitutiveSearch.EndogenousDecomposition.MeasuredAssignment
info: RelationalPerimeter/Computation/ConstitutiveSearch/EndogenousDecomposition/MeasuredAssignment.lean:66:0: 'ConstitutiveSearch.EndogenousDecomposition.readFlippedAssignment' does not depend on any axioms
info: RelationalPerimeter/Computation/ConstitutiveSearch/EndogenousDecomposition/MeasuredAssignment.lean:67:0: 'ConstitutiveSearch.EndogenousDecomposition.readTransportedAssignment' does not depend on any axioms
info: RelationalPerimeter/Computation/ConstitutiveSearch/EndogenousDecomposition/MeasuredAssignment.lean:68:0: 'ConstitutiveSearch.EndogenousDecomposition.readAssignmentQueries' does not depend on any axioms
ℹ [75/142] Replayed RelationalPerimeter.Computation.ConstitutiveSearch.EndogenousDecomposition.SequentialResolution
info: RelationalPerimeter/Computation/ConstitutiveSearch/EndogenousDecomposition/SequentialResolution.lean:1240:0: 'ConstitutiveSearch.EndogenousDecomposition.readAlternatingAssignment' does not depend on any axioms
info: RelationalPerimeter/Computation/ConstitutiveSearch/EndogenousDecomposition/SequentialResolution.lean:1241:0: 'ConstitutiveSearch.EndogenousDecomposition.MeasuredTransportApplication' does not depend on any axioms
info: RelationalPerimeter/Computation/ConstitutiveSearch/EndogenousDecomposition/SequentialResolution.lean:1242:0: 'ConstitutiveSearch.EndogenousDecomposition.applyMeasuredTransportCode' does not depend on any axioms
info: RelationalPerimeter/Computation/ConstitutiveSearch/EndogenousDecomposition/SequentialResolution.lean:1243:0: 'ConstitutiveSearch.EndogenousDecomposition.applyDiscoveryExecution_assignment' does not depend on any axioms
info: RelationalPerimeter/Computation/ConstitutiveSearch/EndogenousDecomposition/SequentialResolution.lean:1244:0: 'ConstitutiveSearch.EndogenousDecomposition.sequentialStage_next_from_input' does not depend on any axioms
info: RelationalPerimeter/Computation/ConstitutiveSearch/EndogenousDecomposition/SequentialResolution.lean:1245:0: 'ConstitutiveSearch.EndogenousDecomposition.sequentialStage_selected_exact' does not depend on any axioms
info: RelationalPerimeter/Computation/ConstitutiveSearch/EndogenousDecomposition/SequentialResolution.lean:1246:0: 'ConstitutiveSearch.EndogenousDecomposition.executeSequentialStageFromRecorded' does not depend on any axioms
info: RelationalPerimeter/Computation/ConstitutiveSearch/EndogenousDecomposition/SequentialResolution.lean:1247:0: 'ConstitutiveSearch.EndogenousDecomposition.stageSelectedVar_strict' does not depend on any axioms
info: RelationalPerimeter/Computation/ConstitutiveSearch/EndogenousDecomposition/SequentialResolution.lean:1248:0: 'ConstitutiveSearch.EndogenousDecomposition.canonicalStageDiscovery' does not depend on any axioms
info: RelationalPerimeter/Computation/ConstitutiveSearch/EndogenousDecomposition/SequentialResolution.lean:1249:0: 'ConstitutiveSearch.EndogenousDecomposition.applyDiscoveryExecution' does not depend on any axioms
info: RelationalPerimeter/Computation/ConstitutiveSearch/EndogenousDecomposition/SequentialResolution.lean:1250:0: 'ConstitutiveSearch.EndogenousDecomposition.AppliedDiscoveryExecution.preservesAccept' does not depend on any axioms
info: RelationalPerimeter/Computation/ConstitutiveSearch/EndogenousDecomposition/SequentialResolution.lean:1251:0: 'ConstitutiveSearch.EndogenousDecomposition.sequentialAssignment_satisfies_next_root' does not depend on any axioms
info: RelationalPerimeter/Computation/ConstitutiveSearch/EndogenousDecomposition/SequentialResolution.lean:1252:0: 'ConstitutiveSearch.EndogenousDecomposition.sequentialSourceContinuation_accepted' does not depend on any axioms
info: RelationalPerimeter/Computation/ConstitutiveSearch/EndogenousDecomposition/SequentialResolution.lean:1253:0: 'ConstitutiveSearch.EndogenousDecomposition.returnedAssignment_preserves_other' does not depend on any axioms
info: RelationalPerimeter/Computation/ConstitutiveSearch/EndogenousDecomposition/SequentialResolution.lean:1254:0: 'ConstitutiveSearch.EndogenousDecomposition.returnedAssignment_futureSelectedFalse' does not depend on any axioms
info: RelationalPerimeter/Computation/ConstitutiveSearch/EndogenousDecomposition/SequentialResolution.lean:1255:0: 'ConstitutiveSearch.EndogenousDecomposition.returnedAssignment_futureAnchorTrue' does not depend on any axioms
info: RelationalPerimeter/Computation/ConstitutiveSearch/EndogenousDecomposition/SequentialResolution.lean:1256:0: 'ConstitutiveSearch.EndogenousDecomposition.executeSequentialStage' does not depend on any axioms
info: RelationalPerimeter/Computation/ConstitutiveSearch/EndogenousDecomposition/SequentialResolution.lean:1257:0: 'ConstitutiveSearch.EndogenousDecomposition.executeSequentialStageFromDiscovered' does not depend on any axioms
info: RelationalPerimeter/Computation/ConstitutiveSearch/EndogenousDecomposition/SequentialResolution.lean:1258:0: 'ConstitutiveSearch.EndogenousDecomposition.executeSequentialStage_threads_output' does not depend on any axioms
info: RelationalPerimeter/Computation/ConstitutiveSearch/EndogenousDecomposition/SequentialResolution.lean:1259:0: 'ConstitutiveSearch.EndogenousDecomposition.executeSequentialStage_output_selected' does not depend on any axioms
info: RelationalPerimeter/Computation/ConstitutiveSearch/EndogenousDecomposition/SequentialResolution.lean:1260:0: 'ConstitutiveSearch.EndogenousDecomposition.executeSequentialStage_preserves_other' does not depend on any axioms
info: RelationalPerimeter/Computation/ConstitutiveSearch/EndogenousDecomposition/SequentialResolution.lean:1261:0: 'ConstitutiveSearch.EndogenousDecomposition.executeSequentialStage_testedCandidates' does not depend on any axioms
info: RelationalPerimeter/Computation/ConstitutiveSearch/EndogenousDecomposition/SequentialResolution.lean:1262:0: 'ConstitutiveSearch.EndogenousDecomposition.SequentialStageRun.stats' does not depend on any axioms
info: RelationalPerimeter/Computation/ConstitutiveSearch/EndogenousDecomposition/SequentialResolution.lean:1263:0: 'ConstitutiveSearch.EndogenousDecomposition.executeSequentialStage_generationStats' does not depend on any axioms
info: RelationalPerimeter/Computation/ConstitutiveSearch/EndogenousDecomposition/SequentialResolution.lean:1264:0: 'ConstitutiveSearch.EndogenousDecomposition.executeSequentialStage_extractionStats' does not depend on any axioms
info: RelationalPerimeter/Computation/ConstitutiveSearch/EndogenousDecomposition/SequentialResolution.lean:1265:0: 'ConstitutiveSearch.EndogenousDecomposition.executeSequentialStage_extractedCandidates' does not depend on any axioms
info: RelationalPerimeter/Computation/ConstitutiveSearch/EndogenousDecomposition/SequentialResolution.lean:1266:0: 'ConstitutiveSearch.EndogenousDecomposition.executeSequentialStage_attempts' does not depend on any axioms
info: RelationalPerimeter/Computation/ConstitutiveSearch/EndogenousDecomposition/SequentialResolution.lean:1267:0: 'ConstitutiveSearch.EndogenousDecomposition.executeSequentialStage_detailedDiscoveryStats' does not depend on any axioms
info: RelationalPerimeter/Computation/ConstitutiveSearch/EndogenousDecomposition/SequentialResolution.lean:1268:0: 'ConstitutiveSearch.EndogenousDecomposition.executeSequentialStage_localStats' does not depend on any axioms
info: RelationalPerimeter/Computation/ConstitutiveSearch/EndogenousDecomposition/SequentialResolution.lean:1269:0: 'ConstitutiveSearch.EndogenousDecomposition.executeSequentialStage_continuationApplications' does not depend on any axioms
info: RelationalPerimeter/Computation/ConstitutiveSearch/EndogenousDecomposition/SequentialResolution.lean:1270:0: 'ConstitutiveSearch.EndogenousDecomposition.executeSequentialStage_validatedAtoms' does not depend on any axioms
info: RelationalPerimeter/Computation/ConstitutiveSearch/EndogenousDecomposition/SequentialResolution.lean:1271:0: 'ConstitutiveSearch.EndogenousDecomposition.executeSequentialStage_total' does not depend on any axioms
info: RelationalPerimeter/Computation/ConstitutiveSearch/EndogenousDecomposition/SequentialResolution.lean:1272:0: 'ConstitutiveSearch.EndogenousDecomposition.initialSequentialStageCost_polynomial' does not depend on any axioms
ℹ [76/142] Replayed RelationalPerimeter.Computation.ConstitutiveSearch.EndogenousDecomposition.SequentialHistory
info: RelationalPerimeter/Computation/ConstitutiveSearch/EndogenousDecomposition/SequentialHistory.lean:1122:0: 'ConstitutiveSearch.EndogenousDecomposition.SequentialHistory.lastVariableRun' does not depend on any axioms
info: RelationalPerimeter/Computation/ConstitutiveSearch/EndogenousDecomposition/SequentialHistory.lean:1123:0: 'ConstitutiveSearch.EndogenousDecomposition.SequentialHistory.lastVariableRun_exact' does not depend on any axioms
info: RelationalPerimeter/Computation/ConstitutiveSearch/EndogenousDecomposition/SequentialHistory.lean:1124:0: 'ConstitutiveSearch.EndogenousDecomposition.SequentialHistory.lastVariableRun_visits' does not depend on any axioms
info: RelationalPerimeter/Computation/ConstitutiveSearch/EndogenousDecomposition/SequentialHistory.lean:1125:0: 'ConstitutiveSearch.EndogenousDecomposition.expectedLastVariable_nonempty' does not depend on any axioms
info: RelationalPerimeter/Computation/ConstitutiveSearch/EndogenousDecomposition/SequentialHistory.lean:1126:0: 'ConstitutiveSearch.EndogenousDecomposition.LastExecutedVariableRun.get' does not depend on any axioms
info: RelationalPerimeter/Computation/ConstitutiveSearch/EndogenousDecomposition/SequentialHistory.lean:1127:0: 'ConstitutiveSearch.EndogenousDecomposition.LastExecutedVariableRun.get_exact' does not depend on any axioms
info: RelationalPerimeter/Computation/ConstitutiveSearch/EndogenousDecomposition/SequentialHistory.lean:1128:0: 'ConstitutiveSearch.EndogenousDecomposition.terminalFromSequentialHistory' does not depend on any axioms
info: RelationalPerimeter/Computation/ConstitutiveSearch/EndogenousDecomposition/SequentialHistory.lean:1129:0: 'ConstitutiveSearch.EndogenousDecomposition.SequentialHistory.measuredValidationWork' does not depend on any axioms
info: RelationalPerimeter/Computation/ConstitutiveSearch/EndogenousDecomposition/SequentialHistory.lean:1130:0: 'ConstitutiveSearch.EndogenousDecomposition.SequentialHistory.measuredExecutionWork' does not depend on any axioms
info: RelationalPerimeter/Computation/ConstitutiveSearch/EndogenousDecomposition/SequentialHistory.lean:1131:0: 'ConstitutiveSearch.EndogenousDecomposition.SequentialHistory.measuredConstructionWork' does not depend on any axioms
info: RelationalPerimeter/Computation/ConstitutiveSearch/EndogenousDecomposition/SequentialHistory.lean:1132:0: 'ConstitutiveSearch.EndogenousDecomposition.SequentialHistory.measuredComparisonWork' does not depend on any axioms
info: RelationalPerimeter/Computation/ConstitutiveSearch/EndogenousDecomposition/SequentialHistory.lean:1133:0: 'ConstitutiveSearch.EndogenousDecomposition.SequentialHistory.preserves_below' does not depend on any axioms
info: RelationalPerimeter/Computation/ConstitutiveSearch/EndogenousDecomposition/SequentialHistory.lean:1134:0: 'ConstitutiveSearch.EndogenousDecomposition.SequentialHistory.readout_preserved' does not depend on any axioms
info: RelationalPerimeter/Computation/ConstitutiveSearch/EndogenousDecomposition/SequentialHistory.lean:1135:0: 'ConstitutiveSearch.EndogenousDecomposition.executedHistory_attemptCount' does not depend on any axioms
info: RelationalPerimeter/Computation/ConstitutiveSearch/EndogenousDecomposition/SequentialHistory.lean:1136:0: 'ConstitutiveSearch.EndogenousDecomposition.historyAttemptCount_depth_mono' does not depend on any axioms
info: RelationalPerimeter/Computation/ConstitutiveSearch/EndogenousDecomposition/SequentialHistory.lean:1137:0: 'ConstitutiveSearch.EndogenousDecomposition.historyAttemptCount_integrated_strict' does not depend on any axioms
info: RelationalPerimeter/Computation/ConstitutiveSearch/EndogenousDecomposition/SequentialHistory.lean:1138:0: 'ConstitutiveSearch.EndogenousDecomposition.executeSequentialHistory' does not depend on any axioms
info: RelationalPerimeter/Computation/ConstitutiveSearch/EndogenousDecomposition/SequentialHistory.lean:1139:0: 'ConstitutiveSearch.EndogenousDecomposition.SequentialHistory.final' does not depend on any axioms
info: RelationalPerimeter/Computation/ConstitutiveSearch/EndogenousDecomposition/SequentialHistory.lean:1140:0: 'ConstitutiveSearch.EndogenousDecomposition.SequentialHistory.executedVariables' does not depend on any axioms
info: RelationalPerimeter/Computation/ConstitutiveSearch/EndogenousDecomposition/SequentialHistory.lean:1141:0: 'ConstitutiveSearch.EndogenousDecomposition.SequentialHistory.executedBits' does not depend on any axioms
info: RelationalPerimeter/Computation/ConstitutiveSearch/EndogenousDecomposition/SequentialHistory.lean:1142:0: 'ConstitutiveSearch.EndogenousDecomposition.SequentialHistory.structuralProfileCost' does not depend on any axioms
info: RelationalPerimeter/Computation/ConstitutiveSearch/EndogenousDecomposition/SequentialHistory.lean:1143:0: 'ConstitutiveSearch.EndogenousDecomposition.SequentialHistory.totalStructuralProfileCost' does not depend on any axioms
info: RelationalPerimeter/Computation/ConstitutiveSearch/EndogenousDecomposition/SequentialHistory.lean:1144:0: 'ConstitutiveSearch.EndogenousDecomposition.SequentialHistory.phaseAccounting' does not depend on any axioms
info: RelationalPerimeter/Computation/ConstitutiveSearch/EndogenousDecomposition/SequentialHistory.lean:1145:0: 'ConstitutiveSearch.EndogenousDecomposition.SequentialHistory.phaseAccounting_exact' does not depend on any axioms
info: RelationalPerimeter/Computation/ConstitutiveSearch/EndogenousDecomposition/SequentialHistory.lean:1146:0: 'ConstitutiveSearch.EndogenousDecomposition.executedHistory_variables_length' does not depend on any axioms
info: RelationalPerimeter/Computation/ConstitutiveSearch/EndogenousDecomposition/SequentialHistory.lean:1147:0: 'ConstitutiveSearch.EndogenousDecomposition.executedHistory_preserves_below' does not depend on any axioms
info: RelationalPerimeter/Computation/ConstitutiveSearch/EndogenousDecomposition/SequentialHistory.lean:1148:0: 'ConstitutiveSearch.EndogenousDecomposition.executedHistory_bits_exact' does not depend on any axioms
info: RelationalPerimeter/Computation/ConstitutiveSearch/EndogenousDecomposition/SequentialHistory.lean:1149:0: 'ConstitutiveSearch.EndogenousDecomposition.executedHistory_bits_length' does not depend on any axioms
info: RelationalPerimeter/Computation/ConstitutiveSearch/EndogenousDecomposition/SequentialHistory.lean:1150:0: 'ConstitutiveSearch.EndogenousDecomposition.executedHistory_generatedSteps' does not depend on any axioms
info: RelationalPerimeter/Computation/ConstitutiveSearch/EndogenousDecomposition/SequentialHistory.lean:1151:0: 'ConstitutiveSearch.EndogenousDecomposition.executedHistory_generateCalls' does not depend on any axioms
info: RelationalPerimeter/Computation/ConstitutiveSearch/EndogenousDecomposition/SequentialHistory.lean:1152:0: 'ConstitutiveSearch.EndogenousDecomposition.executedHistory_provenanceUnits' does not depend on any axioms
info: RelationalPerimeter/Computation/ConstitutiveSearch/EndogenousDecomposition/SequentialHistory.lean:1153:0: 'ConstitutiveSearch.EndogenousDecomposition.executedHistory_generationCertificates' does not depend on any axioms
info: RelationalPerimeter/Computation/ConstitutiveSearch/EndogenousDecomposition/SequentialHistory.lean:1154:0: 'ConstitutiveSearch.EndogenousDecomposition.executedHistory_validationQueries' does not depend on any axioms
info: RelationalPerimeter/Computation/ConstitutiveSearch/EndogenousDecomposition/SequentialHistory.lean:1155:0: 'ConstitutiveSearch.EndogenousDecomposition.executedHistory_executionQueries' does not depend on any axioms
info: RelationalPerimeter/Computation/ConstitutiveSearch/EndogenousDecomposition/SequentialHistory.lean:1156:0: 'ConstitutiveSearch.EndogenousDecomposition.executedHistory_compositionCandidates' does not depend on any axioms
info: RelationalPerimeter/Computation/ConstitutiveSearch/EndogenousDecomposition/SequentialHistory.lean:1157:0: 'ConstitutiveSearch.EndogenousDecomposition.executedHistory_appliedAtoms' does not depend on any axioms
info: RelationalPerimeter/Computation/ConstitutiveSearch/EndogenousDecomposition/SequentialHistory.lean:1158:0: 'ConstitutiveSearch.EndogenousDecomposition.executedHistory_testedCandidates' does not depend on any axioms
info: RelationalPerimeter/Computation/ConstitutiveSearch/EndogenousDecomposition/SequentialHistory.lean:1159:0: 'ConstitutiveSearch.EndogenousDecomposition.executedHistory_relationQueries' does not depend on any axioms
info: RelationalPerimeter/Computation/ConstitutiveSearch/EndogenousDecomposition/SequentialHistory.lean:1160:0: 'ConstitutiveSearch.EndogenousDecomposition.executedHistory_extractedCandidates_eq_literalVisits' does not depend on any axioms
info: RelationalPerimeter/Computation/ConstitutiveSearch/EndogenousDecomposition/SequentialHistory.lean:1161:0: 'ConstitutiveSearch.EndogenousDecomposition.executedHistory_validatedAtoms' does not depend on any axioms
info: RelationalPerimeter/Computation/ConstitutiveSearch/EndogenousDecomposition/SequentialHistory.lean:1162:0: 'ConstitutiveSearch.EndogenousDecomposition.historyAttemptCount_le' does not depend on any axioms
info: RelationalPerimeter/Computation/ConstitutiveSearch/EndogenousDecomposition/SequentialHistory.lean:1163:0: 'ConstitutiveSearch.EndogenousDecomposition.executedHistory_attempts_le' does not depend on any axioms
info: RelationalPerimeter/Computation/ConstitutiveSearch/EndogenousDecomposition/SequentialHistory.lean:1164:0: 'ConstitutiveSearch.EndogenousDecomposition.executedHistory_relationQueries_le' does not depend on any axioms
info: RelationalPerimeter/Computation/ConstitutiveSearch/EndogenousDecomposition/SequentialHistory.lean:1165:0: 'ConstitutiveSearch.EndogenousDecomposition.executedHistory_cost_le' does not depend on any axioms
info: RelationalPerimeter/Computation/ConstitutiveSearch/EndogenousDecomposition/SequentialHistory.lean:1166:0: 'ConstitutiveSearch.EndogenousDecomposition.terminalFromSequentialHistory' does not depend on any axioms
info: RelationalPerimeter/Computation/ConstitutiveSearch/EndogenousDecomposition/SequentialHistory.lean:1167:0: 'ConstitutiveSearch.EndogenousDecomposition.transportedBitParity' does not depend on any axioms
info: RelationalPerimeter/Computation/ConstitutiveSearch/EndogenousDecomposition/SequentialHistory.lean:1168:0: 'ConstitutiveSearch.EndogenousDecomposition.runTerminalReadout' does not depend on any axioms
info: RelationalPerimeter/Computation/ConstitutiveSearch/EndogenousDecomposition/SequentialHistory.lean:1169:0: 'ConstitutiveSearch.EndogenousDecomposition.runTerminalReadout_decision' does not depend on any axioms
info: RelationalPerimeter/Computation/ConstitutiveSearch/EndogenousDecomposition/SequentialHistory.lean:1170:0: 'ConstitutiveSearch.EndogenousDecomposition.runTerminalReadout_visits' does not depend on any axioms
info: RelationalPerimeter/Computation/ConstitutiveSearch/EndogenousDecomposition/SequentialHistory.lean:1171:0: 'ConstitutiveSearch.EndogenousDecomposition.decideSequentialTerminal' does not depend on any axioms
info: RelationalPerimeter/Computation/ConstitutiveSearch/EndogenousDecomposition/SequentialHistory.lean:1172:0: 'ConstitutiveSearch.EndogenousDecomposition.executedHistory_selectedBit_true' does not depend on any axioms
info: RelationalPerimeter/Computation/ConstitutiveSearch/EndogenousDecomposition/SequentialHistory.lean:1173:0: 'ConstitutiveSearch.EndogenousDecomposition.executedHistory_decision_exact' does not depend on any axioms
ℹ [77/142] Replayed RelationalPerimeter.Computation.ConstitutiveSearch.EndogenousDecomposition.GeneratedHistoryExecution
info: RelationalPerimeter/Computation/ConstitutiveSearch/EndogenousDecomposition/GeneratedHistoryExecution.lean:317:0: 'ConstitutiveSearch.EndogenousDecomposition.produceThreadedGeneratedHistoryFrom' does not depend on any axioms
info: RelationalPerimeter/Computation/ConstitutiveSearch/EndogenousDecomposition/GeneratedHistoryExecution.lean:318:0: 'ConstitutiveSearch.EndogenousDecomposition.produceThreadedGeneratedHistoryFrom_exact' does not depend on any axioms
info: RelationalPerimeter/Computation/ConstitutiveSearch/EndogenousDecomposition/GeneratedHistoryExecution.lean:319:0: 'ConstitutiveSearch.EndogenousDecomposition.executeRecorded_eq_reference' does not depend on any axioms
info: RelationalPerimeter/Computation/ConstitutiveSearch/EndogenousDecomposition/GeneratedHistoryExecution.lean:320:0: 'ConstitutiveSearch.EndogenousDecomposition.produceCanonicalGeneratedHistory' does not depend on any axioms
info: RelationalPerimeter/Computation/ConstitutiveSearch/EndogenousDecomposition/GeneratedHistoryExecution.lean:321:0: 'ConstitutiveSearch.EndogenousDecomposition.executeGeneratedHistory' does not depend on any axioms
info: RelationalPerimeter/Computation/ConstitutiveSearch/EndogenousDecomposition/GeneratedHistoryExecution.lean:322:0: 'ConstitutiveSearch.EndogenousDecomposition.discoverGeneratedHistoryTransportPath' does not depend on any axioms
info: RelationalPerimeter/Computation/ConstitutiveSearch/EndogenousDecomposition/GeneratedHistoryExecution.lean:323:0: 'ConstitutiveSearch.EndogenousDecomposition.discoverGeneratedHistoryTransportPath_exact' does not depend on any axioms
info: RelationalPerimeter/Computation/ConstitutiveSearch/EndogenousDecomposition/GeneratedHistoryExecution.lean:324:0: 'ConstitutiveSearch.EndogenousDecomposition.GeneratedHistoryTraversalResult.successfulHistory' does not depend on any axioms
info: RelationalPerimeter/Computation/ConstitutiveSearch/EndogenousDecomposition/GeneratedHistoryExecution.lean:325:0: 'ConstitutiveSearch.EndogenousDecomposition.GeneratedHistoryTraversalResult.successfulHistory_exact' does not depend on any axioms
info: RelationalPerimeter/Computation/ConstitutiveSearch/EndogenousDecomposition/GeneratedHistoryExecution.lean:326:0: 'ConstitutiveSearch.EndogenousDecomposition.executeProducedHistory_exact' does not depend on any axioms
info: RelationalPerimeter/Computation/ConstitutiveSearch/EndogenousDecomposition/GeneratedHistoryExecution.lean:327:0: 'ConstitutiveSearch.EndogenousDecomposition.producedHistory_stepCount' does not depend on any axioms
info: RelationalPerimeter/Computation/ConstitutiveSearch/EndogenousDecomposition/GeneratedHistoryExecution.lean:328:0: 'ConstitutiveSearch.EndogenousDecomposition.executeGeneratedHistory_accepted' does not depend on any axioms
ℹ [78/142] Replayed RelationalPerimeter.Computation.ConstitutiveSearch.EndogenousDecomposition.ConstitutiveInterface
info: RelationalPerimeter/Computation/ConstitutiveSearch/EndogenousDecomposition/ConstitutiveInterface.lean:193:0: 'ConstitutiveSearch.EndogenousDecomposition.ConstitutiveOperationalInterface' does not depend on any axioms
info: RelationalPerimeter/Computation/ConstitutiveSearch/EndogenousDecomposition/ConstitutiveInterface.lean:194:0: 'ConstitutiveSearch.EndogenousDecomposition.concreteOperationalDiscover' does not depend on any axioms
info: RelationalPerimeter/Computation/ConstitutiveSearch/EndogenousDecomposition/ConstitutiveInterface.lean:195:0: 'ConstitutiveSearch.EndogenousDecomposition.concreteConstitutiveOperationalInterface' does not depend on any axioms
info: RelationalPerimeter/Computation/ConstitutiveSearch/EndogenousDecomposition/ConstitutiveInterface.lean:196:0: 'ConstitutiveSearch.EndogenousDecomposition.concreteInterface_realize_constitutedEndpoint' does not depend on any axioms
info: RelationalPerimeter/Computation/ConstitutiveSearch/EndogenousDecomposition/ConstitutiveInterface.lean:197:0: 'ConstitutiveSearch.EndogenousDecomposition.concreteInterface_discover_selected' does not depend on any axioms
info: RelationalPerimeter/Computation/ConstitutiveSearch/EndogenousDecomposition/ConstitutiveInterface.lean:198:0: 'ConstitutiveSearch.EndogenousDecomposition.realizeConstitutedStage' does not depend on any axioms
info: RelationalPerimeter/Computation/ConstitutiveSearch/EndogenousDecomposition/ConstitutiveInterface.lean:199:0: 'ConstitutiveSearch.EndogenousDecomposition.realizeConstitutedStage_roundTrip' does not depend on any axioms
info: RelationalPerimeter/Computation/ConstitutiveSearch/EndogenousDecomposition/ConstitutiveInterface.lean:200:0: 'ConstitutiveSearch.EndogenousDecomposition.concreteRelation_comes_from_discovery' does not depend on any axioms
ℹ [79/142] Replayed RelationalPerimeter.Computation.ConstitutiveSearch.EndogenousDecomposition.GenericConstitutiveTraversal
info: RelationalPerimeter/Computation/ConstitutiveSearch/EndogenousDecomposition/GenericConstitutiveTraversal.lean:166:0: 'ConstitutiveSearch.EndogenousDecomposition.ConstitutiveOperationalInterface.explore' does not depend on any axioms
info: RelationalPerimeter/Computation/ConstitutiveSearch/EndogenousDecomposition/GenericConstitutiveTraversal.lean:167:0: 'ConstitutiveSearch.EndogenousDecomposition.ConstitutiveOperationalInterface.explore_tested' does not depend on any axioms
info: RelationalPerimeter/Computation/ConstitutiveSearch/EndogenousDecomposition/GenericConstitutiveTraversal.lean:168:0: 'ConstitutiveSearch.EndogenousDecomposition.ConstitutiveOperationalInterface.produceHistory' does not depend on any axioms
info: RelationalPerimeter/Computation/ConstitutiveSearch/EndogenousDecomposition/GenericConstitutiveTraversal.lean:169:0: 'ConstitutiveSearch.EndogenousDecomposition.ConstitutiveOperationalInterface.discoverHistory' does not depend on any axioms
info: RelationalPerimeter/Computation/ConstitutiveSearch/EndogenousDecomposition/GenericConstitutiveTraversal.lean:170:0: 'ConstitutiveSearch.EndogenousDecomposition.ConstitutiveOperationalInterface.discoverHistory_failure' does not depend on any axioms
info: RelationalPerimeter/Computation/ConstitutiveSearch/EndogenousDecomposition/GenericConstitutiveTraversal.lean:171:0: 'ConstitutiveSearch.EndogenousDecomposition.cnfConstitutiveInterface' does not depend on any axioms
info: RelationalPerimeter/Computation/ConstitutiveSearch/EndogenousDecomposition/GenericConstitutiveTraversal.lean:172:0: 'ConstitutiveSearch.EndogenousDecomposition.asymmetric_discovery_really_fails' does not depend on any axioms
info: RelationalPerimeter/Computation/ConstitutiveSearch/EndogenousDecomposition/GenericConstitutiveTraversal.lean:173:0: 'ConstitutiveSearch.EndogenousDecomposition.produced_step_does_not_imply_discovery' does not depend on any axioms
ℹ [80/142] Replayed RelationalPerimeter.Computation.ConstitutiveSearch.ConstitutedPrimitivePath
info: RelationalPerimeter/Computation/ConstitutiveSearch/ConstitutedPrimitivePath.lean:329:0: 'ConstitutiveSearch.ConstitutedPrimitivePath' does not depend on any axioms
info: RelationalPerimeter/Computation/ConstitutiveSearch/ConstitutedPrimitivePath.lean:330:0: 'ConstitutiveSearch.ConstitutedPrimitivePath.length' does not depend on any axioms
info: RelationalPerimeter/Computation/ConstitutiveSearch/ConstitutedPrimitivePath.lean:331:0: 'ConstitutiveSearch.ConstitutedPrimitivePath.toTransportCode' does not depend on any axioms
info: RelationalPerimeter/Computation/ConstitutiveSearch/ConstitutedPrimitivePath.lean:332:0: 'ConstitutiveSearch.ConstitutedPrimitivePath.toTransportCode_size' does not depend on any axioms
info: RelationalPerimeter/Computation/ConstitutiveSearch/ConstitutedPrimitivePath.lean:333:0: 'ConstitutiveSearch.ConstitutedPrimitivePath.SearchableBy' does not depend on any axioms
info: RelationalPerimeter/Computation/ConstitutiveSearch/ConstitutedPrimitivePath.lean:334:0: 'ConstitutiveSearch.ConstitutedPrimitivePath.toTransportCode_searchable_iff' does not depend on any axioms
info: RelationalPerimeter/Computation/ConstitutiveSearch/ConstitutedPrimitivePath.lean:335:0: 'ConstitutiveSearch.ConstitutedPrimitivePath.validation_primitiveQueries' does not depend on any axioms
info: RelationalPerimeter/Computation/ConstitutiveSearch/ConstitutedPrimitivePath.lean:336:0: 'ConstitutiveSearch.ConstitutedPrimitivePath.validation_success_iff' does not depend on any axioms
info: RelationalPerimeter/Computation/ConstitutiveSearch/ConstitutedPrimitivePath.lean:337:0: 'ConstitutiveSearch.ConstitutedPrimitivePath.localSequentialExecution' does not depend on any axioms
info: RelationalPerimeter/Computation/ConstitutiveSearch/ConstitutedPrimitivePath.lean:338:0: 'ConstitutiveSearch.ConstitutedPrimitivePath.EndToEndLocalExecution' does not depend on any axioms
info: RelationalPerimeter/Computation/ConstitutiveSearch/ConstitutedPrimitivePath.lean:339:0: 'ConstitutiveSearch.ConstitutedPrimitivePath.endToEndLocalExecution_of_searchable' does not depend on any axioms
ℹ [81/142] Replayed RelationalPerimeter.Computation.ConstitutiveSearch.EndogenousDecomposition.ExecutedLocalSchedule
info: RelationalPerimeter/Computation/ConstitutiveSearch/EndogenousDecomposition/ExecutedLocalSchedule.lean:113:0: 'ConstitutiveSearch.EndogenousDecomposition.LocalPrimitiveAtom.path' does not depend on any axioms
info: RelationalPerimeter/Computation/ConstitutiveSearch/EndogenousDecomposition/ExecutedLocalSchedule.lean:114:0: 'ConstitutiveSearch.EndogenousDecomposition.SequentialHistory.localPath' does not depend on any axioms
info: RelationalPerimeter/Computation/ConstitutiveSearch/EndogenousDecomposition/ExecutedLocalSchedule.lean:115:0: 'ConstitutiveSearch.EndogenousDecomposition.SequentialHistory.returnedCodes' does not depend on any axioms
info: RelationalPerimeter/Computation/ConstitutiveSearch/EndogenousDecomposition/ExecutedLocalSchedule.lean:116:0: 'ConstitutiveSearch.EndogenousDecomposition.localPath_compiles_to_returnedCodes' does not depend on any axioms
info: RelationalPerimeter/Computation/ConstitutiveSearch/EndogenousDecomposition/ExecutedLocalSchedule.lean:117:0: 'ConstitutiveSearch.EndogenousDecomposition.localPath_length' does not depend on any axioms
info: RelationalPerimeter/Computation/ConstitutiveSearch/EndogenousDecomposition/ExecutedLocalSchedule.lean:118:0: 'ConstitutiveSearch.EndogenousDecomposition.returnedCodes_size' does not depend on any axioms
info: RelationalPerimeter/Computation/ConstitutiveSearch/EndogenousDecomposition/ExecutedLocalSchedule.lean:119:0: 'ConstitutiveSearch.EndogenousDecomposition.sequentialStage_next_from_input' does not depend on any axioms
info: RelationalPerimeter/Computation/ConstitutiveSearch/EndogenousDecomposition/ExecutedLocalSchedule.lean:120:0: 'ConstitutiveSearch.EndogenousDecomposition.terminalAssignment_is_operational_fold' does not depend on any axioms
ℹ [82/142] Replayed RelationalPerimeter.Computation.ConstitutiveSearch.EndogenousDecomposition.GenericConcreteRefinement
info: RelationalPerimeter/Computation/ConstitutiveSearch/EndogenousDecomposition/GenericConcreteRefinement.lean:209:0: 'ConstitutiveSearch.EndogenousDecomposition.discoveryAsGeneric' does not depend on any axioms
info: RelationalPerimeter/Computation/ConstitutiveSearch/EndogenousDecomposition/GenericConcreteRefinement.lean:210:0: 'ConstitutiveSearch.EndogenousDecomposition.recordedAsGeneric' does not depend on any axioms
info: RelationalPerimeter/Computation/ConstitutiveSearch/EndogenousDecomposition/GenericConcreteRefinement.lean:211:0: 'ConstitutiveSearch.EndogenousDecomposition.concreteDiscover_measured' does not depend on any axioms
info: RelationalPerimeter/Computation/ConstitutiveSearch/EndogenousDecomposition/GenericConcreteRefinement.lean:212:0: 'ConstitutiveSearch.EndogenousDecomposition.genericExploration_refined' does not depend on any axioms
info: RelationalPerimeter/Computation/ConstitutiveSearch/EndogenousDecomposition/GenericConcreteRefinement.lean:213:0: 'ConstitutiveSearch.EndogenousDecomposition.genericStageDiscovery_refined' does not depend on any axioms
info: RelationalPerimeter/Computation/ConstitutiveSearch/EndogenousDecomposition/GenericConcreteRefinement.lean:214:0: 'ConstitutiveSearch.EndogenousDecomposition.executedStage_genericDiscovery' does not depend on any axioms
info: RelationalPerimeter/Computation/ConstitutiveSearch/EndogenousDecomposition/GenericConcreteRefinement.lean:215:0: 'ConstitutiveSearch.EndogenousDecomposition.executedStage_genericAction' does not depend on any axioms
info: RelationalPerimeter/Computation/ConstitutiveSearch/EndogenousDecomposition/GenericConcreteRefinement.lean:216:0: 'ConstitutiveSearch.EndogenousDecomposition.executedStage_producedGenericDiscovery' does not depend on any axioms
info: RelationalPerimeter/Computation/ConstitutiveSearch/EndogenousDecomposition/GenericConcreteRefinement.lean:217:0: 'ConstitutiveSearch.EndogenousDecomposition.executedHistory_genericRefinement' does not depend on any axioms
info: RelationalPerimeter/Computation/ConstitutiveSearch/EndogenousDecomposition/GenericConcreteRefinement.lean:218:0: 'ConstitutiveSearch.EndogenousDecomposition.ConstitutiveOperationalInterface.DiscoveredHistory.append' does not depend on any axioms
info: RelationalPerimeter/Computation/ConstitutiveSearch/EndogenousDecomposition/GenericConcreteRefinement.lean:219:0: 'ConstitutiveSearch.EndogenousDecomposition.ConstitutiveOperationalInterface.discoverHistory_of_discovered' does not depend on any axioms
info: RelationalPerimeter/Computation/ConstitutiveSearch/EndogenousDecomposition/GenericConcreteRefinement.lean:220:0: 'ConstitutiveSearch.EndogenousDecomposition.CanonicalStageGeneration.asGenericStep' does not depend on any axioms
info: RelationalPerimeter/Computation/ConstitutiveSearch/EndogenousDecomposition/GenericConcreteRefinement.lean:221:0: 'ConstitutiveSearch.EndogenousDecomposition.CanonicalGeneratedHistory.asGeneric' does not depend on any axioms
info: RelationalPerimeter/Computation/ConstitutiveSearch/EndogenousDecomposition/GenericConcreteRefinement.lean:222:0: 'ConstitutiveSearch.EndogenousDecomposition.SequentialHistory.generatedHistory' does not depend on any axioms
info: RelationalPerimeter/Computation/ConstitutiveSearch/EndogenousDecomposition/GenericConcreteRefinement.lean:223:0: 'ConstitutiveSearch.EndogenousDecomposition.executedGeneratedHistory_retains_generators' does not depend on any axioms
info: RelationalPerimeter/Computation/ConstitutiveSearch/EndogenousDecomposition/GenericConcreteRefinement.lean:224:0: 'ConstitutiveSearch.EndogenousDecomposition.SequentialHistory.genericDiscovered' does not depend on any axioms
info: RelationalPerimeter/Computation/ConstitutiveSearch/EndogenousDecomposition/GenericConcreteRefinement.lean:225:0: 'ConstitutiveSearch.EndogenousDecomposition.executedHistory_genericTraversal' does not depend on any axioms
info: RelationalPerimeter/Computation/ConstitutiveSearch/EndogenousDecomposition/GenericConcreteRefinement.lean:226:0: 'ConstitutiveSearch.EndogenousDecomposition.executedStage_output_not_input' does not depend on any axioms
info: RelationalPerimeter/Computation/ConstitutiveSearch/EndogenousDecomposition/GenericConcreteRefinement.lean:227:0: 'ConstitutiveSearch.EndogenousDecomposition.executedStage_next_not_input' does not depend on any axioms
ℹ [83/142] Replayed RelationalPerimeter.Computation.ConstitutiveSearch.ConstitutiveProjectionNonFactorization
info: RelationalPerimeter/Computation/ConstitutiveSearch/ConstitutiveProjectionNonFactorization.lean:236:0: 'ConstitutiveSearch.PredicateFactorsThrough' does not depend on any axioms
info: RelationalPerimeter/Computation/ConstitutiveSearch/ConstitutiveProjectionNonFactorization.lean:237:0: 'ConstitutiveSearch.ValueFactorsThrough' does not depend on any axioms
info: RelationalPerimeter/Computation/ConstitutiveSearch/ConstitutiveProjectionNonFactorization.lean:238:0: 'ConstitutiveSearch.ActionFactorsThrough' does not depend on any axioms
info: RelationalPerimeter/Computation/ConstitutiveSearch/ConstitutiveProjectionNonFactorization.lean:239:0: 'ConstitutiveSearch.ActionProjectionCollision' does not depend on any axioms
info: RelationalPerimeter/Computation/ConstitutiveSearch/ConstitutiveProjectionNonFactorization.lean:240:0: 'ConstitutiveSearch.AnchoredActionProjectionCollision' does not depend on any axioms
info: RelationalPerimeter/Computation/ConstitutiveSearch/ConstitutiveProjectionNonFactorization.lean:241:0: 'ConstitutiveSearch.AnchoredActionProjectionCollision.toCollision' does not depend on any axioms
info: RelationalPerimeter/Computation/ConstitutiveSearch/ConstitutiveProjectionNonFactorization.lean:242:0: 'ConstitutiveSearch.predicate_not_factors_of_same_projection' does not depend on any axioms
info: RelationalPerimeter/Computation/ConstitutiveSearch/ConstitutiveProjectionNonFactorization.lean:243:0: 'ConstitutiveSearch.value_not_factors_of_same_projection' does not depend on any axioms
info: RelationalPerimeter/Computation/ConstitutiveSearch/ConstitutiveProjectionNonFactorization.lean:244:0: 'ConstitutiveSearch.action_not_factors_of_projection_collision' does not depend on any axioms
info: RelationalPerimeter/Computation/ConstitutiveSearch/ConstitutiveProjectionNonFactorization.lean:245:0: 'ConstitutiveSearch.action_not_factors_of_anchored_projection_collision' does not depend on any axioms
ℹ [84/142] Replayed RelationalPerimeter.Computation.ConstitutiveSearch.EndogenousDecomposition.OperationalProjection
info: RelationalPerimeter/Computation/ConstitutiveSearch/EndogenousDecomposition/OperationalProjection.lean:498:0: 'ConstitutiveSearch.EndogenousDecomposition.same_projected_formula' does not depend on any axioms
info: RelationalPerimeter/Computation/ConstitutiveSearch/EndogenousDecomposition/OperationalProjection.lean:499:0: 'ConstitutiveSearch.EndogenousDecomposition.projectionSplitVar_from_constitution' does not depend on any axioms
info: RelationalPerimeter/Computation/ConstitutiveSearch/EndogenousDecomposition/OperationalProjection.lean:500:0: 'ConstitutiveSearch.EndogenousDecomposition.projectionRootFormula_from_constitution' does not depend on any axioms
info: RelationalPerimeter/Computation/ConstitutiveSearch/EndogenousDecomposition/OperationalProjection.lean:501:0: 'ConstitutiveSearch.EndogenousDecomposition.compatible_search_found' does not depend on any axioms
info: RelationalPerimeter/Computation/ConstitutiveSearch/EndogenousDecomposition/OperationalProjection.lean:502:0: 'ConstitutiveSearch.EndogenousDecomposition.incompatible_search_missed' does not depend on any axioms
info: RelationalPerimeter/Computation/ConstitutiveSearch/EndogenousDecomposition/OperationalProjection.lean:503:0: 'ConstitutiveSearch.EndogenousDecomposition.compatible_run_exact' does not depend on any axioms
info: RelationalPerimeter/Computation/ConstitutiveSearch/EndogenousDecomposition/OperationalProjection.lean:504:0: 'ConstitutiveSearch.EndogenousDecomposition.incompatible_run_exact' does not depend on any axioms
info: RelationalPerimeter/Computation/ConstitutiveSearch/EndogenousDecomposition/OperationalProjection.lean:505:0: 'ConstitutiveSearch.EndogenousDecomposition.runOperationalProjectionExperiment' does not depend on any axioms
info: RelationalPerimeter/Computation/ConstitutiveSearch/EndogenousDecomposition/OperationalProjection.lean:506:0: 'ConstitutiveSearch.EndogenousDecomposition.projectionExperiment_runs_exact' does not depend on any axioms
info: RelationalPerimeter/Computation/ConstitutiveSearch/EndogenousDecomposition/OperationalProjection.lean:507:0: 'ConstitutiveSearch.EndogenousDecomposition.organizations_constitutively_distinct' does not depend on any axioms
info: RelationalPerimeter/Computation/ConstitutiveSearch/EndogenousDecomposition/OperationalProjection.lean:508:0: 'ConstitutiveSearch.EndogenousDecomposition.operational_observation_not_factors' does not depend on any axioms
info: RelationalPerimeter/Computation/ConstitutiveSearch/EndogenousDecomposition/OperationalProjection.lean:509:0: 'ConstitutiveSearch.EndogenousDecomposition.operational_observation_not_factors_through_input' does not depend on any axioms
ℹ [85/142] Replayed RelationalPerimeter.Computation.ConstitutiveSearch.EndogenousDecomposition.IntegratedProjection
info: RelationalPerimeter/Computation/ConstitutiveSearch/EndogenousDecomposition/IntegratedProjection.lean:435:0: 'ConstitutiveSearch.EndogenousDecomposition.residual_preserves_avoids' does not depend on any axioms
info: RelationalPerimeter/Computation/ConstitutiveSearch/EndogenousDecomposition/IntegratedProjection.lean:436:0: 'ConstitutiveSearch.EndogenousDecomposition.retained_var_exact' does not depend on any axioms
info: RelationalPerimeter/Computation/ConstitutiveSearch/EndogenousDecomposition/IntegratedProjection.lean:437:0: 'ConstitutiveSearch.EndogenousDecomposition.retained_decisions_exact' does not depend on any axioms
info: RelationalPerimeter/Computation/ConstitutiveSearch/EndogenousDecomposition/IntegratedProjection.lean:438:0: 'ConstitutiveSearch.EndogenousDecomposition.growing_root_avoids_above' does not depend on any axioms
info: RelationalPerimeter/Computation/ConstitutiveSearch/EndogenousDecomposition/IntegratedProjection.lean:439:0: 'ConstitutiveSearch.EndogenousDecomposition.retained_formulas_avoid_future' does not depend on any axioms
info: RelationalPerimeter/Computation/ConstitutiveSearch/EndogenousDecomposition/IntegratedProjection.lean:440:0: 'ConstitutiveSearch.EndogenousDecomposition.integratedMarkedSource' does not depend on any axioms
info: RelationalPerimeter/Computation/ConstitutiveSearch/EndogenousDecomposition/IntegratedProjection.lean:441:0: 'ConstitutiveSearch.EndogenousDecomposition.integratedMarkedTarget' does not depend on any axioms
info: RelationalPerimeter/Computation/ConstitutiveSearch/EndogenousDecomposition/IntegratedProjection.lean:442:0: 'ConstitutiveSearch.EndogenousDecomposition.integrated_marked_constitutions_distinct' does not depend on any axioms
info: RelationalPerimeter/Computation/ConstitutiveSearch/EndogenousDecomposition/IntegratedProjection.lean:443:0: 'ConstitutiveSearch.EndogenousDecomposition.integrated_marked_projection_equal' does not depend on any axioms
info: RelationalPerimeter/Computation/ConstitutiveSearch/EndogenousDecomposition/IntegratedProjection.lean:444:0: 'ConstitutiveSearch.EndogenousDecomposition.integratedMarkedRelation' does not depend on any axioms
info: RelationalPerimeter/Computation/ConstitutiveSearch/EndogenousDecomposition/IntegratedProjection.lean:445:0: 'ConstitutiveSearch.EndogenousDecomposition.integrated_marked_incompatible' does not depend on any axioms
info: RelationalPerimeter/Computation/ConstitutiveSearch/EndogenousDecomposition/IntegratedProjection.lean:446:0: 'ConstitutiveSearch.EndogenousDecomposition.integratedMarkedContinuation' does not depend on any axioms
info: RelationalPerimeter/Computation/ConstitutiveSearch/EndogenousDecomposition/IntegratedProjection.lean:447:0: 'ConstitutiveSearch.EndogenousDecomposition.runMeasuredProjection' does not depend on any axioms
info: RelationalPerimeter/Computation/ConstitutiveSearch/EndogenousDecomposition/IntegratedProjection.lean:448:0: 'ConstitutiveSearch.EndogenousDecomposition.runMeasuredProjection_found' does not depend on any axioms
info: RelationalPerimeter/Computation/ConstitutiveSearch/EndogenousDecomposition/IntegratedProjection.lean:449:0: 'ConstitutiveSearch.EndogenousDecomposition.integrated_positive_found' does not depend on any axioms
info: RelationalPerimeter/Computation/ConstitutiveSearch/EndogenousDecomposition/IntegratedProjection.lean:450:0: 'ConstitutiveSearch.EndogenousDecomposition.integrated_negative_missed' does not depend on any axioms
info: RelationalPerimeter/Computation/ConstitutiveSearch/EndogenousDecomposition/IntegratedProjection.lean:451:0: 'ConstitutiveSearch.EndogenousDecomposition.integratedOrganizationObservation' does not depend on any axioms
info: RelationalPerimeter/Computation/ConstitutiveSearch/EndogenousDecomposition/IntegratedProjection.lean:452:0: 'ConstitutiveSearch.EndogenousDecomposition.integrated_positive_result' does not depend on any axioms
info: RelationalPerimeter/Computation/ConstitutiveSearch/EndogenousDecomposition/IntegratedProjection.lean:453:0: 'ConstitutiveSearch.EndogenousDecomposition.integrated_negative_result' does not depend on any axioms
info: RelationalPerimeter/Computation/ConstitutiveSearch/EndogenousDecomposition/IntegratedProjection.lean:454:0: 'ConstitutiveSearch.EndogenousDecomposition.integrated_positive_codeAtoms' does not depend on any axioms
info: RelationalPerimeter/Computation/ConstitutiveSearch/EndogenousDecomposition/IntegratedProjection.lean:455:0: 'ConstitutiveSearch.EndogenousDecomposition.integrated_negative_codeAtoms' does not depend on any axioms
info: RelationalPerimeter/Computation/ConstitutiveSearch/EndogenousDecomposition/IntegratedProjection.lean:456:0: 'ConstitutiveSearch.EndogenousDecomposition.runSection31ReferenceProjection' does not depend on any axioms
info: RelationalPerimeter/Computation/ConstitutiveSearch/EndogenousDecomposition/IntegratedProjection.lean:457:0: 'ConstitutiveSearch.EndogenousDecomposition.runMeasuredProjection_refines_section31' does not depend on any axioms
info: RelationalPerimeter/Computation/ConstitutiveSearch/EndogenousDecomposition/IntegratedProjection.lean:458:0: 'ConstitutiveSearch.EndogenousDecomposition.integrated_section31_primitiveRaccord' does not depend on any axioms
info: RelationalPerimeter/Computation/ConstitutiveSearch/EndogenousDecomposition/IntegratedProjection.lean:459:0: 'ConstitutiveSearch.EndogenousDecomposition.integrated_positive_agrees_with_main' does not depend on any axioms
info: RelationalPerimeter/Computation/ConstitutiveSearch/EndogenousDecomposition/IntegratedProjection.lean:460:0: 'ConstitutiveSearch.EndogenousDecomposition.runMeasuredProjectionFromData' does not depend on any axioms
info: RelationalPerimeter/Computation/ConstitutiveSearch/EndogenousDecomposition/IntegratedProjection.lean:461:0: 'ConstitutiveSearch.EndogenousDecomposition.runMeasuredProjectionFromData_exact' does not depend on any axioms
info: RelationalPerimeter/Computation/ConstitutiveSearch/EndogenousDecomposition/IntegratedProjection.lean:462:0: 'ConstitutiveSearch.EndogenousDecomposition.runIntegratedProjectionExperiment' does not depend on any axioms
info: RelationalPerimeter/Computation/ConstitutiveSearch/EndogenousDecomposition/IntegratedProjection.lean:463:0: 'ConstitutiveSearch.EndogenousDecomposition.integrated_projection_not_factors' does not depend on any axioms
info: RelationalPerimeter/Computation/ConstitutiveSearch/EndogenousDecomposition/IntegratedProjection.lean:464:0: 'ConstitutiveSearch.EndogenousDecomposition.SequentialHistory.firstStage' does not depend on any axioms
ℹ [86/142] Replayed RelationalPerimeter.Computation.ConstitutiveSearch.EndogenousDecomposition.MeasuredComparisonBounds
info: RelationalPerimeter/Computation/ConstitutiveSearch/EndogenousDecomposition/MeasuredComparisonBounds.lean:156:0: 'ConstitutiveSearch.EndogenousDecomposition.compareUnary_total_le' does not depend on any axioms
info: RelationalPerimeter/Computation/ConstitutiveSearch/EndogenousDecomposition/MeasuredComparisonBounds.lean:157:0: 'ConstitutiveSearch.EndogenousDecomposition.compareMeasuredList_bound' does not depend on any axioms
info: RelationalPerimeter/Computation/ConstitutiveSearch/EndogenousDecomposition/MeasuredComparisonBounds.lean:158:0: 'ConstitutiveSearch.EndogenousDecomposition.compareMeasuredLiteral_bound' does not depend on any axioms
info: RelationalPerimeter/Computation/ConstitutiveSearch/EndogenousDecomposition/MeasuredComparisonBounds.lean:159:0: 'ConstitutiveSearch.EndogenousDecomposition.compareMeasuredCnf_bound' does not depend on any axioms
info: RelationalPerimeter/Computation/ConstitutiveSearch/EndogenousDecomposition/MeasuredComparisonBounds.lean:160:0: 'ConstitutiveSearch.EndogenousDecomposition.flipMeasuredLiteral_bound' does not depend on any axioms
info: RelationalPerimeter/Computation/ConstitutiveSearch/EndogenousDecomposition/MeasuredComparisonBounds.lean:161:0: 'ConstitutiveSearch.EndogenousDecomposition.flipMeasuredClause_bound' does not depend on any axioms
info: RelationalPerimeter/Computation/ConstitutiveSearch/EndogenousDecomposition/MeasuredComparisonBounds.lean:162:0: 'ConstitutiveSearch.EndogenousDecomposition.flipMeasuredCnf_bound' does not depend on any axioms
info: RelationalPerimeter/Computation/ConstitutiveSearch/EndogenousDecomposition/MeasuredComparisonBounds.lean:163:0: 'ConstitutiveSearch.EndogenousDecomposition.containsMeasuredLiteral_bound' does not depend on any axioms
info: RelationalPerimeter/Computation/ConstitutiveSearch/EndogenousDecomposition/MeasuredComparisonBounds.lean:164:0: 'ConstitutiveSearch.EndogenousDecomposition.constructMeasuredResidual_bound' does not depend on any axioms
info: RelationalPerimeter/Computation/ConstitutiveSearch/EndogenousDecomposition/MeasuredComparisonBounds.lean:165:0: 'ConstitutiveSearch.EndogenousDecomposition.constructMeasuredChild_bound' does not depend on any axioms
ℹ [87/142] Replayed RelationalPerimeter.Computation.ConstitutiveSearch.EndogenousDecomposition.MeasuredDiscoveryBounds
info: RelationalPerimeter/Computation/ConstitutiveSearch/EndogenousDecomposition/MeasuredDiscoveryBounds.lean:566:0: 'ConstitutiveSearch.EndogenousDecomposition.compareMeasuredBool_work' does not depend on any axioms
info: RelationalPerimeter/Computation/ConstitutiveSearch/EndogenousDecomposition/MeasuredDiscoveryBounds.lean:567:0: 'ConstitutiveSearch.EndogenousDecomposition.compareMeasuredDecision_bound' does not depend on any axioms
info: RelationalPerimeter/Computation/ConstitutiveSearch/EndogenousDecomposition/MeasuredDiscoveryBounds.lean:568:0: 'ConstitutiveSearch.EndogenousDecomposition.compareMeasuredHistory_bound' does not depend on any axioms
info: RelationalPerimeter/Computation/ConstitutiveSearch/EndogenousDecomposition/MeasuredDiscoveryBounds.lean:569:0: 'ConstitutiveSearch.EndogenousDecomposition.flipMeasuredDecision_bound' does not depend on any axioms
info: RelationalPerimeter/Computation/ConstitutiveSearch/EndogenousDecomposition/MeasuredDiscoveryBounds.lean:570:0: 'ConstitutiveSearch.EndogenousDecomposition.flipMeasuredHistory_bound' does not depend on any axioms
info: RelationalPerimeter/Computation/ConstitutiveSearch/EndogenousDecomposition/MeasuredDiscoveryBounds.lean:571:0: 'ConstitutiveSearch.EndogenousDecomposition.branchResidual_unarySize_le' does not depend on any axioms
info: RelationalPerimeter/Computation/ConstitutiveSearch/EndogenousDecomposition/MeasuredDiscoveryBounds.lean:572:0: 'ConstitutiveSearch.EndogenousDecomposition.searchMeasuredRelation_bound' does not depend on any axioms
info: RelationalPerimeter/Computation/ConstitutiveSearch/EndogenousDecomposition/MeasuredDiscoveryBounds.lean:573:0: 'ConstitutiveSearch.EndogenousDecomposition.searchMeasuredRelationFromData_bound' does not depend on any axioms
info: RelationalPerimeter/Computation/ConstitutiveSearch/EndogenousDecomposition/MeasuredDiscoveryBounds.lean:574:0: 'ConstitutiveSearch.EndogenousDecomposition.rootCandidate_measured_bound' does not depend on any axioms
info: RelationalPerimeter/Computation/ConstitutiveSearch/EndogenousDecomposition/MeasuredDiscoveryBounds.lean:575:0: 'ConstitutiveSearch.EndogenousDecomposition.rootCandidateWorkBound_mono' does not depend on any axioms
info: RelationalPerimeter/Computation/ConstitutiveSearch/EndogenousDecomposition/MeasuredDiscoveryBounds.lean:576:0: 'ConstitutiveSearch.EndogenousDecomposition.recordedExploration_measured_bound' does not depend on any axioms
info: RelationalPerimeter/Computation/ConstitutiveSearch/EndogenousDecomposition/MeasuredDiscoveryBounds.lean:577:0: 'ConstitutiveSearch.EndogenousDecomposition.candidateVariable_unarySize' does not depend on any axioms
info: RelationalPerimeter/Computation/ConstitutiveSearch/EndogenousDecomposition/MeasuredDiscoveryBounds.lean:578:0: 'ConstitutiveSearch.EndogenousDecomposition.clauseCandidates_size' does not depend on any axioms
info: RelationalPerimeter/Computation/ConstitutiveSearch/EndogenousDecomposition/MeasuredDiscoveryBounds.lean:579:0: 'ConstitutiveSearch.EndogenousDecomposition.clauseCandidate_label_bound' does not depend on any axioms
info: RelationalPerimeter/Computation/ConstitutiveSearch/EndogenousDecomposition/MeasuredDiscoveryBounds.lean:580:0: 'ConstitutiveSearch.EndogenousDecomposition.cnfCandidates_size' does not depend on any axioms
info: RelationalPerimeter/Computation/ConstitutiveSearch/EndogenousDecomposition/MeasuredDiscoveryBounds.lean:581:0: 'ConstitutiveSearch.EndogenousDecomposition.append_length_constructive' does not depend on any axioms
info: RelationalPerimeter/Computation/ConstitutiveSearch/EndogenousDecomposition/MeasuredDiscoveryBounds.lean:582:0: 'ConstitutiveSearch.EndogenousDecomposition.member_append_cases' does not depend on any axioms
info: RelationalPerimeter/Computation/ConstitutiveSearch/EndogenousDecomposition/MeasuredDiscoveryBounds.lean:583:0: 'ConstitutiveSearch.EndogenousDecomposition.cnfCandidate_label_bound' does not depend on any axioms
info: RelationalPerimeter/Computation/ConstitutiveSearch/EndogenousDecomposition/MeasuredDiscoveryBounds.lean:584:0: 'ConstitutiveSearch.EndogenousDecomposition.rootDiscovery_measured_input_bound' does not depend on any axioms
info: RelationalPerimeter/Computation/ConstitutiveSearch/EndogenousDecomposition/MeasuredDiscoveryBounds.lean:585:0: 'ConstitutiveSearch.EndogenousDecomposition.clauseExtraction_visits_bound' does not depend on any axioms
info: RelationalPerimeter/Computation/ConstitutiveSearch/EndogenousDecomposition/MeasuredDiscoveryBounds.lean:586:0: 'ConstitutiveSearch.EndogenousDecomposition.cnfExtraction_visits_bound' does not depend on any axioms
info: RelationalPerimeter/Computation/ConstitutiveSearch/EndogenousDecomposition/MeasuredDiscoveryBounds.lean:587:0: 'ConstitutiveSearch.EndogenousDecomposition.rootDiscovery_with_extraction_bound' does not depend on any axioms
info: RelationalPerimeter/Computation/ConstitutiveSearch/EndogenousDecomposition/MeasuredDiscoveryBounds.lean:588:0: 'ConstitutiveSearch.EndogenousDecomposition.discoveryWorkEnvelope_mono' does not depend on any axioms
info: RelationalPerimeter/Computation/ConstitutiveSearch/EndogenousDecomposition/MeasuredDiscoveryBounds.lean:589:0: 'ConstitutiveSearch.EndogenousDecomposition.distinctDecoy_unarySize_bound' does not depend on any axioms
info: RelationalPerimeter/Computation/ConstitutiveSearch/EndogenousDecomposition/MeasuredDiscoveryBounds.lean:590:0: 'ConstitutiveSearch.EndogenousDecomposition.growingFormula_unarySize_bound' does not depend on any axioms
info: RelationalPerimeter/Computation/ConstitutiveSearch/EndogenousDecomposition/MeasuredDiscoveryBounds.lean:591:0: 'ConstitutiveSearch.EndogenousDecomposition.stageDiscovery_measured_bound' does not depend on any axioms
info: RelationalPerimeter/Computation/ConstitutiveSearch/EndogenousDecomposition/MeasuredDiscoveryBounds.lean:592:0: 'ConstitutiveSearch.EndogenousDecomposition.growingFormulaSizeEnvelope_mono' does not depend on any axioms
info: RelationalPerimeter/Computation/ConstitutiveSearch/EndogenousDecomposition/MeasuredDiscoveryBounds.lean:593:0: 'ConstitutiveSearch.EndogenousDecomposition.stageDiscoveryWorkEnvelope_mono' does not depend on any axioms
info: RelationalPerimeter/Computation/ConstitutiveSearch/EndogenousDecomposition/MeasuredDiscoveryBounds.lean:594:0: 'ConstitutiveSearch.EndogenousDecomposition.retainedStageDiscovery_bound' does not depend on any axioms
info: RelationalPerimeter/Computation/ConstitutiveSearch/EndogenousDecomposition/MeasuredDiscoveryBounds.lean:595:0: 'ConstitutiveSearch.EndogenousDecomposition.historyDiscovery_measured_bound' does not depend on any axioms
info: RelationalPerimeter/Computation/ConstitutiveSearch/EndogenousDecomposition/MeasuredDiscoveryBounds.lean:596:0: 'ConstitutiveSearch.EndogenousDecomposition.storedRootScheduleSearch_bound' does not depend on any axioms
info: RelationalPerimeter/Computation/ConstitutiveSearch/EndogenousDecomposition/MeasuredDiscoveryBounds.lean:597:0: 'ConstitutiveSearch.EndogenousDecomposition.stageRelationWorkEnvelope_mono' does not depend on any axioms
info: RelationalPerimeter/Computation/ConstitutiveSearch/EndogenousDecomposition/MeasuredDiscoveryBounds.lean:598:0: 'ConstitutiveSearch.EndogenousDecomposition.retainedStageRelation_bound' does not depend on any axioms
info: RelationalPerimeter/Computation/ConstitutiveSearch/EndogenousDecomposition/MeasuredDiscoveryBounds.lean:599:0: 'ConstitutiveSearch.EndogenousDecomposition.retainedStageValidationExecution_bound' does not depend on any axioms
info: RelationalPerimeter/Computation/ConstitutiveSearch/EndogenousDecomposition/MeasuredDiscoveryBounds.lean:600:0: 'ConstitutiveSearch.EndogenousDecomposition.historyValidationExecution_measured_bound' does not depend on any axioms
info: RelationalPerimeter/Computation/ConstitutiveSearch/EndogenousDecomposition/MeasuredDiscoveryBounds.lean:601:0: 'ConstitutiveSearch.EndogenousDecomposition.growingFormulaSizePolynomial_eval' does not depend on any axioms
info: RelationalPerimeter/Computation/ConstitutiveSearch/EndogenousDecomposition/MeasuredDiscoveryBounds.lean:602:0: 'ConstitutiveSearch.EndogenousDecomposition.discoveryEnvelopePolynomial_eval' does not depend on any axioms
info: RelationalPerimeter/Computation/ConstitutiveSearch/EndogenousDecomposition/MeasuredDiscoveryBounds.lean:603:0: 'ConstitutiveSearch.EndogenousDecomposition.stageDiscoveryPolynomial_eval' does not depend on any axioms
info: RelationalPerimeter/Computation/ConstitutiveSearch/EndogenousDecomposition/MeasuredDiscoveryBounds.lean:604:0: 'ConstitutiveSearch.EndogenousDecomposition.stageRelationPolynomial_eval' does not depend on any axioms
info: RelationalPerimeter/Computation/ConstitutiveSearch/EndogenousDecomposition/MeasuredDiscoveryBounds.lean:605:0: 'ConstitutiveSearch.EndogenousDecomposition.generatedRealizationWork_exact' does not depend on any axioms
info: RelationalPerimeter/Computation/ConstitutiveSearch/EndogenousDecomposition/MeasuredDiscoveryBounds.lean:606:0: 'ConstitutiveSearch.EndogenousDecomposition.stageRealizationWork_mono' does not depend on any axioms
info: RelationalPerimeter/Computation/ConstitutiveSearch/EndogenousDecomposition/MeasuredDiscoveryBounds.lean:607:0: 'ConstitutiveSearch.EndogenousDecomposition.generatedHistoryRealizationWork_bound' does not depend on any axioms
ℹ [88/142] Replayed RelationalPerimeter.Computation.ConstitutiveSearch.EndogenousDecomposition.MeasuredGeneration
info: RelationalPerimeter/Computation/ConstitutiveSearch/EndogenousDecomposition/MeasuredGeneration.lean:107:0: 'ConstitutiveSearch.EndogenousDecomposition.initializeConstitutiveHistory' does not depend on any axioms
info: RelationalPerimeter/Computation/ConstitutiveSearch/EndogenousDecomposition/MeasuredGeneration.lean:108:0: 'ConstitutiveSearch.EndogenousDecomposition.initializeConstitutiveHistory_counts' does not depend on any axioms
info: RelationalPerimeter/Computation/ConstitutiveSearch/EndogenousDecomposition/MeasuredGeneration.lean:109:0: 'ConstitutiveSearch.EndogenousDecomposition.initializeConstitutiveHistory_material_counts' does not depend on any axioms
info: RelationalPerimeter/Computation/ConstitutiveSearch/EndogenousDecomposition/MeasuredGeneration.lean:110:0: 'ConstitutiveSearch.EndogenousDecomposition.produceMeasuredConstitutiveHistory' does not depend on any axioms
info: RelationalPerimeter/Computation/ConstitutiveSearch/EndogenousDecomposition/MeasuredGeneration.lean:111:0: 'ConstitutiveSearch.EndogenousDecomposition.produceMeasuredConstitutiveHistory_counts' does not depend on any axioms
info: RelationalPerimeter/Computation/ConstitutiveSearch/EndogenousDecomposition/MeasuredGeneration.lean:112:0: 'ConstitutiveSearch.EndogenousDecomposition.produceMeasuredConstitutiveHistory_material_counts' does not depend on any axioms
ℹ [89/142] Replayed RelationalPerimeter.Computation.ConstitutiveSearch.EndogenousDecomposition.MeasuredAssignmentBounds
info: RelationalPerimeter/Computation/ConstitutiveSearch/EndogenousDecomposition/MeasuredAssignmentBounds.lean:243:0: 'ConstitutiveSearch.EndogenousDecomposition.readAlternatingAssignment_bound' does not depend on any axioms
info: RelationalPerimeter/Computation/ConstitutiveSearch/EndogenousDecomposition/MeasuredAssignmentBounds.lean:244:0: 'ConstitutiveSearch.EndogenousDecomposition.readFlippedAssignment_bound' does not depend on any axioms
info: RelationalPerimeter/Computation/ConstitutiveSearch/EndogenousDecomposition/MeasuredAssignmentBounds.lean:245:0: 'ConstitutiveSearch.EndogenousDecomposition.transportedReadOverhead' does not depend on any axioms
info: RelationalPerimeter/Computation/ConstitutiveSearch/EndogenousDecomposition/MeasuredAssignmentBounds.lean:246:0: 'ConstitutiveSearch.EndogenousDecomposition.readTransportedAssignment_bound' does not depend on any axioms
info: RelationalPerimeter/Computation/ConstitutiveSearch/EndogenousDecomposition/MeasuredAssignmentBounds.lean:247:0: 'ConstitutiveSearch.EndogenousDecomposition.executeSequentialStage_reader_bound' does not depend on any axioms
info: RelationalPerimeter/Computation/ConstitutiveSearch/EndogenousDecomposition/MeasuredAssignmentBounds.lean:248:0: 'ConstitutiveSearch.EndogenousDecomposition.executeSequentialHistory_reader_bound' does not depend on any axioms
info: RelationalPerimeter/Computation/ConstitutiveSearch/EndogenousDecomposition/MeasuredAssignmentBounds.lean:249:0: 'ConstitutiveSearch.EndogenousDecomposition.readAssignmentQueries_bound' does not depend on any axioms
info: RelationalPerimeter/Computation/ConstitutiveSearch/EndogenousDecomposition/MeasuredAssignmentBounds.lean:250:0: 'ConstitutiveSearch.EndogenousDecomposition.stageSelectedVar_mono' does not depend on any axioms
info: RelationalPerimeter/Computation/ConstitutiveSearch/EndogenousDecomposition/MeasuredAssignmentBounds.lean:251:0: 'ConstitutiveSearch.EndogenousDecomposition.executedHistory_variables_bounded' does not depend on any axioms
info: RelationalPerimeter/Computation/ConstitutiveSearch/EndogenousDecomposition/MeasuredAssignmentBounds.lean:252:0: 'ConstitutiveSearch.EndogenousDecomposition.concreteTerminalQueries_bound' does not depend on any axioms
info: RelationalPerimeter/Computation/ConstitutiveSearch/EndogenousDecomposition/MeasuredAssignmentBounds.lean:253:0: 'ConstitutiveSearch.EndogenousDecomposition.concreteTerminalBit_bound' does not depend on any axioms
info: RelationalPerimeter/Computation/ConstitutiveSearch/EndogenousDecomposition/MeasuredAssignmentBounds.lean:254:0: 'ConstitutiveSearch.EndogenousDecomposition.SequentialTerminalArtifact.measuredReadWork' does not depend on any axioms
info: RelationalPerimeter/Computation/ConstitutiveSearch/EndogenousDecomposition/MeasuredAssignmentBounds.lean:255:0: 'ConstitutiveSearch.EndogenousDecomposition.concreteTerminalReadWork_bound' does not depend on any axioms
ℹ [90/142] Replayed RelationalPerimeter.Computation.ConstitutiveSearch.EndogenousDecomposition.ConstitutiveFullStep
info: RelationalPerimeter/Computation/ConstitutiveSearch/EndogenousDecomposition/ConstitutiveFullStep.lean:159:0: 'ConstitutiveSearch.EndogenousDecomposition.EndogenousFlipDiscovery.fullStepPreservation' does not depend on any axioms
info: RelationalPerimeter/Computation/ConstitutiveSearch/EndogenousDecomposition/ConstitutiveFullStep.lean:160:0: 'ConstitutiveSearch.EndogenousDecomposition.applyFullConstitutiveStep' does not depend on any axioms
info: RelationalPerimeter/Computation/ConstitutiveSearch/EndogenousDecomposition/ConstitutiveFullStep.lean:161:0: 'ConstitutiveSearch.EndogenousDecomposition.applyFullConstitutiveStep_preservesAccept' does not depend on any axioms
info: RelationalPerimeter/Computation/ConstitutiveSearch/EndogenousDecomposition/ConstitutiveFullStep.lean:162:0: 'ConstitutiveSearch.EndogenousDecomposition.applyFullConstitutiveStep_assignment' does not depend on any axioms
info: RelationalPerimeter/Computation/ConstitutiveSearch/EndogenousDecomposition/ConstitutiveFullStep.lean:163:0: 'ConstitutiveSearch.EndogenousDecomposition.stageParentContinuation' does not depend on any axioms
info: RelationalPerimeter/Computation/ConstitutiveSearch/EndogenousDecomposition/ConstitutiveFullStep.lean:164:0: 'ConstitutiveSearch.EndogenousDecomposition.executeFullConstitutiveStage' does not depend on any axioms
info: RelationalPerimeter/Computation/ConstitutiveSearch/EndogenousDecomposition/ConstitutiveFullStep.lean:165:0: 'ConstitutiveSearch.EndogenousDecomposition.executeFullConstitutiveStage_assignment' does not depend on any axioms
info: RelationalPerimeter/Computation/ConstitutiveSearch/EndogenousDecomposition/ConstitutiveFullStep.lean:166:0: 'ConstitutiveSearch.EndogenousDecomposition.executeFullConstitutiveStage_is_next' does not depend on any axioms
info: RelationalPerimeter/Computation/ConstitutiveSearch/EndogenousDecomposition/ConstitutiveFullStep.lean:167:0: 'ConstitutiveSearch.EndogenousDecomposition.fullStageExecution' does not depend on any axioms
info: RelationalPerimeter/Computation/ConstitutiveSearch/EndogenousDecomposition/ConstitutiveFullStep.lean:168:0: 'ConstitutiveSearch.EndogenousDecomposition.executeFullHistory' does not depend on any axioms
ℹ [91/142] Replayed RelationalPerimeter.Computation.ConstitutiveSearch.EndogenousDecomposition.ConstitutiveRoleCycle
info: RelationalPerimeter/Computation/ConstitutiveSearch/EndogenousDecomposition/ConstitutiveRoleCycle.lean:74:0: 'ConstitutiveSearch.EndogenousDecomposition.ConstitutiveRoleStage' does not depend on any axioms
info: RelationalPerimeter/Computation/ConstitutiveSearch/EndogenousDecomposition/ConstitutiveRoleCycle.lean:75:0: 'ConstitutiveSearch.EndogenousDecomposition.constitutiveRoleStage' does not depend on any axioms
info: RelationalPerimeter/Computation/ConstitutiveSearch/EndogenousDecomposition/ConstitutiveRoleCycle.lean:76:0: 'ConstitutiveSearch.EndogenousDecomposition.buildConstitutiveRoleHistory' does not depend on any axioms
info: RelationalPerimeter/Computation/ConstitutiveSearch/EndogenousDecomposition/ConstitutiveRoleCycle.lean:77:0: 'ConstitutiveSearch.EndogenousDecomposition.roleStage_relation_is_discovered' does not depend on any axioms
info: RelationalPerimeter/Computation/ConstitutiveSearch/EndogenousDecomposition/ConstitutiveRoleCycle.lean:78:0: 'ConstitutiveSearch.EndogenousDecomposition.roleStage_complete_operation_is_next' does not depend on any axioms
ℹ [92/142] Replayed RelationalPerimeter.Computation.ConstitutiveSearch.EndogenousDecomposition.ConstitutiveFeedback
info: RelationalPerimeter/Computation/ConstitutiveSearch/EndogenousDecomposition/ConstitutiveFeedback.lean:3266:0: 'ConstitutiveSearch.EndogenousDecomposition.inspectTransmittedDecisions' does not depend on any axioms
info: RelationalPerimeter/Computation/ConstitutiveSearch/EndogenousDecomposition/ConstitutiveFeedback.lean:3267:0: 'ConstitutiveSearch.EndogenousDecomposition.inspectTransmittedDecisions_head_selected' does not depend on any axioms
info: RelationalPerimeter/Computation/ConstitutiveSearch/EndogenousDecomposition/ConstitutiveFeedback.lean:3268:0: 'ConstitutiveSearch.EndogenousDecomposition.structuralDecisionsAvoidCheck_true_of_avoid' does not depend on any axioms
info: RelationalPerimeter/Computation/ConstitutiveSearch/EndogenousDecomposition/ConstitutiveFeedback.lean:3269:0: 'ConstitutiveSearch.EndogenousDecomposition.inspectTransmittedDecisions_available_of_all_lt' does not depend on any axioms
info: RelationalPerimeter/Computation/ConstitutiveSearch/EndogenousDecomposition/ConstitutiveFeedback.lean:3270:0: 'ConstitutiveSearch.EndogenousDecomposition.inspectTransmittedDecisions_visits_of_all_ne' does not depend on any axioms
info: RelationalPerimeter/Computation/ConstitutiveSearch/EndogenousDecomposition/ConstitutiveFeedback.lean:3271:0: 'ConstitutiveSearch.EndogenousDecomposition.initializationEndpointExact' does not depend on any axioms
info: RelationalPerimeter/Computation/ConstitutiveSearch/EndogenousDecomposition/ConstitutiveFeedback.lean:3272:0: 'ConstitutiveSearch.EndogenousDecomposition.initialThreadedConstitutiveStateFromInitialization' does not depend on any axioms
info: RelationalPerimeter/Computation/ConstitutiveSearch/EndogenousDecomposition/ConstitutiveFeedback.lean:3273:0: 'ConstitutiveSearch.EndogenousDecomposition.initialThreadedConstitutiveStateFromInitialization_generation_exact' does not depend on any axioms
info: RelationalPerimeter/Computation/ConstitutiveSearch/EndogenousDecomposition/ConstitutiveFeedback.lean:3274:0: 'ConstitutiveSearch.EndogenousDecomposition.initialThreadedConstitutiveState_generation_exact' does not depend on any axioms
info: RelationalPerimeter/Computation/ConstitutiveSearch/EndogenousDecomposition/ConstitutiveFeedback.lean:3275:0: 'ConstitutiveSearch.EndogenousDecomposition.initialThreadedConstitutiveStateFromInitialization_fresh' does not depend on any axioms
info: RelationalPerimeter/Computation/ConstitutiveSearch/EndogenousDecomposition/ConstitutiveFeedback.lean:3276:0: 'ConstitutiveSearch.EndogenousDecomposition.initialThreadedConstitutiveState' does not depend on any axioms
info: RelationalPerimeter/Computation/ConstitutiveSearch/EndogenousDecomposition/ConstitutiveFeedback.lean:3277:0: 'ConstitutiveSearch.EndogenousDecomposition.initialThreadedConstitutiveState_fresh' does not depend on any axioms
info: RelationalPerimeter/Computation/ConstitutiveSearch/EndogenousDecomposition/ConstitutiveFeedback.lean:3278:0: 'ConstitutiveSearch.EndogenousDecomposition.structuralDecisionsAvoid_of_all_lt' does not depend on any axioms
info: RelationalPerimeter/Computation/ConstitutiveSearch/EndogenousDecomposition/ConstitutiveFeedback.lean:3279:0: 'ConstitutiveSearch.EndogenousDecomposition.ThreadedConstitutiveState.decisionsAvoidNext' does not depend on any axioms
info: RelationalPerimeter/Computation/ConstitutiveSearch/EndogenousDecomposition/ConstitutiveFeedback.lean:3280:0: 'ConstitutiveSearch.EndogenousDecomposition.exploreRecordedCandidates_transport_exact' does not depend on any axioms
info: RelationalPerimeter/Computation/ConstitutiveSearch/EndogenousDecomposition/ConstitutiveFeedback.lean:3281:0: 'ConstitutiveSearch.EndogenousDecomposition.runFeedbackDiscoveryFromData' does not depend on any axioms
info: RelationalPerimeter/Computation/ConstitutiveSearch/EndogenousDecomposition/ConstitutiveFeedback.lean:3282:0: 'ConstitutiveSearch.EndogenousDecomposition.stageSelectedVar_eq_nextSearchIndex' does not depend on any axioms
info: RelationalPerimeter/Computation/ConstitutiveSearch/EndogenousDecomposition/ConstitutiveFeedback.lean:3283:0: 'ConstitutiveSearch.EndogenousDecomposition.executedProducedSearchSeed' does not depend on any axioms
info: RelationalPerimeter/Computation/ConstitutiveSearch/EndogenousDecomposition/ConstitutiveFeedback.lean:3284:0: 'ConstitutiveSearch.EndogenousDecomposition.executedProducedSearchSeed_eq_scheduleEntry' does not depend on any axioms
info: RelationalPerimeter/Computation/ConstitutiveSearch/EndogenousDecomposition/ConstitutiveFeedback.lean:3285:0: 'ConstitutiveSearch.EndogenousDecomposition.executedProducedSearchSeed_eq_nextSearchIndex' does not depend on any axioms
info: RelationalPerimeter/Computation/ConstitutiveSearch/EndogenousDecomposition/ConstitutiveFeedback.lean:3286:0: 'ConstitutiveSearch.EndogenousDecomposition.runThreadedNextDiscovery' does not depend on any axioms
info: RelationalPerimeter/Computation/ConstitutiveSearch/EndogenousDecomposition/ConstitutiveFeedback.lean:3287:0: 'ConstitutiveSearch.EndogenousDecomposition.filterCandidatesByHistory' does not depend on any axioms
info: RelationalPerimeter/Computation/ConstitutiveSearch/EndogenousDecomposition/ConstitutiveFeedback.lean:3288:0: 'ConstitutiveSearch.EndogenousDecomposition.provenanceAvoidCheck' does not depend on any axioms
info: RelationalPerimeter/Computation/ConstitutiveSearch/EndogenousDecomposition/ConstitutiveFeedback.lean:3289:0: 'ConstitutiveSearch.EndogenousDecomposition.inspectCandidateProvenance' does not depend on any axioms
info: RelationalPerimeter/Computation/ConstitutiveSearch/EndogenousDecomposition/ConstitutiveFeedback.lean:3290:0: 'ConstitutiveSearch.EndogenousDecomposition.provenanceAvoidCheck_decisions' does not depend on any axioms
info: RelationalPerimeter/Computation/ConstitutiveSearch/EndogenousDecomposition/ConstitutiveFeedback.lean:3291:0: 'ConstitutiveSearch.EndogenousDecomposition.filterCandidatesByProvenance' does not depend on any axioms
info: RelationalPerimeter/Computation/ConstitutiveSearch/EndogenousDecomposition/ConstitutiveFeedback.lean:3292:0: 'ConstitutiveSearch.EndogenousDecomposition.listMapLengthConstructive' does not depend on any axioms
info: RelationalPerimeter/Computation/ConstitutiveSearch/EndogenousDecomposition/ConstitutiveFeedback.lean:3293:0: 'ConstitutiveSearch.EndogenousDecomposition.filterCandidatesByProvenance_matches_history' does not depend on any axioms
info: RelationalPerimeter/Computation/ConstitutiveSearch/EndogenousDecomposition/ConstitutiveFeedback.lean:3294:0: 'ConstitutiveSearch.EndogenousDecomposition.filterCandidatesByProvenance_retained_decisions' does not depend on any axioms
info: RelationalPerimeter/Computation/ConstitutiveSearch/EndogenousDecomposition/ConstitutiveFeedback.lean:3295:0: 'ConstitutiveSearch.EndogenousDecomposition.filterCandidatesByProvenance_retained_length_le' does not depend on any axioms
info: RelationalPerimeter/Computation/ConstitutiveSearch/EndogenousDecomposition/ConstitutiveFeedback.lean:3296:0: 'ConstitutiveSearch.EndogenousDecomposition.runThreadedNextDiscovery_discovered_exact' does not depend on any axioms
info: RelationalPerimeter/Computation/ConstitutiveSearch/EndogenousDecomposition/ConstitutiveFeedback.lean:3297:0: 'ConstitutiveSearch.EndogenousDecomposition.appendProvenanceMeasured' does not depend on any axioms
info: RelationalPerimeter/Computation/ConstitutiveSearch/EndogenousDecomposition/ConstitutiveFeedback.lean:3298:0: 'ConstitutiveSearch.EndogenousDecomposition.prependProvenanceMeasured' does not depend on any axioms
info: RelationalPerimeter/Computation/ConstitutiveSearch/EndogenousDecomposition/ConstitutiveFeedback.lean:3299:0: 'ConstitutiveSearch.EndogenousDecomposition.structuralDecisionsHold_transport' does not depend on any axioms
info: RelationalPerimeter/Computation/ConstitutiveSearch/EndogenousDecomposition/ConstitutiveFeedback.lean:3300:0: 'ConstitutiveSearch.EndogenousDecomposition.stageNext_preserves_threadedDecisions' does not depend on any axioms
info: RelationalPerimeter/Computation/ConstitutiveSearch/EndogenousDecomposition/ConstitutiveFeedback.lean:3301:0: 'ConstitutiveSearch.EndogenousDecomposition.executedBranchDecision' does not depend on any axioms
info: RelationalPerimeter/Computation/ConstitutiveSearch/EndogenousDecomposition/ConstitutiveFeedback.lean:3302:0: 'ConstitutiveSearch.EndogenousDecomposition.executedBranchDecision_eq_selected_true' does not depend on any axioms
info: RelationalPerimeter/Computation/ConstitutiveSearch/EndogenousDecomposition/ConstitutiveFeedback.lean:3303:0: 'ConstitutiveSearch.EndogenousDecomposition.realizeNextOperationalState' does not depend on any axioms
info: RelationalPerimeter/Computation/ConstitutiveSearch/EndogenousDecomposition/ConstitutiveFeedback.lean:3304:0: 'ConstitutiveSearch.EndogenousDecomposition.NextOperationalStateRun.fresh' does not depend on any axioms
info: RelationalPerimeter/Computation/ConstitutiveSearch/EndogenousDecomposition/ConstitutiveFeedback.lean:3305:0: 'ConstitutiveSearch.EndogenousDecomposition.NextOperationalStateRun.generationCanonical' does not depend on any axioms
info: RelationalPerimeter/Computation/ConstitutiveSearch/EndogenousDecomposition/ConstitutiveFeedback.lean:3306:0: 'ConstitutiveSearch.EndogenousDecomposition.buildThreadedConstitutiveStage' does not depend on any axioms
info: RelationalPerimeter/Computation/ConstitutiveSearch/EndogenousDecomposition/ConstitutiveFeedback.lean:3307:0: 'ConstitutiveSearch.EndogenousDecomposition.ThreadedConstitutiveStageRun.nextDiscoveryConsumesProducedProvenance' does not depend on any axioms
info: RelationalPerimeter/Computation/ConstitutiveSearch/EndogenousDecomposition/ConstitutiveFeedback.lean:3308:0: 'ConstitutiveSearch.EndogenousDecomposition.ThreadedConstitutiveStageRun.nextDiscoveryConsumesRetainedSearchSeed' does not depend on any axioms
info: RelationalPerimeter/Computation/ConstitutiveSearch/EndogenousDecomposition/ConstitutiveFeedback.lean:3309:0: 'ConstitutiveSearch.EndogenousDecomposition.executeThreadedConstitutiveStage' does not depend on any axioms
info: RelationalPerimeter/Computation/ConstitutiveSearch/EndogenousDecomposition/ConstitutiveFeedback.lean:3310:0: 'ConstitutiveSearch.EndogenousDecomposition.executeConstitutiveExecutionHistory' does not depend on any axioms
info: RelationalPerimeter/Computation/ConstitutiveSearch/EndogenousDecomposition/ConstitutiveFeedback.lean:3311:0: 'ConstitutiveSearch.EndogenousDecomposition.failedDiscovery_noStageRun' does not depend on any axioms
info: RelationalPerimeter/Computation/ConstitutiveSearch/EndogenousDecomposition/ConstitutiveFeedback.lean:3312:0: 'ConstitutiveSearch.EndogenousDecomposition.failedDiscovery_noConstructedStage' does not depend on any axioms
info: RelationalPerimeter/Computation/ConstitutiveSearch/EndogenousDecomposition/ConstitutiveFeedback.lean:3313:0: 'ConstitutiveSearch.EndogenousDecomposition.failedDiscovery_historyCount_eq_zero' does not depend on any axioms
info: RelationalPerimeter/Computation/ConstitutiveSearch/EndogenousDecomposition/ConstitutiveFeedback.lean:3314:0: 'ConstitutiveSearch.EndogenousDecomposition.failedDiscovery_noPositiveHistory' does not depend on any axioms
info: RelationalPerimeter/Computation/ConstitutiveSearch/EndogenousDecomposition/ConstitutiveFeedback.lean:3315:0: 'ConstitutiveSearch.EndogenousDecomposition.ConstitutiveExecutionHistory.toSequentialHistory' does not depend on any axioms
info: RelationalPerimeter/Computation/ConstitutiveSearch/EndogenousDecomposition/ConstitutiveFeedback.lean:3316:0: 'ConstitutiveSearch.EndogenousDecomposition.provenanceAvoidCheck_false_of_mem' does not depend on any axioms
info: RelationalPerimeter/Computation/ConstitutiveSearch/EndogenousDecomposition/ConstitutiveFeedback.lean:3317:0: 'ConstitutiveSearch.EndogenousDecomposition.provenanceAvoidCheck_false_implies_mem' does not depend on any axioms
info: RelationalPerimeter/Computation/ConstitutiveSearch/EndogenousDecomposition/ConstitutiveFeedback.lean:3318:0: 'ConstitutiveSearch.EndogenousDecomposition.provenanceAvoidCheck_true_of_not_mem' does not depend on any axioms
info: RelationalPerimeter/Computation/ConstitutiveSearch/EndogenousDecomposition/ConstitutiveFeedback.lean:3319:0: 'ConstitutiveSearch.EndogenousDecomposition.filteredList_nodup' does not depend on any axioms
info: RelationalPerimeter/Computation/ConstitutiveSearch/EndogenousDecomposition/ConstitutiveFeedback.lean:3320:0: 'ConstitutiveSearch.EndogenousDecomposition.removeFirstVar' does not depend on any axioms
info: RelationalPerimeter/Computation/ConstitutiveSearch/EndogenousDecomposition/ConstitutiveFeedback.lean:3321:0: 'ConstitutiveSearch.EndogenousDecomposition.removeFirstVar_member_original' does not depend on any axioms
info: RelationalPerimeter/Computation/ConstitutiveSearch/EndogenousDecomposition/ConstitutiveFeedback.lean:3322:0: 'ConstitutiveSearch.EndogenousDecomposition.removeFirstVar_preserves_other' does not depend on any axioms
info: RelationalPerimeter/Computation/ConstitutiveSearch/EndogenousDecomposition/ConstitutiveFeedback.lean:3323:0: 'ConstitutiveSearch.EndogenousDecomposition.removeFirstVar_length_plus_one' does not depend on any axioms
info: RelationalPerimeter/Computation/ConstitutiveSearch/EndogenousDecomposition/ConstitutiveFeedback.lean:3324:0: 'ConstitutiveSearch.EndogenousDecomposition.removeFirstVar_nodup' does not depend on any axioms
info: RelationalPerimeter/Computation/ConstitutiveSearch/EndogenousDecomposition/ConstitutiveFeedback.lean:3325:0: 'ConstitutiveSearch.EndogenousDecomposition.removeFirstVar_excludes_target' does not depend on any axioms
info: RelationalPerimeter/Computation/ConstitutiveSearch/EndogenousDecomposition/ConstitutiveFeedback.lean:3326:0: 'ConstitutiveSearch.EndogenousDecomposition.nodupVarLists_sameLength_of_mutualMembership' does not depend on any axioms
info: RelationalPerimeter/Computation/ConstitutiveSearch/EndogenousDecomposition/ConstitutiveFeedback.lean:3327:0: 'ConstitutiveSearch.EndogenousDecomposition.filter_complement_lengths' does not depend on any axioms
info: RelationalPerimeter/Computation/ConstitutiveSearch/EndogenousDecomposition/ConstitutiveFeedback.lean:3328:0: 'ConstitutiveSearch.EndogenousDecomposition.filter_append_constructive' does not depend on any axioms
info: RelationalPerimeter/Computation/ConstitutiveSearch/EndogenousDecomposition/ConstitutiveFeedback.lean:3329:0: 'ConstitutiveSearch.EndogenousDecomposition.rejectedCandidates_length_eq_provenance' does not depend on any axioms
info: RelationalPerimeter/Computation/ConstitutiveSearch/EndogenousDecomposition/ConstitutiveFeedback.lean:3330:0: 'ConstitutiveSearch.EndogenousDecomposition.retainedCandidates_length_add_provenance' does not depend on any axioms
info: RelationalPerimeter/Computation/ConstitutiveSearch/EndogenousDecomposition/ConstitutiveFeedback.lean:3331:0: 'ConstitutiveSearch.EndogenousDecomposition.exploreFailuresThenSuccess_attempts' does not depend on any axioms
info: RelationalPerimeter/Computation/ConstitutiveSearch/EndogenousDecomposition/ConstitutiveFeedback.lean:3332:0: 'ConstitutiveSearch.EndogenousDecomposition.ThreadedProvenanceInvariant' does not depend on any axioms
info: RelationalPerimeter/Computation/ConstitutiveSearch/EndogenousDecomposition/ConstitutiveFeedback.lean:3333:0: 'ConstitutiveSearch.EndogenousDecomposition.initialThreadedProvenanceInvariant' does not depend on any axioms
info: RelationalPerimeter/Computation/ConstitutiveSearch/EndogenousDecomposition/ConstitutiveFeedback.lean:3334:0: 'ConstitutiveSearch.EndogenousDecomposition.ThreadedProvenanceInvariant.next' does not depend on any axioms
info: RelationalPerimeter/Computation/ConstitutiveSearch/EndogenousDecomposition/ConstitutiveFeedback.lean:3335:0: 'ConstitutiveSearch.EndogenousDecomposition.selectedMeasuredCandidate_succeeds' does not depend on any axioms
info: RelationalPerimeter/Computation/ConstitutiveSearch/EndogenousDecomposition/ConstitutiveFeedback.lean:3336:0: 'ConstitutiveSearch.EndogenousDecomposition.threadedDiscovery_attempts_add_provenance_exact' does not depend on any axioms
info: RelationalPerimeter/Computation/ConstitutiveSearch/EndogenousDecomposition/ConstitutiveFeedback.lean:3337:0: 'ConstitutiveSearch.EndogenousDecomposition.threadedAttemptTotal' does not depend on any axioms
info: RelationalPerimeter/Computation/ConstitutiveSearch/EndogenousDecomposition/ConstitutiveFeedback.lean:3338:0: 'ConstitutiveSearch.EndogenousDecomposition.ThreadedConstitutiveStageRun.stageDiscoveryOutcomeExact' does not depend on any axioms
info: RelationalPerimeter/Computation/ConstitutiveSearch/EndogenousDecomposition/ConstitutiveFeedback.lean:3339:0: 'ConstitutiveSearch.EndogenousDecomposition.natAddRightCancelConstructive' does not depend on any axioms
info: RelationalPerimeter/Computation/ConstitutiveSearch/EndogenousDecomposition/ConstitutiveFeedback.lean:3340:0: 'ConstitutiveSearch.EndogenousDecomposition.nextThreadedDiscovery_attempts_succ' does not depend on any axioms
info: RelationalPerimeter/Computation/ConstitutiveSearch/EndogenousDecomposition/ConstitutiveFeedback.lean:3341:0: 'ConstitutiveSearch.EndogenousDecomposition.ConstitutiveExecutionHistory.discoveryAttempts_eq_threadedTotal' does not depend on any axioms
info: RelationalPerimeter/Computation/ConstitutiveSearch/EndogenousDecomposition/ConstitutiveFeedback.lean:3342:0: 'ConstitutiveSearch.EndogenousDecomposition.threadedAttemptTotal_mono' does not depend on any axioms
info: RelationalPerimeter/Computation/ConstitutiveSearch/EndogenousDecomposition/ConstitutiveFeedback.lean:3343:0: 'ConstitutiveSearch.EndogenousDecomposition.threadedAttemptTotal_integrated_strict' does not depend on any axioms
info: RelationalPerimeter/Computation/ConstitutiveSearch/EndogenousDecomposition/ConstitutiveFeedback.lean:3344:0: 'ConstitutiveSearch.EndogenousDecomposition.executedThreadedHistory_attempts_exact' does not depend on any axioms
info: RelationalPerimeter/Computation/ConstitutiveSearch/EndogenousDecomposition/ConstitutiveFeedback.lean:3345:0: 'ConstitutiveSearch.EndogenousDecomposition.listLengthAppendConstructive' does not depend on any axioms
info: RelationalPerimeter/Computation/ConstitutiveSearch/EndogenousDecomposition/ConstitutiveFeedback.lean:3346:0: 'ConstitutiveSearch.EndogenousDecomposition.extractCnfCandidateRun_length' does not depend on any axioms
info: RelationalPerimeter/Computation/ConstitutiveSearch/EndogenousDecomposition/ConstitutiveFeedback.lean:3347:0: 'ConstitutiveSearch.EndogenousDecomposition.runCandidateExtraction_length' does not depend on any axioms
info: RelationalPerimeter/Computation/ConstitutiveSearch/EndogenousDecomposition/ConstitutiveFeedback.lean:3348:0: 'ConstitutiveSearch.EndogenousDecomposition.priorSelected_extracted_next' does not depend on any axioms
info: RelationalPerimeter/Computation/ConstitutiveSearch/EndogenousDecomposition/ConstitutiveFeedback.lean:3349:0: 'ConstitutiveSearch.EndogenousDecomposition.erasedHistory_retains_priorSelected' does not depend on any axioms
info: RelationalPerimeter/Computation/ConstitutiveSearch/EndogenousDecomposition/ConstitutiveFeedback.lean:3350:0: 'ConstitutiveSearch.EndogenousDecomposition.reachableHistory_candidateTraces_different' does not depend on any axioms
info: RelationalPerimeter/Computation/ConstitutiveSearch/EndogenousDecomposition/ConstitutiveFeedback.lean:3351:0: 'ConstitutiveSearch.EndogenousDecomposition.ConstitutiveExecutionHistory.testedCandidates_eq_attempts' does not depend on any axioms
info: RelationalPerimeter/Computation/ConstitutiveSearch/EndogenousDecomposition/ConstitutiveFeedback.lean:3352:0: 'ConstitutiveSearch.EndogenousDecomposition.ConstitutiveExecutionHistory.controlStats_exact' does not depend on any axioms
info: RelationalPerimeter/Computation/ConstitutiveSearch/EndogenousDecomposition/ConstitutiveFeedback.lean:3353:0: 'ConstitutiveSearch.EndogenousDecomposition.ConstitutiveExecutionHistory.executedBits_length' does not depend on any axioms
info: RelationalPerimeter/Computation/ConstitutiveSearch/EndogenousDecomposition/ConstitutiveFeedback.lean:3354:0: 'ConstitutiveSearch.EndogenousDecomposition.ConstitutiveExecutionHistory.decisionAccumulations_eq_count' does not depend on any axioms
info: RelationalPerimeter/Computation/ConstitutiveSearch/EndogenousDecomposition/ConstitutiveFeedback.lean:3355:0: 'ConstitutiveSearch.EndogenousDecomposition.ConstitutiveExecutionHistory.provenanceVisits_eq_count' does not depend on any axioms
info: RelationalPerimeter/Computation/ConstitutiveSearch/EndogenousDecomposition/ConstitutiveFeedback.lean:3356:0: 'ConstitutiveSearch.EndogenousDecomposition.ConstitutiveExecutionHistory.inspections_bound' does not depend on any axioms
info: RelationalPerimeter/Computation/ConstitutiveSearch/EndogenousDecomposition/ConstitutiveFeedback.lean:3357:0: 'ConstitutiveSearch.EndogenousDecomposition.executedFeedbackHistory_provenanceVisits' does not depend on any axioms
info: RelationalPerimeter/Computation/ConstitutiveSearch/EndogenousDecomposition/ConstitutiveFeedback.lean:3358:0: 'ConstitutiveSearch.EndogenousDecomposition.executedFeedbackHistory_inspections_bound' does not depend on any axioms
info: RelationalPerimeter/Computation/ConstitutiveSearch/EndogenousDecomposition/ConstitutiveFeedback.lean:3359:0: 'ConstitutiveSearch.EndogenousDecomposition.roleStage_decision_reads_executedOutput' does not depend on any axioms
info: RelationalPerimeter/Computation/ConstitutiveSearch/EndogenousDecomposition/ConstitutiveFeedback.lean:3360:0: 'ConstitutiveSearch.EndogenousDecomposition.roleStage_output_constitutes_nextOperationalState' does not depend on any axioms
info: RelationalPerimeter/Computation/ConstitutiveSearch/EndogenousDecomposition/ConstitutiveFeedback.lean:3361:0: 'ConstitutiveSearch.EndogenousDecomposition.buildThreadedConstitutiveRoleHistory' does not depend on any axioms
info: RelationalPerimeter/Computation/ConstitutiveSearch/EndogenousDecomposition/ConstitutiveFeedback.lean:3362:0: 'ConstitutiveSearch.EndogenousDecomposition.nextDiscoveryCommonOrigin' does not depend on any axioms
info: RelationalPerimeter/Computation/ConstitutiveSearch/EndogenousDecomposition/ConstitutiveFeedback.lean:3363:0: 'ConstitutiveSearch.EndogenousDecomposition.blockedNextDiscoveryChild' does not depend on any axioms
info: RelationalPerimeter/Computation/ConstitutiveSearch/EndogenousDecomposition/ConstitutiveFeedback.lean:3364:0: 'ConstitutiveSearch.EndogenousDecomposition.retainedNextDiscoveryState' does not depend on any axioms
info: RelationalPerimeter/Computation/ConstitutiveSearch/EndogenousDecomposition/ConstitutiveFeedback.lean:3365:0: 'ConstitutiveSearch.EndogenousDecomposition.blockedNextDiscoveryChild_decisions' does not depend on any axioms
info: RelationalPerimeter/Computation/ConstitutiveSearch/EndogenousDecomposition/ConstitutiveFeedback.lean:3366:0: 'ConstitutiveSearch.EndogenousDecomposition.blockedNextDiscoveryCarrier' does not depend on any axioms
info: RelationalPerimeter/Computation/ConstitutiveSearch/EndogenousDecomposition/ConstitutiveFeedback.lean:3367:0: 'ConstitutiveSearch.EndogenousDecomposition.blockedNextDiscoveryConstruction' does not depend on any axioms
info: RelationalPerimeter/Computation/ConstitutiveSearch/EndogenousDecomposition/ConstitutiveFeedback.lean:3368:0: 'ConstitutiveSearch.EndogenousDecomposition.blockedNextDiscoveryState' does not depend on any axioms
info: RelationalPerimeter/Computation/ConstitutiveSearch/EndogenousDecomposition/ConstitutiveFeedback.lean:3369:0: 'ConstitutiveSearch.EndogenousDecomposition.nextDiscovery_retained_found' does not depend on any axioms
info: RelationalPerimeter/Computation/ConstitutiveSearch/EndogenousDecomposition/ConstitutiveFeedback.lean:3370:0: 'ConstitutiveSearch.EndogenousDecomposition.nextDiscoveryConstitution' does not depend on any axioms
info: RelationalPerimeter/Computation/ConstitutiveSearch/EndogenousDecomposition/ConstitutiveFeedback.lean:3371:0: 'ConstitutiveSearch.EndogenousDecomposition.nextDiscoveryProjection' does not depend on any axioms
info: RelationalPerimeter/Computation/ConstitutiveSearch/EndogenousDecomposition/ConstitutiveFeedback.lean:3372:0: 'ConstitutiveSearch.EndogenousDecomposition.nextDiscovery_blocked_none' does not depend on any axioms
info: RelationalPerimeter/Computation/ConstitutiveSearch/EndogenousDecomposition/ConstitutiveFeedback.lean:3373:0: 'ConstitutiveSearch.EndogenousDecomposition.blocked_discovery_constructs_no_stage' does not depend on any axioms
info: RelationalPerimeter/Computation/ConstitutiveSearch/EndogenousDecomposition/ConstitutiveFeedback.lean:3374:0: 'ConstitutiveSearch.EndogenousDecomposition.nextDiscovery_states_share_executed_origin' does not depend on any axioms
info: RelationalPerimeter/Computation/ConstitutiveSearch/EndogenousDecomposition/ConstitutiveFeedback.lean:3375:0: 'ConstitutiveSearch.EndogenousDecomposition.blockedNextDiscovery_history_length' does not depend on any axioms
info: RelationalPerimeter/Computation/ConstitutiveSearch/EndogenousDecomposition/ConstitutiveFeedback.lean:3376:0: 'ConstitutiveSearch.EndogenousDecomposition.nextDiscovery_history_lengths_distinct' does not depend on any axioms
info: RelationalPerimeter/Computation/ConstitutiveSearch/EndogenousDecomposition/ConstitutiveFeedback.lean:3377:0: 'ConstitutiveSearch.EndogenousDecomposition.nextDiscovery_histories_distinct' does not depend on any axioms
info: RelationalPerimeter/Computation/ConstitutiveSearch/EndogenousDecomposition/ConstitutiveFeedback.lean:3378:0: 'ConstitutiveSearch.EndogenousDecomposition.nextDiscovery_outcome_different' does not depend on any axioms
info: RelationalPerimeter/Computation/ConstitutiveSearch/EndogenousDecomposition/ConstitutiveFeedback.lean:3379:0: 'ConstitutiveSearch.EndogenousDecomposition.nextDiscovery_projection_equal' does not depend on any axioms
info: RelationalPerimeter/Computation/ConstitutiveSearch/EndogenousDecomposition/ConstitutiveFeedback.lean:3380:0: 'ConstitutiveSearch.EndogenousDecomposition.nextDiscovery_not_factors' does not depend on any axioms
info: RelationalPerimeter/Computation/ConstitutiveSearch/EndogenousDecomposition/ConstitutiveFeedback.lean:3381:0: 'ConstitutiveSearch.EndogenousDecomposition.feedbackFailureArtifacts_exact' does not depend on any axioms
ℹ [93/142] Replayed RelationalPerimeter.Computation.ConstitutiveSearch.EndogenousDecomposition.ConstitutiveResolution
info: RelationalPerimeter/Computation/ConstitutiveSearch/EndogenousDecomposition/ConstitutiveResolution.lean:1056:0: 'ConstitutiveSearch.EndogenousDecomposition.ConstitutiveResolutionRun' does not depend on any axioms
info: RelationalPerimeter/Computation/ConstitutiveSearch/EndogenousDecomposition/ConstitutiveResolution.lean:1057:0: 'ConstitutiveSearch.EndogenousDecomposition.ConstitutiveResolutionRun.terminalReadWork_bound' does not depend on any axioms
info: RelationalPerimeter/Computation/ConstitutiveSearch/EndogenousDecomposition/ConstitutiveResolution.lean:1058:0: 'ConstitutiveSearch.EndogenousDecomposition.ConstitutiveResolutionRun.realizationWork_bound' does not depend on any axioms
info: RelationalPerimeter/Computation/ConstitutiveSearch/EndogenousDecomposition/ConstitutiveResolution.lean:1059:0: 'ConstitutiveSearch.EndogenousDecomposition.ConstitutiveResolutionRun.productionCalls' does not depend on any axioms
info: RelationalPerimeter/Computation/ConstitutiveSearch/EndogenousDecomposition/ConstitutiveResolution.lean:1060:0: 'ConstitutiveSearch.EndogenousDecomposition.ConstitutiveResolutionRun.productionCalls_exact' does not depend on any axioms
info: RelationalPerimeter/Computation/ConstitutiveSearch/EndogenousDecomposition/ConstitutiveResolution.lean:1061:0: 'ConstitutiveSearch.EndogenousDecomposition.resolutionProduction' does not depend on any axioms
info: RelationalPerimeter/Computation/ConstitutiveSearch/EndogenousDecomposition/ConstitutiveResolution.lean:1062:0: 'ConstitutiveSearch.EndogenousDecomposition.ConstitutiveResolutionRun.measuredSearchWork' does not depend on any axioms
info: RelationalPerimeter/Computation/ConstitutiveSearch/EndogenousDecomposition/ConstitutiveResolution.lean:1063:0: 'ConstitutiveSearch.EndogenousDecomposition.ConstitutiveResolutionRun.measuredSearchWork_bound' does not depend on any axioms
info: RelationalPerimeter/Computation/ConstitutiveSearch/EndogenousDecomposition/ConstitutiveResolution.lean:1064:0: 'ConstitutiveSearch.EndogenousDecomposition.constitutiveMeasuredSearch_inputPolynomial' does not depend on any axioms
info: RelationalPerimeter/Computation/ConstitutiveSearch/EndogenousDecomposition/ConstitutiveResolution.lean:1065:0: 'ConstitutiveSearch.EndogenousDecomposition.ConstitutiveResolutionRun.generatorsExact' does not depend on any axioms
info: RelationalPerimeter/Computation/ConstitutiveSearch/EndogenousDecomposition/ConstitutiveResolution.lean:1066:0: 'ConstitutiveSearch.EndogenousDecomposition.ConstitutiveResolutionRun.genericTraversalExact' does not depend on any axioms
info: RelationalPerimeter/Computation/ConstitutiveSearch/EndogenousDecomposition/ConstitutiveResolution.lean:1067:0: 'ConstitutiveSearch.EndogenousDecomposition.resolutionGeneratedHistory_eq_reference' does not depend on any axioms
info: RelationalPerimeter/Computation/ConstitutiveSearch/EndogenousDecomposition/ConstitutiveResolution.lean:1068:0: 'ConstitutiveSearch.EndogenousDecomposition.executeConstitutiveResolution' does not depend on any axioms
info: RelationalPerimeter/Computation/ConstitutiveSearch/EndogenousDecomposition/ConstitutiveResolution.lean:1069:0: 'ConstitutiveSearch.EndogenousDecomposition.encodeConstitutiveInput_length' does not depend on any axioms
info: RelationalPerimeter/Computation/ConstitutiveSearch/EndogenousDecomposition/ConstitutiveResolution.lean:1070:0: 'ConstitutiveSearch.EndogenousDecomposition.executeConstitutiveResolution_decision_from_terminal' does not depend on any axioms
info: RelationalPerimeter/Computation/ConstitutiveSearch/EndogenousDecomposition/ConstitutiveResolution.lean:1071:0: 'ConstitutiveSearch.EndogenousDecomposition.executeConstitutiveResolution_decision' does not depend on any axioms
info: RelationalPerimeter/Computation/ConstitutiveSearch/EndogenousDecomposition/ConstitutiveResolution.lean:1072:0: 'ConstitutiveSearch.EndogenousDecomposition.executeConstitutiveResolution_zero_yes' does not depend on any axioms
info: RelationalPerimeter/Computation/ConstitutiveSearch/EndogenousDecomposition/ConstitutiveResolution.lean:1073:0: 'ConstitutiveSearch.EndogenousDecomposition.executeConstitutiveResolution_one_no' does not depend on any axioms
info: RelationalPerimeter/Computation/ConstitutiveSearch/EndogenousDecomposition/ConstitutiveResolution.lean:1074:0: 'ConstitutiveSearch.EndogenousDecomposition.executeConstitutiveResolution_noGlobalComposition' does not depend on any axioms
info: RelationalPerimeter/Computation/ConstitutiveSearch/EndogenousDecomposition/ConstitutiveResolution.lean:1075:0: 'ConstitutiveSearch.EndogenousDecomposition.executeConstitutiveResolution_correspondences' does not depend on any axioms
info: RelationalPerimeter/Computation/ConstitutiveSearch/EndogenousDecomposition/ConstitutiveResolution.lean:1076:0: 'ConstitutiveSearch.EndogenousDecomposition.resolution_generatedSteps_strict' does not depend on any axioms
info: RelationalPerimeter/Computation/ConstitutiveSearch/EndogenousDecomposition/ConstitutiveResolution.lean:1077:0: 'ConstitutiveSearch.EndogenousDecomposition.executeConstitutiveResolution_attempts_exact' does not depend on any axioms
info: RelationalPerimeter/Computation/ConstitutiveSearch/EndogenousDecomposition/ConstitutiveResolution.lean:1078:0: 'ConstitutiveSearch.EndogenousDecomposition.executeConstitutiveResolution_attempts_strict' does not depend on any axioms
info: RelationalPerimeter/Computation/ConstitutiveSearch/EndogenousDecomposition/ConstitutiveResolution.lean:1079:0: 'ConstitutiveSearch.EndogenousDecomposition.constitutiveCausalStageEvidence' does not depend on any axioms
info: RelationalPerimeter/Computation/ConstitutiveSearch/EndogenousDecomposition/ConstitutiveResolution.lean:1080:0: 'ConstitutiveSearch.EndogenousDecomposition.section6OperationalSuccessionEvidence' does not depend on any axioms
info: RelationalPerimeter/Computation/ConstitutiveSearch/EndogenousDecomposition/ConstitutiveResolution.lean:1081:0: 'ConstitutiveSearch.EndogenousDecomposition.endogenousOperationalDecompositionEvidence' does not depend on any axioms
ℹ [94/142] Replayed RelationalPerimeter.Computation.ConstitutiveSearch.EndogenousDecomposition.MeasuredAccounting
info: RelationalPerimeter/Computation/ConstitutiveSearch/EndogenousDecomposition/MeasuredAccounting.lean:1111:0: 'ConstitutiveSearch.EndogenousDecomposition.measuredPhase_occurs_once' does not depend on any axioms
info: RelationalPerimeter/Computation/ConstitutiveSearch/EndogenousDecomposition/MeasuredAccounting.lean:1112:0: 'ConstitutiveSearch.EndogenousDecomposition.ConstitutiveResolutionRun.generationMaterializationWork' does not depend on any axioms
info: RelationalPerimeter/Computation/ConstitutiveSearch/EndogenousDecomposition/MeasuredAccounting.lean:1113:0: 'ConstitutiveSearch.EndogenousDecomposition.ConstitutiveResolutionRun.generationMaterializationWork_exact' does not depend on any axioms
info: RelationalPerimeter/Computation/ConstitutiveSearch/EndogenousDecomposition/MeasuredAccounting.lean:1114:0: 'ConstitutiveSearch.EndogenousDecomposition.ConstitutiveResolutionRun.extractedCandidateWork_bound' does not depend on any axioms
info: RelationalPerimeter/Computation/ConstitutiveSearch/EndogenousDecomposition/MeasuredAccounting.lean:1115:0: 'ConstitutiveSearch.EndogenousDecomposition.resolutionAttemptPolynomial_eval' does not depend on any axioms
info: RelationalPerimeter/Computation/ConstitutiveSearch/EndogenousDecomposition/MeasuredAccounting.lean:1116:0: 'ConstitutiveSearch.EndogenousDecomposition.ConstitutiveResolutionRun.candidateTestWork_bound' does not depend on any axioms
info: RelationalPerimeter/Computation/ConstitutiveSearch/EndogenousDecomposition/MeasuredAccounting.lean:1117:0: 'ConstitutiveSearch.EndogenousDecomposition.ConstitutiveResolutionRun.relationQueryWork_bound' does not depend on any axioms
info: RelationalPerimeter/Computation/ConstitutiveSearch/EndogenousDecomposition/MeasuredAccounting.lean:1118:0: 'ConstitutiveSearch.EndogenousDecomposition.ConstitutiveResolutionRun.validatedAtomWork_exact' does not depend on any axioms
info: RelationalPerimeter/Computation/ConstitutiveSearch/EndogenousDecomposition/MeasuredAccounting.lean:1119:0: 'ConstitutiveSearch.EndogenousDecomposition.ConstitutiveResolutionRun.section7ControlWork_bound' does not depend on any axioms
info: RelationalPerimeter/Computation/ConstitutiveSearch/EndogenousDecomposition/MeasuredAccounting.lean:1120:0: 'ConstitutiveSearch.EndogenousDecomposition.ConstitutiveResolutionRun.decisionAccumulationWork' does not depend on any axioms
info: RelationalPerimeter/Computation/ConstitutiveSearch/EndogenousDecomposition/MeasuredAccounting.lean:1121:0: 'ConstitutiveSearch.EndogenousDecomposition.ConstitutiveResolutionRun.decisionProvenanceWork' does not depend on any axioms
info: RelationalPerimeter/Computation/ConstitutiveSearch/EndogenousDecomposition/MeasuredAccounting.lean:1122:0: 'ConstitutiveSearch.EndogenousDecomposition.ConstitutiveResolutionRun.historyFilteringWork' does not depend on any axioms
info: RelationalPerimeter/Computation/ConstitutiveSearch/EndogenousDecomposition/MeasuredAccounting.lean:1123:0: 'ConstitutiveSearch.EndogenousDecomposition.ConstitutiveResolutionRun.feedbackControlWork' does not depend on any axioms
info: RelationalPerimeter/Computation/ConstitutiveSearch/EndogenousDecomposition/MeasuredAccounting.lean:1124:0: 'ConstitutiveSearch.EndogenousDecomposition.ConstitutiveResolutionRun.feedbackControlWork_bound' does not depend on any axioms
info: RelationalPerimeter/Computation/ConstitutiveSearch/EndogenousDecomposition/MeasuredAccounting.lean:1125:0: 'ConstitutiveSearch.EndogenousDecomposition.feedbackControlWork_inputPolynomial' does not depend on any axioms
info: RelationalPerimeter/Computation/ConstitutiveSearch/EndogenousDecomposition/MeasuredAccounting.lean:1126:0: 'ConstitutiveSearch.EndogenousDecomposition.ConstitutiveResolutionRun.additionalOwnedWork' does not depend on any axioms
info: RelationalPerimeter/Computation/ConstitutiveSearch/EndogenousDecomposition/MeasuredAccounting.lean:1127:0: 'ConstitutiveSearch.EndogenousDecomposition.ConstitutiveResolutionRun.previouslyOwnedWork_exact' does not depend on any axioms
info: RelationalPerimeter/Computation/ConstitutiveSearch/EndogenousDecomposition/MeasuredAccounting.lean:1128:0: 'ConstitutiveSearch.EndogenousDecomposition.ConstitutiveResolutionRun.additionalOwnedWork_bound' does not depend on any axioms
info: RelationalPerimeter/Computation/ConstitutiveSearch/EndogenousDecomposition/MeasuredAccounting.lean:1129:0: 'ConstitutiveSearch.EndogenousDecomposition.IntegratedProjectionExperiment.measuredWork' does not depend on any axioms
info: RelationalPerimeter/Computation/ConstitutiveSearch/EndogenousDecomposition/MeasuredAccounting.lean:1130:0: 'ConstitutiveSearch.EndogenousDecomposition.ConstitutiveResolutionRun.phaseWork' does not depend on any axioms
info: RelationalPerimeter/Computation/ConstitutiveSearch/EndogenousDecomposition/MeasuredAccounting.lean:1131:0: 'ConstitutiveSearch.EndogenousDecomposition.ConstitutiveResolutionRun.instrumentedWork' does not depend on any axioms
info: RelationalPerimeter/Computation/ConstitutiveSearch/EndogenousDecomposition/MeasuredAccounting.lean:1132:0: 'ConstitutiveSearch.EndogenousDecomposition.canonicalMeasuredAccounting' does not depend on any axioms
info: RelationalPerimeter/Computation/ConstitutiveSearch/EndogenousDecomposition/MeasuredAccounting.lean:1133:0: 'ConstitutiveSearch.EndogenousDecomposition.CanonicalMeasuredAccounting.total_is_canonical' does not depend on any axioms
info: RelationalPerimeter/Computation/ConstitutiveSearch/EndogenousDecomposition/MeasuredAccounting.lean:1134:0: 'ConstitutiveSearch.EndogenousDecomposition.canonicalMeasuredAccounting_not_inflatable' does not depend on any axioms
info: RelationalPerimeter/Computation/ConstitutiveSearch/EndogenousDecomposition/MeasuredAccounting.lean:1135:0: 'ConstitutiveSearch.EndogenousDecomposition.discoveryWork_does_not_add_legacy_surface' does not depend on any axioms
info: RelationalPerimeter/Computation/ConstitutiveSearch/EndogenousDecomposition/MeasuredAccounting.lean:1136:0: 'ConstitutiveSearch.EndogenousDecomposition.projectionWork_shared_source_once' does not depend on any axioms
info: RelationalPerimeter/Computation/ConstitutiveSearch/EndogenousDecomposition/MeasuredAccounting.lean:1137:0: 'ConstitutiveSearch.EndogenousDecomposition.stageExtractionEnvelope_mono' does not depend on any axioms
info: RelationalPerimeter/Computation/ConstitutiveSearch/EndogenousDecomposition/MeasuredAccounting.lean:1138:0: 'ConstitutiveSearch.EndogenousDecomposition.retainedStageExtraction_bound' does not depend on any axioms
info: RelationalPerimeter/Computation/ConstitutiveSearch/EndogenousDecomposition/MeasuredAccounting.lean:1139:0: 'ConstitutiveSearch.EndogenousDecomposition.historyExtraction_bound' does not depend on any axioms
info: RelationalPerimeter/Computation/ConstitutiveSearch/EndogenousDecomposition/MeasuredAccounting.lean:1140:0: 'ConstitutiveSearch.EndogenousDecomposition.ConstitutiveResolutionRun.extractionWork_bound' does not depend on any axioms
info: RelationalPerimeter/Computation/ConstitutiveSearch/EndogenousDecomposition/MeasuredAccounting.lean:1141:0: 'ConstitutiveSearch.EndogenousDecomposition.ConstitutiveResolutionRun.mainInstrumentedWork' does not depend on any axioms
info: RelationalPerimeter/Computation/ConstitutiveSearch/EndogenousDecomposition/MeasuredAccounting.lean:1142:0: 'ConstitutiveSearch.EndogenousDecomposition.ConstitutiveResolutionRun.mainInstrumentedWork_bound' does not depend on any axioms
info: RelationalPerimeter/Computation/ConstitutiveSearch/EndogenousDecomposition/MeasuredAccounting.lean:1143:0: 'ConstitutiveSearch.EndogenousDecomposition.mainInstrumentedWork_inputPolynomial' does not depend on any axioms
info: RelationalPerimeter/Computation/ConstitutiveSearch/EndogenousDecomposition/MeasuredAccounting.lean:1144:0: 'ConstitutiveSearch.EndogenousDecomposition.ConstitutiveResolutionRun.instrumentedWork_partition' does not depend on any axioms
info: RelationalPerimeter/Computation/ConstitutiveSearch/EndogenousDecomposition/MeasuredAccounting.lean:1145:0: 'ConstitutiveSearch.EndogenousDecomposition.measuredProjection_search_read_bound' does not depend on any axioms
info: RelationalPerimeter/Computation/ConstitutiveSearch/EndogenousDecomposition/MeasuredAccounting.lean:1146:0: 'ConstitutiveSearch.EndogenousDecomposition.measuredConstitutiveEvidence' does not depend on any axioms
info: RelationalPerimeter/Computation/ConstitutiveSearch/EndogenousDecomposition/MeasuredAccounting.lean:1147:0: 'ConstitutiveSearch.EndogenousDecomposition.measuredProductionCalls_strict' does not depend on any axioms
info: RelationalPerimeter/Computation/ConstitutiveSearch/EndogenousDecomposition/MeasuredAccounting.lean:1148:0: 'ConstitutiveSearch.EndogenousDecomposition.integratedProjection_measured_bound' does not depend on any axioms
info: RelationalPerimeter/Computation/ConstitutiveSearch/EndogenousDecomposition/MeasuredAccounting.lean:1149:0: 'ConstitutiveSearch.EndogenousDecomposition.ConstitutiveResolutionRun.projectionWork_bound' does not depend on any axioms
info: RelationalPerimeter/Computation/ConstitutiveSearch/EndogenousDecomposition/MeasuredAccounting.lean:1150:0: 'ConstitutiveSearch.EndogenousDecomposition.ConstitutiveResolutionRun.instrumentedWork_bound' does not depend on any axioms
info: RelationalPerimeter/Computation/ConstitutiveSearch/EndogenousDecomposition/MeasuredAccounting.lean:1151:0: 'ConstitutiveSearch.EndogenousDecomposition.canonicalIntegratedProjectionEnvelope_bound' does not depend on any axioms
info: RelationalPerimeter/Computation/ConstitutiveSearch/EndogenousDecomposition/MeasuredAccounting.lean:1152:0: 'ConstitutiveSearch.EndogenousDecomposition.projectionStagePolynomial_eval' does not depend on any axioms
info: RelationalPerimeter/Computation/ConstitutiveSearch/EndogenousDecomposition/MeasuredAccounting.lean:1153:0: 'ConstitutiveSearch.EndogenousDecomposition.ConstitutiveResolutionRun.projectionEnvelope_bound' does not depend on any axioms
info: RelationalPerimeter/Computation/ConstitutiveSearch/EndogenousDecomposition/MeasuredAccounting.lean:1154:0: 'ConstitutiveSearch.EndogenousDecomposition.ConstitutiveResolutionRun.instrumentedWork_polynomial_bound' does not depend on any axioms
info: RelationalPerimeter/Computation/ConstitutiveSearch/EndogenousDecomposition/MeasuredAccounting.lean:1155:0: 'ConstitutiveSearch.EndogenousDecomposition.instrumentedWork_inputPolynomial' does not depend on any axioms
info: RelationalPerimeter/Computation/ConstitutiveSearch/EndogenousDecomposition/MeasuredAccounting.lean:1156:0: 'ConstitutiveSearch.EndogenousDecomposition.executeConstitutiveResolution_section7Coverage' does not depend on any axioms
info: RelationalPerimeter/Computation/ConstitutiveSearch/EndogenousDecomposition/MeasuredAccounting.lean:1157:0: 'ConstitutiveSearch.EndogenousDecomposition.endogenousOperationalDecompositionPerInputEvidence' does not depend on any axioms
info: RelationalPerimeter/Computation/ConstitutiveSearch/EndogenousDecomposition/MeasuredAccounting.lean:1158:0: 'ConstitutiveSearch.EndogenousDecomposition.endogenousOperationalDecompositionFamily' does not depend on any axioms
info: RelationalPerimeter/Computation/ConstitutiveSearch/EndogenousDecomposition/MeasuredAccounting.lean:1159:0: 'ConstitutiveSearch.EndogenousDecomposition.measuredConstitutiveFamily' does not depend on any axioms
ℹ [95/142] Replayed RelationalPerimeter.Computation.ConstitutiveSearch.EndogenousDecomposition.ConstitutiveNormalizerCore
info: RelationalPerimeter/Computation/ConstitutiveSearch/EndogenousDecomposition/ConstitutiveNormalizerCore.lean:705:0: 'ConstitutiveSearch.EndogenousDecomposition.operationalStageCount' does not depend on any axioms
info: RelationalPerimeter/Computation/ConstitutiveSearch/EndogenousDecomposition/ConstitutiveNormalizerCore.lean:706:0: 'ConstitutiveSearch.EndogenousDecomposition.operationalStageCount_eq_historyCount' does not depend on any axioms
info: RelationalPerimeter/Computation/ConstitutiveSearch/EndogenousDecomposition/ConstitutiveNormalizerCore.lean:707:0: 'ConstitutiveSearch.EndogenousDecomposition.ConstitutiveNormalizerInstruction' does not depend on any axioms
info: RelationalPerimeter/Computation/ConstitutiveSearch/EndogenousDecomposition/ConstitutiveNormalizerCore.lean:708:0: 'ConstitutiveSearch.EndogenousDecomposition.ConstitutiveNormalizerInstruction.IsAuthoritative' does not depend on any axioms
info: RelationalPerimeter/Computation/ConstitutiveSearch/EndogenousDecomposition/ConstitutiveNormalizerCore.lean:709:0: 'ConstitutiveSearch.EndogenousDecomposition.authoritativeNormalizerInstruction' does not depend on any axioms
info: RelationalPerimeter/Computation/ConstitutiveSearch/EndogenousDecomposition/ConstitutiveNormalizerCore.lean:710:0: 'ConstitutiveSearch.EndogenousDecomposition.authoritativeNormalizerInstruction_code_exact' does not depend on any axioms
info: RelationalPerimeter/Computation/ConstitutiveSearch/EndogenousDecomposition/ConstitutiveNormalizerCore.lean:711:0: 'ConstitutiveSearch.EndogenousDecomposition.authoritativeNormalizerInstruction_isAuthoritative' does not depend on any axioms
info: RelationalPerimeter/Computation/ConstitutiveSearch/EndogenousDecomposition/ConstitutiveNormalizerCore.lean:712:0: 'ConstitutiveSearch.EndogenousDecomposition.ConstitutiveNormalizerInstruction.toAcceptingTransport' does not depend on any axioms
info: RelationalPerimeter/Computation/ConstitutiveSearch/EndogenousDecomposition/ConstitutiveNormalizerCore.lean:713:0: 'ConstitutiveSearch.EndogenousDecomposition.authoritativeNormalizerInstruction_transport_map_exact' does not depend on any axioms
info: RelationalPerimeter/Computation/ConstitutiveSearch/EndogenousDecomposition/ConstitutiveNormalizerCore.lean:714:0: 'ConstitutiveSearch.EndogenousDecomposition.ConstitutiveNormalizerInstruction.Alternative' does not depend on any axioms
info: RelationalPerimeter/Computation/ConstitutiveSearch/EndogenousDecomposition/ConstitutiveNormalizerCore.lean:715:0: 'ConstitutiveSearch.EndogenousDecomposition.ConstitutiveNormalizerInstruction.Alternative.choice' does not depend on any axioms
info: RelationalPerimeter/Computation/ConstitutiveSearch/EndogenousDecomposition/ConstitutiveNormalizerCore.lean:716:0: 'ConstitutiveSearch.EndogenousDecomposition.ConstitutiveNormalizerProgram' does not depend on any axioms
info: RelationalPerimeter/Computation/ConstitutiveSearch/EndogenousDecomposition/ConstitutiveNormalizerCore.lean:717:0: 'ConstitutiveSearch.EndogenousDecomposition.buildConstitutiveNormalizerProgram' does not depend on any axioms
info: RelationalPerimeter/Computation/ConstitutiveSearch/EndogenousDecomposition/ConstitutiveNormalizerCore.lean:718:0: 'ConstitutiveSearch.EndogenousDecomposition.buildConstitutiveNormalizerProgram_step' does not depend on any axioms
info: RelationalPerimeter/Computation/ConstitutiveSearch/EndogenousDecomposition/ConstitutiveNormalizerCore.lean:719:0: 'ConstitutiveSearch.EndogenousDecomposition.ConstitutiveNormalizerProgram.instructionCount' does not depend on any axioms
info: RelationalPerimeter/Computation/ConstitutiveSearch/EndogenousDecomposition/ConstitutiveNormalizerCore.lean:720:0: 'ConstitutiveSearch.EndogenousDecomposition.ConstitutiveNormalizerProgram.instructionCount_step' does not depend on any axioms
info: RelationalPerimeter/Computation/ConstitutiveSearch/EndogenousDecomposition/ConstitutiveNormalizerCore.lean:721:0: 'ConstitutiveSearch.EndogenousDecomposition.buildConstitutiveNormalizerProgram_instructionCount' does not depend on any axioms
info: RelationalPerimeter/Computation/ConstitutiveSearch/EndogenousDecomposition/ConstitutiveNormalizerCore.lean:722:0: 'ConstitutiveSearch.EndogenousDecomposition.ConstitutiveNormalizerProgram.codeSize' does not depend on any axioms
info: RelationalPerimeter/Computation/ConstitutiveSearch/EndogenousDecomposition/ConstitutiveNormalizerCore.lean:723:0: 'ConstitutiveSearch.EndogenousDecomposition.ConstitutiveNormalizerProgram.Profile' does not depend on any axioms
info: RelationalPerimeter/Computation/ConstitutiveSearch/EndogenousDecomposition/ConstitutiveNormalizerCore.lean:724:0: 'ConstitutiveSearch.EndogenousDecomposition.ConstitutiveNormalizerProgram.profileFrontier' does not depend on any axioms
info: RelationalPerimeter/Computation/ConstitutiveSearch/EndogenousDecomposition/ConstitutiveNormalizerCore.lean:725:0: 'ConstitutiveSearch.EndogenousDecomposition.ConstitutiveNormalizerProgram.profileFrontier_step' does not depend on any axioms
info: RelationalPerimeter/Computation/ConstitutiveSearch/EndogenousDecomposition/ConstitutiveNormalizerCore.lean:726:0: 'ConstitutiveSearch.EndogenousDecomposition.ConstitutiveNormalizerProgram.profileWidth' does not depend on any axioms
info: RelationalPerimeter/Computation/ConstitutiveSearch/EndogenousDecomposition/ConstitutiveNormalizerCore.lean:727:0: 'ConstitutiveSearch.EndogenousDecomposition.length_map_constructive' does not depend on any axioms
info: RelationalPerimeter/Computation/ConstitutiveSearch/EndogenousDecomposition/ConstitutiveNormalizerCore.lean:728:0: 'ConstitutiveSearch.EndogenousDecomposition.zero_add_constructive' does not depend on any axioms
info: RelationalPerimeter/Computation/ConstitutiveSearch/EndogenousDecomposition/ConstitutiveNormalizerCore.lean:729:0: 'ConstitutiveSearch.EndogenousDecomposition.succ_add_constructive' does not depend on any axioms
info: RelationalPerimeter/Computation/ConstitutiveSearch/EndogenousDecomposition/ConstitutiveNormalizerCore.lean:730:0: 'ConstitutiveSearch.EndogenousDecomposition.length_append_constructive' does not depend on any axioms
info: RelationalPerimeter/Computation/ConstitutiveSearch/EndogenousDecomposition/ConstitutiveNormalizerCore.lean:731:0: 'ConstitutiveSearch.EndogenousDecomposition.nat_add_congr' does not depend on any axioms
info: RelationalPerimeter/Computation/ConstitutiveSearch/EndogenousDecomposition/ConstitutiveNormalizerCore.lean:732:0: 'ConstitutiveSearch.EndogenousDecomposition.ConstitutiveNormalizerProgram.profileWidth_eq_two_pow_instructionCount' does not depend on any axioms
info: RelationalPerimeter/Computation/ConstitutiveSearch/EndogenousDecomposition/ConstitutiveNormalizerCore.lean:733:0: 'ConstitutiveSearch.EndogenousDecomposition.mem_map_constructive' does not depend on any axioms
info: RelationalPerimeter/Computation/ConstitutiveSearch/EndogenousDecomposition/ConstitutiveNormalizerCore.lean:734:0: 'ConstitutiveSearch.EndogenousDecomposition.mem_append_left_constructive' does not depend on any axioms
info: RelationalPerimeter/Computation/ConstitutiveSearch/EndogenousDecomposition/ConstitutiveNormalizerCore.lean:735:0: 'ConstitutiveSearch.EndogenousDecomposition.mem_append_right_constructive' does not depend on any axioms
info: RelationalPerimeter/Computation/ConstitutiveSearch/EndogenousDecomposition/ConstitutiveNormalizerCore.lean:736:0: 'ConstitutiveSearch.EndogenousDecomposition.mem_map_preimage_constructive' does not depend on any axioms
info: RelationalPerimeter/Computation/ConstitutiveSearch/EndogenousDecomposition/ConstitutiveNormalizerCore.lean:737:0: 'ConstitutiveSearch.EndogenousDecomposition.mem_append_cases_constructive' does not depend on any axioms
info: RelationalPerimeter/Computation/ConstitutiveSearch/EndogenousDecomposition/ConstitutiveNormalizerCore.lean:738:0: 'ConstitutiveSearch.EndogenousDecomposition.nodup_map_constructive' does not depend on any axioms
info: RelationalPerimeter/Computation/ConstitutiveSearch/EndogenousDecomposition/ConstitutiveNormalizerCore.lean:739:0: 'ConstitutiveSearch.EndogenousDecomposition.nodup_append_constructive' does not depend on any axioms
info: RelationalPerimeter/Computation/ConstitutiveSearch/EndogenousDecomposition/ConstitutiveNormalizerCore.lean:740:0: 'ConstitutiveSearch.EndogenousDecomposition.ConstitutiveNormalizerProgram.profileFrontier_complete' does not depend on any axioms
info: RelationalPerimeter/Computation/ConstitutiveSearch/EndogenousDecomposition/ConstitutiveNormalizerCore.lean:741:0: 'ConstitutiveSearch.EndogenousDecomposition.ConstitutiveNormalizerProgram.profileFrontier_nodup' does not depend on any axioms
info: RelationalPerimeter/Computation/ConstitutiveSearch/EndogenousDecomposition/ConstitutiveNormalizerCore.lean:742:0: 'ConstitutiveSearch.EndogenousDecomposition.ConstitutiveNormalizerProgram.IsAuthoritative' does not depend on any axioms
info: RelationalPerimeter/Computation/ConstitutiveSearch/EndogenousDecomposition/ConstitutiveNormalizerCore.lean:743:0: 'ConstitutiveSearch.EndogenousDecomposition.buildConstitutiveNormalizerProgram_isAuthoritative' does not depend on any axioms
info: RelationalPerimeter/Computation/ConstitutiveSearch/EndogenousDecomposition/ConstitutiveNormalizerCore.lean:744:0: 'ConstitutiveSearch.EndogenousDecomposition.AuthoritativeConstitutiveNormalizerProgram' does not depend on any axioms
info: RelationalPerimeter/Computation/ConstitutiveSearch/EndogenousDecomposition/ConstitutiveNormalizerCore.lean:745:0: 'ConstitutiveSearch.EndogenousDecomposition.buildAuthoritativeConstitutiveNormalizerProgram' does not depend on any axioms
info: RelationalPerimeter/Computation/ConstitutiveSearch/EndogenousDecomposition/ConstitutiveNormalizerCore.lean:746:0: 'ConstitutiveSearch.EndogenousDecomposition.StructuralObligation' does not depend on any axioms
info: RelationalPerimeter/Computation/ConstitutiveSearch/EndogenousDecomposition/ConstitutiveNormalizerCore.lean:747:0: 'ConstitutiveSearch.EndogenousDecomposition.structuralFrontier' does not depend on any axioms
info: RelationalPerimeter/Computation/ConstitutiveSearch/EndogenousDecomposition/ConstitutiveNormalizerCore.lean:748:0: 'ConstitutiveSearch.EndogenousDecomposition.structuralWidth' does not depend on any axioms
info: RelationalPerimeter/Computation/ConstitutiveSearch/EndogenousDecomposition/ConstitutiveNormalizerCore.lean:749:0: 'ConstitutiveSearch.EndogenousDecomposition.structuralFrontier_eq_programProfileFrontier' does not depend on any axioms
info: RelationalPerimeter/Computation/ConstitutiveSearch/EndogenousDecomposition/ConstitutiveNormalizerCore.lean:750:0: 'ConstitutiveSearch.EndogenousDecomposition.structuralWidth_eq_programProfileWidth' does not depend on any axioms
info: RelationalPerimeter/Computation/ConstitutiveSearch/EndogenousDecomposition/ConstitutiveNormalizerCore.lean:751:0: 'ConstitutiveSearch.EndogenousDecomposition.structuralWidth_eq_two_pow_stageCount' does not depend on any axioms
info: RelationalPerimeter/Computation/ConstitutiveSearch/EndogenousDecomposition/ConstitutiveNormalizerCore.lean:752:0: 'ConstitutiveSearch.EndogenousDecomposition.structuralFrontier_complete' does not depend on any axioms
info: RelationalPerimeter/Computation/ConstitutiveSearch/EndogenousDecomposition/ConstitutiveNormalizerCore.lean:753:0: 'ConstitutiveSearch.EndogenousDecomposition.structuralFrontier_nodup' does not depend on any axioms
ℹ [96/142] Replayed RelationalPerimeter.Computation.ConstitutiveSearch.OperationalFrontierStatus
info: RelationalPerimeter/Computation/ConstitutiveSearch/OperationalFrontierStatus.lean:150:0: 'ConstitutiveSearch.retainedFrontier' does not depend on any axioms
info: RelationalPerimeter/Computation/ConstitutiveSearch/OperationalFrontierStatus.lean:151:0: 'ConstitutiveSearch.outcomePreservation' does not depend on any axioms
info: RelationalPerimeter/Computation/ConstitutiveSearch/OperationalFrontierStatus.lean:152:0: 'ConstitutiveSearch.carryFrontierContinuation' does not depend on any axioms
info: RelationalPerimeter/Computation/ConstitutiveSearch/OperationalFrontierStatus.lean:153:0: 'ConstitutiveSearch.StageOperationalPosition' does not depend on any axioms
info: RelationalPerimeter/Computation/ConstitutiveSearch/OperationalFrontierStatus.lean:154:0: 'ConstitutiveSearch.stageOperationalWidth' does not depend on any axioms
info: RelationalPerimeter/Computation/ConstitutiveSearch/OperationalFrontierStatus.lean:155:0: 'ConstitutiveSearch.operationalStateAt' does not depend on any axioms
info: RelationalPerimeter/Computation/ConstitutiveSearch/OperationalFrontierStatus.lean:156:0: 'ConstitutiveSearch.retainedFrontier_none' does not depend on any axioms
info: RelationalPerimeter/Computation/ConstitutiveSearch/OperationalFrontierStatus.lean:157:0: 'ConstitutiveSearch.retainedFrontier_some' does not depend on any axioms
info: RelationalPerimeter/Computation/ConstitutiveSearch/OperationalFrontierStatus.lean:158:0: 'ConstitutiveSearch.carry_none_eq_identity' does not depend on any axioms
info: RelationalPerimeter/Computation/ConstitutiveSearch/OperationalFrontierStatus.lean:159:0: 'ConstitutiveSearch.carry_some_left_eq_map' does not depend on any axioms
info: RelationalPerimeter/Computation/ConstitutiveSearch/OperationalFrontierStatus.lean:160:0: 'ConstitutiveSearch.carry_some_right_eq_self' does not depend on any axioms
info: RelationalPerimeter/Computation/ConstitutiveSearch/OperationalFrontierStatus.lean:161:0: 'ConstitutiveSearch.carryFrontierContinuation_preservesAccept' does not depend on any axioms
info: RelationalPerimeter/Computation/ConstitutiveSearch/OperationalFrontierStatus.lean:162:0: 'ConstitutiveSearch.outcomePreservation_viable_iff' does not depend on any axioms
info: RelationalPerimeter/Computation/ConstitutiveSearch/OperationalFrontierStatus.lean:163:0: 'ConstitutiveSearch.pending_width_eq_two' does not depend on any axioms
info: RelationalPerimeter/Computation/ConstitutiveSearch/OperationalFrontierStatus.lean:164:0: 'ConstitutiveSearch.reduced_width_eq_one' does not depend on any axioms
ℹ [97/142] Replayed RelationalPerimeter.Computation.ConstitutiveSearch.EndogenousDecomposition.ExecutedOperationalReduction
info: RelationalPerimeter/Computation/ConstitutiveSearch/EndogenousDecomposition/ExecutedOperationalReduction.lean:365:0: 'ConstitutiveSearch.EndogenousDecomposition.ConstitutedOpeningView' does not depend on any axioms
info: RelationalPerimeter/Computation/ConstitutiveSearch/EndogenousDecomposition/ExecutedOperationalReduction.lean:366:0: 'ConstitutiveSearch.EndogenousDecomposition.ConstitutedOpeningView.left' does not depend on any axioms
info: RelationalPerimeter/Computation/ConstitutiveSearch/EndogenousDecomposition/ExecutedOperationalReduction.lean:367:0: 'ConstitutiveSearch.EndogenousDecomposition.ConstitutedOpeningView.right' does not depend on any axioms
info: RelationalPerimeter/Computation/ConstitutiveSearch/EndogenousDecomposition/ExecutedOperationalReduction.lean:368:0: 'ConstitutiveSearch.EndogenousDecomposition.EndogenousFlipDiscovery.openingView' does not depend on any axioms
info: RelationalPerimeter/Computation/ConstitutiveSearch/EndogenousDecomposition/ExecutedOperationalReduction.lean:369:0: 'ConstitutiveSearch.EndogenousDecomposition.executedOpening' does not depend on any axioms
info: RelationalPerimeter/Computation/ConstitutiveSearch/EndogenousDecomposition/ExecutedOperationalReduction.lean:370:0: 'ConstitutiveSearch.EndogenousDecomposition.executedEntryFrontier' does not depend on any axioms
info: RelationalPerimeter/Computation/ConstitutiveSearch/EndogenousDecomposition/ExecutedOperationalReduction.lean:371:0: 'ConstitutiveSearch.EndogenousDecomposition.executedOpenedFrontier' does not depend on any axioms
info: RelationalPerimeter/Computation/ConstitutiveSearch/EndogenousDecomposition/ExecutedOperationalReduction.lean:372:0: 'ConstitutiveSearch.EndogenousDecomposition.executedOperationalStatus' does not depend on any axioms
info: RelationalPerimeter/Computation/ConstitutiveSearch/EndogenousDecomposition/ExecutedOperationalReduction.lean:373:0: 'ConstitutiveSearch.EndogenousDecomposition.executedOperationalStatus_exact' does not depend on any axioms
info: RelationalPerimeter/Computation/ConstitutiveSearch/EndogenousDecomposition/ExecutedOperationalReduction.lean:374:0: 'ConstitutiveSearch.EndogenousDecomposition.executedPendingStatus_width' does not depend on any axioms
info: RelationalPerimeter/Computation/ConstitutiveSearch/EndogenousDecomposition/ExecutedOperationalReduction.lean:375:0: 'ConstitutiveSearch.EndogenousDecomposition.executedDiscoveredStatus_width' does not depend on any axioms
info: RelationalPerimeter/Computation/ConstitutiveSearch/EndogenousDecomposition/ExecutedOperationalReduction.lean:376:0: 'ConstitutiveSearch.EndogenousDecomposition.executedDiscovery_reduces_sameOpening_width' does not depend on any axioms
info: RelationalPerimeter/Computation/ConstitutiveSearch/EndogenousDecomposition/ExecutedOperationalReduction.lean:377:0: 'ConstitutiveSearch.EndogenousDecomposition.executedSiblingReduction' does not depend on any axioms
info: RelationalPerimeter/Computation/ConstitutiveSearch/EndogenousDecomposition/ExecutedOperationalReduction.lean:378:0: 'ConstitutiveSearch.EndogenousDecomposition.executedFullPreservation' does not depend on any axioms
info: RelationalPerimeter/Computation/ConstitutiveSearch/EndogenousDecomposition/ExecutedOperationalReduction.lean:379:0: 'ConstitutiveSearch.EndogenousDecomposition.executedOpening_exact' does not depend on any axioms
info: RelationalPerimeter/Computation/ConstitutiveSearch/EndogenousDecomposition/ExecutedOperationalReduction.lean:380:0: 'ConstitutiveSearch.EndogenousDecomposition.executedTransformation_from_discoveryOutcome' does not depend on any axioms
info: RelationalPerimeter/Computation/ConstitutiveSearch/EndogenousDecomposition/ExecutedOperationalReduction.lean:381:0: 'ConstitutiveSearch.EndogenousDecomposition.executedSiblingReduction_retained' does not depend on any axioms
info: RelationalPerimeter/Computation/ConstitutiveSearch/EndogenousDecomposition/ExecutedOperationalReduction.lean:382:0: 'ConstitutiveSearch.EndogenousDecomposition.executedSiblingReduction_width' does not depend on any axioms
info: RelationalPerimeter/Computation/ConstitutiveSearch/EndogenousDecomposition/ExecutedOperationalReduction.lean:383:0: 'ConstitutiveSearch.EndogenousDecomposition.executedSiblingReduction_left_eq_discoveredMap' does not depend on any axioms
info: RelationalPerimeter/Computation/ConstitutiveSearch/EndogenousDecomposition/ExecutedOperationalReduction.lean:384:0: 'ConstitutiveSearch.EndogenousDecomposition.executedSiblingReduction_right_eq_identity' does not depend on any axioms
info: RelationalPerimeter/Computation/ConstitutiveSearch/EndogenousDecomposition/ExecutedOperationalReduction.lean:385:0: 'ConstitutiveSearch.EndogenousDecomposition.executedSiblingReduction_preservesAccept' does not depend on any axioms
info: RelationalPerimeter/Computation/ConstitutiveSearch/EndogenousDecomposition/ExecutedOperationalReduction.lean:386:0: 'ConstitutiveSearch.EndogenousDecomposition.executedFullPreservation_eq_discoveryFullStep' does not depend on any axioms
info: RelationalPerimeter/Computation/ConstitutiveSearch/EndogenousDecomposition/ExecutedOperationalReduction.lean:387:0: 'ConstitutiveSearch.EndogenousDecomposition.stageApplication_eq_returnedRelationMap' does not depend on any axioms
info: RelationalPerimeter/Computation/ConstitutiveSearch/EndogenousDecomposition/ExecutedOperationalReduction.lean:388:0: 'ConstitutiveSearch.EndogenousDecomposition.executedSourceSibling_viable' does not depend on any axioms
info: RelationalPerimeter/Computation/ConstitutiveSearch/EndogenousDecomposition/ExecutedOperationalReduction.lean:389:0: 'ConstitutiveSearch.EndogenousDecomposition.executedTargetSibling_viable' does not depend on any axioms
info: RelationalPerimeter/Computation/ConstitutiveSearch/EndogenousDecomposition/ExecutedOperationalReduction.lean:390:0: 'ConstitutiveSearch.EndogenousDecomposition.executedOutput_eq_nextOperationalAssignment' does not depend on any axioms
info: RelationalPerimeter/Computation/ConstitutiveSearch/EndogenousDecomposition/ExecutedOperationalReduction.lean:391:0: 'ConstitutiveSearch.EndogenousDecomposition.executedSiblingStates_distinct' does not depend on any axioms
ℹ [98/142] Replayed RelationalPerimeter.Computation.ConstitutiveSearch.EndogenousDecomposition.ExecutedOperationalReductionHistory
info: RelationalPerimeter/Computation/ConstitutiveSearch/EndogenousDecomposition/ExecutedOperationalReductionHistory.lean:733:0: 'ConstitutiveSearch.EndogenousDecomposition.ExecutedOperationalReductionEvidence' does not depend on any axioms
info: RelationalPerimeter/Computation/ConstitutiveSearch/EndogenousDecomposition/ExecutedOperationalReductionHistory.lean:734:0: 'ConstitutiveSearch.EndogenousDecomposition.executedOperationalReductionEvidence' does not depend on any axioms
info: RelationalPerimeter/Computation/ConstitutiveSearch/EndogenousDecomposition/ExecutedOperationalReductionHistory.lean:735:0: 'ConstitutiveSearch.EndogenousDecomposition.ExecutedOperationalReductionHistory' does not depend on any axioms
info: RelationalPerimeter/Computation/ConstitutiveSearch/EndogenousDecomposition/ExecutedOperationalReductionHistory.lean:736:0: 'ConstitutiveSearch.EndogenousDecomposition.buildExecutedOperationalReductionHistory' does not depend on any axioms
info: RelationalPerimeter/Computation/ConstitutiveSearch/EndogenousDecomposition/ExecutedOperationalReductionHistory.lean:737:0: 'ConstitutiveSearch.EndogenousDecomposition.executedOperationalReductionHistoryHead' does not depend on any axioms
info: RelationalPerimeter/Computation/ConstitutiveSearch/EndogenousDecomposition/ExecutedOperationalReductionHistory.lean:738:0: 'ConstitutiveSearch.EndogenousDecomposition.executedOperationalReductionHistoryTail' does not depend on any axioms
info: RelationalPerimeter/Computation/ConstitutiveSearch/EndogenousDecomposition/ExecutedOperationalReductionHistory.lean:739:0: 'ConstitutiveSearch.EndogenousDecomposition.operationalStageCount' does not depend on any axioms
info: RelationalPerimeter/Computation/ConstitutiveSearch/EndogenousDecomposition/ExecutedOperationalReductionHistory.lean:740:0: 'ConstitutiveSearch.EndogenousDecomposition.operationalStageCount_eq_historyCount' does not depend on any axioms
info: RelationalPerimeter/Computation/ConstitutiveSearch/EndogenousDecomposition/ExecutedOperationalReductionHistory.lean:741:0: 'ConstitutiveSearch.EndogenousDecomposition.StructuralObligation' does not depend on any axioms
info: RelationalPerimeter/Computation/ConstitutiveSearch/EndogenousDecomposition/ExecutedOperationalReductionHistory.lean:742:0: 'ConstitutiveSearch.EndogenousDecomposition.PendingStagePosition' does not depend on any axioms
info: RelationalPerimeter/Computation/ConstitutiveSearch/EndogenousDecomposition/ExecutedOperationalReductionHistory.lean:743:0: 'ConstitutiveSearch.EndogenousDecomposition.pendingLeftPosition' does not depend on any axioms
info: RelationalPerimeter/Computation/ConstitutiveSearch/EndogenousDecomposition/ExecutedOperationalReductionHistory.lean:744:0: 'ConstitutiveSearch.EndogenousDecomposition.pendingRightPosition' does not depend on any axioms
info: RelationalPerimeter/Computation/ConstitutiveSearch/EndogenousDecomposition/ExecutedOperationalReductionHistory.lean:745:0: 'ConstitutiveSearch.EndogenousDecomposition.PendingOperationalObligation' does not depend on any axioms
info: RelationalPerimeter/Computation/ConstitutiveSearch/EndogenousDecomposition/ExecutedOperationalReductionHistory.lean:746:0: 'ConstitutiveSearch.EndogenousDecomposition.executedRetainedPosition' does not depend on any axioms
info: RelationalPerimeter/Computation/ConstitutiveSearch/EndogenousDecomposition/ExecutedOperationalReductionHistory.lean:747:0: 'ConstitutiveSearch.EndogenousDecomposition.OperationalObligation' does not depend on any axioms
info: RelationalPerimeter/Computation/ConstitutiveSearch/EndogenousDecomposition/ExecutedOperationalReductionHistory.lean:748:0: 'ConstitutiveSearch.EndogenousDecomposition.structuralFrontier' does not depend on any axioms
info: RelationalPerimeter/Computation/ConstitutiveSearch/EndogenousDecomposition/ExecutedOperationalReductionHistory.lean:749:0: 'ConstitutiveSearch.EndogenousDecomposition.pendingFrontier' does not depend on any axioms
info: RelationalPerimeter/Computation/ConstitutiveSearch/EndogenousDecomposition/ExecutedOperationalReductionHistory.lean:750:0: 'ConstitutiveSearch.EndogenousDecomposition.operationalFrontier' does not depend on any axioms
info: RelationalPerimeter/Computation/ConstitutiveSearch/EndogenousDecomposition/ExecutedOperationalReductionHistory.lean:751:0: 'ConstitutiveSearch.EndogenousDecomposition.structuralWidth' does not depend on any axioms
info: RelationalPerimeter/Computation/ConstitutiveSearch/EndogenousDecomposition/ExecutedOperationalReductionHistory.lean:752:0: 'ConstitutiveSearch.EndogenousDecomposition.pendingWidth' does not depend on any axioms
info: RelationalPerimeter/Computation/ConstitutiveSearch/EndogenousDecomposition/ExecutedOperationalReductionHistory.lean:753:0: 'ConstitutiveSearch.EndogenousDecomposition.executedWidth' does not depend on any axioms
info: RelationalPerimeter/Computation/ConstitutiveSearch/EndogenousDecomposition/ExecutedOperationalReductionHistory.lean:754:0: 'ConstitutiveSearch.EndogenousDecomposition.length_map_constructive' does not depend on any axioms
info: RelationalPerimeter/Computation/ConstitutiveSearch/EndogenousDecomposition/ExecutedOperationalReductionHistory.lean:755:0: 'ConstitutiveSearch.EndogenousDecomposition.zero_add_constructive' does not depend on any axioms
info: RelationalPerimeter/Computation/ConstitutiveSearch/EndogenousDecomposition/ExecutedOperationalReductionHistory.lean:756:0: 'ConstitutiveSearch.EndogenousDecomposition.succ_add_constructive' does not depend on any axioms
info: RelationalPerimeter/Computation/ConstitutiveSearch/EndogenousDecomposition/ExecutedOperationalReductionHistory.lean:757:0: 'ConstitutiveSearch.EndogenousDecomposition.length_append_constructive' does not depend on any axioms
info: RelationalPerimeter/Computation/ConstitutiveSearch/EndogenousDecomposition/ExecutedOperationalReductionHistory.lean:758:0: 'ConstitutiveSearch.EndogenousDecomposition.nat_add_congr' does not depend on any axioms
info: RelationalPerimeter/Computation/ConstitutiveSearch/EndogenousDecomposition/ExecutedOperationalReductionHistory.lean:759:0: 'ConstitutiveSearch.EndogenousDecomposition.structuralWidth_eq_two_pow_stageCount' does not depend on any axioms
info: RelationalPerimeter/Computation/ConstitutiveSearch/EndogenousDecomposition/ExecutedOperationalReductionHistory.lean:760:0: 'ConstitutiveSearch.EndogenousDecomposition.pendingWidth_eq_structuralWidth' does not depend on any axioms
info: RelationalPerimeter/Computation/ConstitutiveSearch/EndogenousDecomposition/ExecutedOperationalReductionHistory.lean:761:0: 'ConstitutiveSearch.EndogenousDecomposition.pendingWidth_eq_two_pow_stageCount' does not depend on any axioms
info: RelationalPerimeter/Computation/ConstitutiveSearch/EndogenousDecomposition/ExecutedOperationalReductionHistory.lean:762:0: 'ConstitutiveSearch.EndogenousDecomposition.executedWidth_eq_one' does not depend on any axioms
info: RelationalPerimeter/Computation/ConstitutiveSearch/EndogenousDecomposition/ExecutedOperationalReductionHistory.lean:763:0: 'ConstitutiveSearch.EndogenousDecomposition.mem_map_constructive' does not depend on any axioms
info: RelationalPerimeter/Computation/ConstitutiveSearch/EndogenousDecomposition/ExecutedOperationalReductionHistory.lean:764:0: 'ConstitutiveSearch.EndogenousDecomposition.mem_append_left_constructive' does not depend on any axioms
info: RelationalPerimeter/Computation/ConstitutiveSearch/EndogenousDecomposition/ExecutedOperationalReductionHistory.lean:765:0: 'ConstitutiveSearch.EndogenousDecomposition.mem_append_right_constructive' does not depend on any axioms
info: RelationalPerimeter/Computation/ConstitutiveSearch/EndogenousDecomposition/ExecutedOperationalReductionHistory.lean:766:0: 'ConstitutiveSearch.EndogenousDecomposition.mem_map_preimage_constructive' does not depend on any axioms
info: RelationalPerimeter/Computation/ConstitutiveSearch/EndogenousDecomposition/ExecutedOperationalReductionHistory.lean:767:0: 'ConstitutiveSearch.EndogenousDecomposition.mem_append_cases_constructive' does not depend on any axioms
info: RelationalPerimeter/Computation/ConstitutiveSearch/EndogenousDecomposition/ExecutedOperationalReductionHistory.lean:768:0: 'ConstitutiveSearch.EndogenousDecomposition.nodup_map_constructive' does not depend on any axioms
info: RelationalPerimeter/Computation/ConstitutiveSearch/EndogenousDecomposition/ExecutedOperationalReductionHistory.lean:769:0: 'ConstitutiveSearch.EndogenousDecomposition.nodup_append_constructive' does not depend on any axioms
info: RelationalPerimeter/Computation/ConstitutiveSearch/EndogenousDecomposition/ExecutedOperationalReductionHistory.lean:770:0: 'ConstitutiveSearch.EndogenousDecomposition.structuralFrontier_complete' does not depend on any axioms
info: RelationalPerimeter/Computation/ConstitutiveSearch/EndogenousDecomposition/ExecutedOperationalReductionHistory.lean:771:0: 'ConstitutiveSearch.EndogenousDecomposition.structuralFrontier_nodup' does not depend on any axioms
info: RelationalPerimeter/Computation/ConstitutiveSearch/EndogenousDecomposition/ExecutedOperationalReductionHistory.lean:772:0: 'ConstitutiveSearch.EndogenousDecomposition.pendingPosition_eq_left_or_right' does not depend on any axioms
info: RelationalPerimeter/Computation/ConstitutiveSearch/EndogenousDecomposition/ExecutedOperationalReductionHistory.lean:773:0: 'ConstitutiveSearch.EndogenousDecomposition.pendingPositions_distinct' does not depend on any axioms
info: RelationalPerimeter/Computation/ConstitutiveSearch/EndogenousDecomposition/ExecutedOperationalReductionHistory.lean:774:0: 'ConstitutiveSearch.EndogenousDecomposition.pendingFrontier_complete' does not depend on any axioms
info: RelationalPerimeter/Computation/ConstitutiveSearch/EndogenousDecomposition/ExecutedOperationalReductionHistory.lean:775:0: 'ConstitutiveSearch.EndogenousDecomposition.pendingFrontier_nodup' does not depend on any axioms
info: RelationalPerimeter/Computation/ConstitutiveSearch/EndogenousDecomposition/ExecutedOperationalReductionHistory.lean:776:0: 'ConstitutiveSearch.EndogenousDecomposition.retainedPosition_eq_executedPosition' does not depend on any axioms
info: RelationalPerimeter/Computation/ConstitutiveSearch/EndogenousDecomposition/ExecutedOperationalReductionHistory.lean:777:0: 'ConstitutiveSearch.EndogenousDecomposition.operationalFrontier_complete' does not depend on any axioms
info: RelationalPerimeter/Computation/ConstitutiveSearch/EndogenousDecomposition/ExecutedOperationalReductionHistory.lean:778:0: 'ConstitutiveSearch.EndogenousDecomposition.operationalFrontier_nodup' does not depend on any axioms
info: RelationalPerimeter/Computation/ConstitutiveSearch/EndogenousDecomposition/ExecutedOperationalReductionHistory.lean:779:0: 'ConstitutiveSearch.EndogenousDecomposition.LocalAcceptedPayload' does not depend on any axioms
info: RelationalPerimeter/Computation/ConstitutiveSearch/EndogenousDecomposition/ExecutedOperationalReductionHistory.lean:780:0: 'ConstitutiveSearch.EndogenousDecomposition.RetainedAcceptedPayload' does not depend on any axioms
info: RelationalPerimeter/Computation/ConstitutiveSearch/EndogenousDecomposition/ExecutedOperationalReductionHistory.lean:781:0: 'ConstitutiveSearch.EndogenousDecomposition.normalizeLocalAcceptedPayload' does not depend on any axioms
info: RelationalPerimeter/Computation/ConstitutiveSearch/EndogenousDecomposition/ExecutedOperationalReductionHistory.lean:782:0: 'ConstitutiveSearch.EndogenousDecomposition.normalizeLocalAcceptedPayload_left_exact' does not depend on any axioms
info: RelationalPerimeter/Computation/ConstitutiveSearch/EndogenousDecomposition/ExecutedOperationalReductionHistory.lean:783:0: 'ConstitutiveSearch.EndogenousDecomposition.normalizeLocalAcceptedPayload_right_exact' does not depend on any axioms
info: RelationalPerimeter/Computation/ConstitutiveSearch/EndogenousDecomposition/ExecutedOperationalReductionHistory.lean:784:0: 'ConstitutiveSearch.EndogenousDecomposition.StructuralAcceptedPayload' does not depend on any axioms
info: RelationalPerimeter/Computation/ConstitutiveSearch/EndogenousDecomposition/ExecutedOperationalReductionHistory.lean:785:0: 'ConstitutiveSearch.EndogenousDecomposition.OperationalAcceptedPayload' does not depend on any axioms
info: RelationalPerimeter/Computation/ConstitutiveSearch/EndogenousDecomposition/ExecutedOperationalReductionHistory.lean:786:0: 'ConstitutiveSearch.EndogenousDecomposition.normalizeStructuralAcceptedPayload' does not depend on any axioms
info: RelationalPerimeter/Computation/ConstitutiveSearch/EndogenousDecomposition/ExecutedOperationalReductionHistory.lean:787:0: 'ConstitutiveSearch.EndogenousDecomposition.everyStructuralObligationHasAcceptedPayload' does not depend on any axioms
info: RelationalPerimeter/Computation/ConstitutiveSearch/EndogenousDecomposition/ExecutedOperationalReductionHistory.lean:788:0: 'ConstitutiveSearch.EndogenousDecomposition.executedStageFrontiers' does not depend on any axioms
info: RelationalPerimeter/Computation/ConstitutiveSearch/EndogenousDecomposition/ExecutedOperationalReductionHistory.lean:789:0: 'ConstitutiveSearch.EndogenousDecomposition.executedStageWidthTrace' does not depend on any axioms
info: RelationalPerimeter/Computation/ConstitutiveSearch/EndogenousDecomposition/ExecutedOperationalReductionHistory.lean:790:0: 'ConstitutiveSearch.EndogenousDecomposition.executedStageWidthTrace_from_frontiers' does not depend on any axioms
info: RelationalPerimeter/Computation/ConstitutiveSearch/EndogenousDecomposition/ExecutedOperationalReductionHistory.lean:791:0: 'ConstitutiveSearch.EndogenousDecomposition.executedWidthTrace' does not depend on any axioms
info: RelationalPerimeter/Computation/ConstitutiveSearch/EndogenousDecomposition/ExecutedOperationalReductionHistory.lean:792:0: 'ConstitutiveSearch.EndogenousDecomposition.WidthTraceAtMost' does not depend on any axioms
info: RelationalPerimeter/Computation/ConstitutiveSearch/EndogenousDecomposition/ExecutedOperationalReductionHistory.lean:793:0: 'ConstitutiveSearch.EndogenousDecomposition.executedStageWidthTrace_exact' does not depend on any axioms
info: RelationalPerimeter/Computation/ConstitutiveSearch/EndogenousDecomposition/ExecutedOperationalReductionHistory.lean:794:0: 'ConstitutiveSearch.EndogenousDecomposition.executedWidthTrace_le_two' does not depend on any axioms
info: RelationalPerimeter/Computation/ConstitutiveSearch/EndogenousDecomposition/ExecutedOperationalReductionHistory.lean:795:0: 'ConstitutiveSearch.EndogenousDecomposition.executedWidthTrace_attains_two_of_step' does not depend on any axioms
ℹ [99/142] Replayed RelationalPerimeter.Computation.ConstitutiveSearch.EndogenousDecomposition.ExtensionalOperationalStability
info: RelationalPerimeter/Computation/ConstitutiveSearch/EndogenousDecomposition/ExtensionalOperationalStability.lean:512:0: 'ConstitutiveSearch.EndogenousDecomposition.ExtensionalOperationalStabilityView' does not depend on any axioms
info: RelationalPerimeter/Computation/ConstitutiveSearch/EndogenousDecomposition/ExtensionalOperationalStability.lean:513:0: 'ConstitutiveSearch.EndogenousDecomposition.singleStageWidthReadoutBound' does not depend on any axioms
info: RelationalPerimeter/Computation/ConstitutiveSearch/EndogenousDecomposition/ExtensionalOperationalStability.lean:514:0: 'ConstitutiveSearch.EndogenousDecomposition.executedStageWidthReadoutBound' does not depend on any axioms
info: RelationalPerimeter/Computation/ConstitutiveSearch/EndogenousDecomposition/ExtensionalOperationalStability.lean:515:0: 'ConstitutiveSearch.EndogenousDecomposition.executedStepToExtensionalView' does not depend on any axioms
info: RelationalPerimeter/Computation/ConstitutiveSearch/EndogenousDecomposition/ExtensionalOperationalStability.lean:516:0: 'ConstitutiveSearch.EndogenousDecomposition.extensionalView_observedOutput_exact' does not depend on any axioms
info: RelationalPerimeter/Computation/ConstitutiveSearch/EndogenousDecomposition/ExtensionalOperationalStability.lean:517:0: 'ConstitutiveSearch.EndogenousDecomposition.extensionalView_widthTrace_exact' does not depend on any axioms
info: RelationalPerimeter/Computation/ConstitutiveSearch/EndogenousDecomposition/ExtensionalOperationalStability.lean:518:0: 'ConstitutiveSearch.EndogenousDecomposition.transportToExtensionalStabilityView' does not depend on any axioms
info: RelationalPerimeter/Computation/ConstitutiveSearch/EndogenousDecomposition/ExtensionalOperationalStability.lean:519:0: 'ConstitutiveSearch.EndogenousDecomposition.ExecutedExtensionalSeparator.discoveredTransport' does not depend on any axioms
info: RelationalPerimeter/Computation/ConstitutiveSearch/EndogenousDecomposition/ExtensionalOperationalStability.lean:520:0: 'ConstitutiveSearch.EndogenousDecomposition.ExecutedExtensionalSeparator.observedConstantTransport' does not depend on any axioms
info: RelationalPerimeter/Computation/ConstitutiveSearch/EndogenousDecomposition/ExtensionalOperationalStability.lean:521:0: 'ConstitutiveSearch.EndogenousDecomposition.ExecutedExtensionalSeparator.executedTransportProjection' does not depend on any axioms
info: RelationalPerimeter/Computation/ConstitutiveSearch/EndogenousDecomposition/ExtensionalOperationalStability.lean:522:0: 'ConstitutiveSearch.EndogenousDecomposition.ExecutedExtensionalSeparator.executedTransportAction' does not depend on any axioms
info: RelationalPerimeter/Computation/ConstitutiveSearch/EndogenousDecomposition/ExtensionalOperationalStability.lean:523:0: 'ConstitutiveSearch.EndogenousDecomposition.ExecutedExtensionalSeparator.alternateContinuation' does not depend on any axioms
info: RelationalPerimeter/Computation/ConstitutiveSearch/EndogenousDecomposition/ExtensionalOperationalStability.lean:524:0: 'ConstitutiveSearch.EndogenousDecomposition.ExecutedExtensionalSeparator.same_observed_output' does not depend on any axioms
info: RelationalPerimeter/Computation/ConstitutiveSearch/EndogenousDecomposition/ExtensionalOperationalStability.lean:525:0: 'ConstitutiveSearch.EndogenousDecomposition.ExecutedExtensionalSeparator.different_total_action' does not depend on any axioms
info: RelationalPerimeter/Computation/ConstitutiveSearch/EndogenousDecomposition/ExtensionalOperationalStability.lean:526:0: 'ConstitutiveSearch.EndogenousDecomposition.ExecutedExtensionalSeparator.authoritative_instruction_same_extensional_view' does not depend on any axioms
info: RelationalPerimeter/Computation/ConstitutiveSearch/EndogenousDecomposition/ExtensionalOperationalStability.lean:527:0: 'ConstitutiveSearch.EndogenousDecomposition.ExecutedExtensionalSeparator.authoritative_instruction_different_total_action' does not depend on any axioms
info: RelationalPerimeter/Computation/ConstitutiveSearch/EndogenousDecomposition/ExtensionalOperationalStability.lean:528:0: 'ConstitutiveSearch.EndogenousDecomposition.ExecutedExtensionalSeparator.same_extensional_view' does not depend on any axioms
info: RelationalPerimeter/Computation/ConstitutiveSearch/EndogenousDecomposition/ExtensionalOperationalStability.lean:529:0: 'ConstitutiveSearch.EndogenousDecomposition.ExecutedExtensionalSeparator.executed_view_is_projection_of_discovered' does not depend on any axioms
info: RelationalPerimeter/Computation/ConstitutiveSearch/EndogenousDecomposition/ExtensionalOperationalStability.lean:530:0: 'ConstitutiveSearch.EndogenousDecomposition.ExecutedExtensionalSeparator.executed_view_is_projection_of_authoritative_instruction' does not depend on any axioms
info: RelationalPerimeter/Computation/ConstitutiveSearch/EndogenousDecomposition/ExtensionalOperationalStability.lean:531:0: 'ConstitutiveSearch.EndogenousDecomposition.ExecutedExtensionalSeparator.comparison_matches_executed_observation' does not depend on any axioms
info: RelationalPerimeter/Computation/ConstitutiveSearch/EndogenousDecomposition/ExtensionalOperationalStability.lean:532:0: 'ConstitutiveSearch.EndogenousDecomposition.ExecutedExtensionalSeparator.actionProjectionCollision' does not depend on any axioms
info: RelationalPerimeter/Computation/ConstitutiveSearch/EndogenousDecomposition/ExtensionalOperationalStability.lean:533:0: 'ConstitutiveSearch.EndogenousDecomposition.ExecutedExtensionalSeparator.authoritativeInstructionActionProjectionCollision' does not depend on any axioms
info: RelationalPerimeter/Computation/ConstitutiveSearch/EndogenousDecomposition/ExtensionalOperationalStability.lean:534:0: 'ConstitutiveSearch.EndogenousDecomposition.ExecutedExtensionalSeparator.authoritative_instruction_projection_collision' does not depend on any axioms
info: RelationalPerimeter/Computation/ConstitutiveSearch/EndogenousDecomposition/ExtensionalOperationalStability.lean:535:0: 'ConstitutiveSearch.EndogenousDecomposition.ExecutedExtensionalSeparator.authoritative_instruction_action_not_factors_on_executed_system' does not depend on any axioms
info: RelationalPerimeter/Computation/ConstitutiveSearch/EndogenousDecomposition/ExtensionalOperationalStability.lean:536:0: 'ConstitutiveSearch.EndogenousDecomposition.ExecutedExtensionalSeparator.operational_action_not_factors_on_executed_system' does not depend on any axioms
info: RelationalPerimeter/Computation/ConstitutiveSearch/EndogenousDecomposition/ExtensionalOperationalStability.lean:537:0: 'ConstitutiveSearch.EndogenousDecomposition.ExtensionalSeparator.system' does not depend on any axioms
info: RelationalPerimeter/Computation/ConstitutiveSearch/EndogenousDecomposition/ExtensionalOperationalStability.lean:538:0: 'ConstitutiveSearch.EndogenousDecomposition.ExtensionalSeparator.preservingTransport' does not depend on any axioms
info: RelationalPerimeter/Computation/ConstitutiveSearch/EndogenousDecomposition/ExtensionalOperationalStability.lean:539:0: 'ConstitutiveSearch.EndogenousDecomposition.ExtensionalSeparator.collapsingTransport' does not depend on any axioms
info: RelationalPerimeter/Computation/ConstitutiveSearch/EndogenousDecomposition/ExtensionalOperationalStability.lean:540:0: 'ConstitutiveSearch.EndogenousDecomposition.ExtensionalSeparator.projection' does not depend on any axioms
info: RelationalPerimeter/Computation/ConstitutiveSearch/EndogenousDecomposition/ExtensionalOperationalStability.lean:541:0: 'ConstitutiveSearch.EndogenousDecomposition.ExtensionalSeparator.action' does not depend on any axioms
info: RelationalPerimeter/Computation/ConstitutiveSearch/EndogenousDecomposition/ExtensionalOperationalStability.lean:542:0: 'ConstitutiveSearch.EndogenousDecomposition.ExtensionalSeparator.preservingView' does not depend on any axioms
info: RelationalPerimeter/Computation/ConstitutiveSearch/EndogenousDecomposition/ExtensionalOperationalStability.lean:543:0: 'ConstitutiveSearch.EndogenousDecomposition.ExtensionalSeparator.collapsingView' does not depend on any axioms
info: RelationalPerimeter/Computation/ConstitutiveSearch/EndogenousDecomposition/ExtensionalOperationalStability.lean:544:0: 'ConstitutiveSearch.EndogenousDecomposition.ExtensionalSeparator.commonView' does not depend on any axioms
info: RelationalPerimeter/Computation/ConstitutiveSearch/EndogenousDecomposition/ExtensionalOperationalStability.lean:545:0: 'ConstitutiveSearch.EndogenousDecomposition.ExtensionalSeparator.same_executed_output' does not depend on any axioms
info: RelationalPerimeter/Computation/ConstitutiveSearch/EndogenousDecomposition/ExtensionalOperationalStability.lean:546:0: 'ConstitutiveSearch.EndogenousDecomposition.ExtensionalSeparator.same_extensional_stability_view' does not depend on any axioms
info: RelationalPerimeter/Computation/ConstitutiveSearch/EndogenousDecomposition/ExtensionalOperationalStability.lean:547:0: 'ConstitutiveSearch.EndogenousDecomposition.ExtensionalSeparator.different_arbitrary_continuation_action' does not depend on any axioms
info: RelationalPerimeter/Computation/ConstitutiveSearch/EndogenousDecomposition/ExtensionalOperationalStability.lean:548:0: 'ConstitutiveSearch.EndogenousDecomposition.ExtensionalSeparator.actionProjectionCollision' does not depend on any axioms
info: RelationalPerimeter/Computation/ConstitutiveSearch/EndogenousDecomposition/ExtensionalOperationalStability.lean:549:0: 'ConstitutiveSearch.EndogenousDecomposition.ExtensionalSeparator.operational_action_not_factors_through_extensional_view' does not depend on any axioms
ℹ [100/142] Replayed RelationalPerimeter.Computation.ConstitutiveSearch.EndogenousDecomposition.EndogenousOperationalStability
info: RelationalPerimeter/Computation/ConstitutiveSearch/EndogenousDecomposition/EndogenousOperationalStability.lean:488:0: 'ConstitutiveSearch.EndogenousDecomposition.AllMeasuredCandidatesFail' does not depend on any axioms
info: RelationalPerimeter/Computation/ConstitutiveSearch/EndogenousDecomposition/EndogenousOperationalStability.lean:489:0: 'ConstitutiveSearch.EndogenousDecomposition.ExecutedSuccessfulSearch' does not depend on any axioms
info: RelationalPerimeter/Computation/ConstitutiveSearch/EndogenousDecomposition/EndogenousOperationalStability.lean:490:0: 'ConstitutiveSearch.EndogenousDecomposition.ExecutedSuccessfulSearch.failedCandidates' does not depend on any axioms
info: RelationalPerimeter/Computation/ConstitutiveSearch/EndogenousDecomposition/EndogenousOperationalStability.lean:491:0: 'ConstitutiveSearch.EndogenousDecomposition.ExecutedSuccessfulSearch.selectedCandidate' does not depend on any axioms
info: RelationalPerimeter/Computation/ConstitutiveSearch/EndogenousDecomposition/EndogenousOperationalStability.lean:492:0: 'ConstitutiveSearch.EndogenousDecomposition.ExecutedSuccessfulSearch.failuresAreMeasured' does not depend on any axioms
info: RelationalPerimeter/Computation/ConstitutiveSearch/EndogenousDecomposition/EndogenousOperationalStability.lean:493:0: 'ConstitutiveSearch.EndogenousDecomposition.ExecutedSuccessfulSearch.selectedSucceeds' does not depend on any axioms
info: RelationalPerimeter/Computation/ConstitutiveSearch/EndogenousDecomposition/EndogenousOperationalStability.lean:494:0: 'ConstitutiveSearch.EndogenousDecomposition.ExecutedSuccessfulSearch.candidates_prefix_exact' does not depend on any axioms
info: RelationalPerimeter/Computation/ConstitutiveSearch/EndogenousDecomposition/EndogenousOperationalStability.lean:495:0: 'ConstitutiveSearch.EndogenousDecomposition.ExecutedSuccessfulSearch.build' does not depend on any axioms
info: RelationalPerimeter/Computation/ConstitutiveSearch/EndogenousDecomposition/EndogenousOperationalStability.lean:496:0: 'ConstitutiveSearch.EndogenousDecomposition.ExecutedSuccessfulSearch.attempts_exact' does not depend on any axioms
info: RelationalPerimeter/Computation/ConstitutiveSearch/EndogenousDecomposition/EndogenousOperationalStability.lean:497:0: 'ConstitutiveSearch.EndogenousDecomposition.ExecutedSuccessfulSearch.testedCandidates_exact' does not depend on any axioms
info: RelationalPerimeter/Computation/ConstitutiveSearch/EndogenousDecomposition/EndogenousOperationalStability.lean:498:0: 'ConstitutiveSearch.EndogenousDecomposition.ExecutedDiscoveryWorkEvidence' does not depend on any axioms
info: RelationalPerimeter/Computation/ConstitutiveSearch/EndogenousDecomposition/EndogenousOperationalStability.lean:499:0: 'ConstitutiveSearch.EndogenousDecomposition.executedDiscoveryWorkEvidence' does not depend on any axioms
info: RelationalPerimeter/Computation/ConstitutiveSearch/EndogenousDecomposition/EndogenousOperationalStability.lean:500:0: 'ConstitutiveSearch.EndogenousDecomposition.executed_failed_candidate_rate' does not depend on any axioms
info: RelationalPerimeter/Computation/ConstitutiveSearch/EndogenousDecomposition/EndogenousOperationalStability.lean:501:0: 'ConstitutiveSearch.EndogenousDecomposition.initialExecutedDiscovery_attempts_exact' does not depend on any axioms
info: RelationalPerimeter/Computation/ConstitutiveSearch/EndogenousDecomposition/EndogenousOperationalStability.lean:502:0: 'ConstitutiveSearch.EndogenousDecomposition.initialExecutedDiscovery_failed_candidate_rate' does not depend on any axioms
info: RelationalPerimeter/Computation/ConstitutiveSearch/EndogenousDecomposition/EndogenousOperationalStability.lean:503:0: 'ConstitutiveSearch.EndogenousDecomposition.ExecutedDiscoveryWorkHistory' does not depend on any axioms
info: RelationalPerimeter/Computation/ConstitutiveSearch/EndogenousDecomposition/EndogenousOperationalStability.lean:504:0: 'ConstitutiveSearch.EndogenousDecomposition.buildExecutedDiscoveryWorkHistory' does not depend on any axioms
info: RelationalPerimeter/Computation/ConstitutiveSearch/EndogenousDecomposition/EndogenousOperationalStability.lean:505:0: 'ConstitutiveSearch.EndogenousDecomposition.executedDiscoveryWorkHistoryHead' does not depend on any axioms
info: RelationalPerimeter/Computation/ConstitutiveSearch/EndogenousDecomposition/EndogenousOperationalStability.lean:506:0: 'ConstitutiveSearch.EndogenousDecomposition.executedDiscoveryWorkHistoryTail' does not depend on any axioms
info: RelationalPerimeter/Computation/ConstitutiveSearch/EndogenousDecomposition/EndogenousOperationalStability.lean:507:0: 'ConstitutiveSearch.EndogenousDecomposition.ExtensionalOperationalStabilityHistory' does not depend on any axioms
info: RelationalPerimeter/Computation/ConstitutiveSearch/EndogenousDecomposition/EndogenousOperationalStability.lean:508:0: 'ConstitutiveSearch.EndogenousDecomposition.buildExtensionalOperationalStabilityHistory' does not depend on any axioms
info: RelationalPerimeter/Computation/ConstitutiveSearch/EndogenousDecomposition/EndogenousOperationalStability.lean:509:0: 'ConstitutiveSearch.EndogenousDecomposition.extensionalOperationalStabilityHistoryHead' does not depend on any axioms
info: RelationalPerimeter/Computation/ConstitutiveSearch/EndogenousDecomposition/EndogenousOperationalStability.lean:510:0: 'ConstitutiveSearch.EndogenousDecomposition.extensionalOperationalStabilityHistoryTail' does not depend on any axioms
info: RelationalPerimeter/Computation/ConstitutiveSearch/EndogenousDecomposition/EndogenousOperationalStability.lean:511:0: 'ConstitutiveSearch.EndogenousDecomposition.EndogenousOperationalStabilityEvidence' does not depend on any axioms
info: RelationalPerimeter/Computation/ConstitutiveSearch/EndogenousDecomposition/EndogenousOperationalStability.lean:512:0: 'ConstitutiveSearch.EndogenousDecomposition.endogenousOperationalStabilityEvidence' does not depend on any axioms
info: RelationalPerimeter/Computation/ConstitutiveSearch/EndogenousDecomposition/EndogenousOperationalStability.lean:513:0: 'ConstitutiveSearch.EndogenousDecomposition.publicEndogenousOperationalStability' does not depend on any axioms
info: RelationalPerimeter/Computation/ConstitutiveSearch/EndogenousDecomposition/EndogenousOperationalStability.lean:514:0: 'ConstitutiveSearch.EndogenousDecomposition.executedWidth_lt_pendingWidth_of_positiveStageCount' does not depend on any axioms
info: RelationalPerimeter/Computation/ConstitutiveSearch/EndogenousDecomposition/EndogenousOperationalStability.lean:515:0: 'ConstitutiveSearch.EndogenousDecomposition.wrongSingleton' does not depend on any axioms
info: RelationalPerimeter/Computation/ConstitutiveSearch/EndogenousDecomposition/EndogenousOperationalStability.lean:516:0: 'ConstitutiveSearch.EndogenousDecomposition.wrongSingleton_width' does not depend on any axioms
info: RelationalPerimeter/Computation/ConstitutiveSearch/EndogenousDecomposition/EndogenousOperationalStability.lean:517:0: 'ConstitutiveSearch.EndogenousDecomposition.wrongSingleton_ne_executedRetained' does not depend on any axioms
ℹ [101/142] Replayed RelationalPerimeter.Computation.ConstitutiveSearch.EndogenousDecomposition.CausalFoundationBridge
info: RelationalPerimeter/Computation/ConstitutiveSearch/EndogenousDecomposition/CausalFoundationBridge.lean:60:0: 'ConstitutiveSearch.EndogenousDecomposition.CausalConstitutiveState' does not depend on any axioms
info: RelationalPerimeter/Computation/ConstitutiveSearch/EndogenousDecomposition/CausalFoundationBridge.lean:61:0: 'ConstitutiveSearch.EndogenousDecomposition.causalOpeningLeft' does not depend on any axioms
info: RelationalPerimeter/Computation/ConstitutiveSearch/EndogenousDecomposition/CausalFoundationBridge.lean:62:0: 'ConstitutiveSearch.EndogenousDecomposition.causalOpeningRight' does not depend on any axioms
ℹ [102/142] Replayed RelationalPerimeter.Computation.ConstitutiveSearch.EndogenousDecomposition.CausalConstitutiveExecution
info: RelationalPerimeter/Computation/ConstitutiveSearch/EndogenousDecomposition/CausalConstitutiveExecution.lean:110:0: 'ConstitutiveSearch.EndogenousDecomposition.CausalConstitutiveStageExecution' does not depend on any axioms
info: RelationalPerimeter/Computation/ConstitutiveSearch/EndogenousDecomposition/CausalConstitutiveExecution.lean:111:0: 'ConstitutiveSearch.EndogenousDecomposition.CausalConstitutiveStageExecution.outputAccepted_from_relation' does not depend on any axioms
info: RelationalPerimeter/Computation/ConstitutiveSearch/EndogenousDecomposition/CausalConstitutiveExecution.lean:112:0: 'ConstitutiveSearch.EndogenousDecomposition.CausalConstitutiveExecutionHistory' does not depend on any axioms
info: RelationalPerimeter/Computation/ConstitutiveSearch/EndogenousDecomposition/CausalConstitutiveExecution.lean:113:0: 'ConstitutiveSearch.EndogenousDecomposition.CausalConstitutiveExecutionHistory.stageCount' does not depend on any axioms
info: RelationalPerimeter/Computation/ConstitutiveSearch/EndogenousDecomposition/CausalConstitutiveExecution.lean:114:0: 'ConstitutiveSearch.EndogenousDecomposition.CausalConstitutiveExecutionHistory.stageCount_exact' does not depend on any axioms
ℹ [103/142] Replayed RelationalPerimeter.Computation.ConstitutiveSearch.EndogenousDecomposition.InstrumentedExecutionRealization
info: RelationalPerimeter/Computation/ConstitutiveSearch/EndogenousDecomposition/InstrumentedExecutionRealization.lean:138:0: 'ConstitutiveSearch.EndogenousDecomposition.causalStateOfThreadedState' does not depend on any axioms
info: RelationalPerimeter/Computation/ConstitutiveSearch/EndogenousDecomposition/InstrumentedExecutionRealization.lean:139:0: 'ConstitutiveSearch.EndogenousDecomposition.threadedGenerationToProjectedNext' does not depend on any axioms
info: RelationalPerimeter/Computation/ConstitutiveSearch/EndogenousDecomposition/InstrumentedExecutionRealization.lean:140:0: 'ConstitutiveSearch.EndogenousDecomposition.causalStageOfThreadedStage' does not depend on any axioms
info: RelationalPerimeter/Computation/ConstitutiveSearch/EndogenousDecomposition/InstrumentedExecutionRealization.lean:141:0: 'ConstitutiveSearch.EndogenousDecomposition.causalHistoryOfInstrumentedHistory' does not depend on any axioms
info: RelationalPerimeter/Computation/ConstitutiveSearch/EndogenousDecomposition/InstrumentedExecutionRealization.lean:142:0: 'ConstitutiveSearch.EndogenousDecomposition.InstrumentedExecutionRealization' does not depend on any axioms
info: RelationalPerimeter/Computation/ConstitutiveSearch/EndogenousDecomposition/InstrumentedExecutionRealization.lean:143:0: 'ConstitutiveSearch.EndogenousDecomposition.realizeInstrumentedExecution' does not depend on any axioms
info: RelationalPerimeter/Computation/ConstitutiveSearch/EndogenousDecomposition/InstrumentedExecutionRealization.lean:144:0: 'ConstitutiveSearch.EndogenousDecomposition.publicInstrumentedExecutionRealization' does not depend on any axioms
ℹ [104/142] Replayed RelationalPerimeter.Computation.ConstitutiveSearch.EndogenousDecomposition.RelationalConstitutiveRoles
info: RelationalPerimeter/Computation/ConstitutiveSearch/EndogenousDecomposition/RelationalConstitutiveRoles.lean:206:0: 'ConstitutiveSearch.EndogenousDecomposition.RoleSourceAgreement' does not depend on any axioms
info: RelationalPerimeter/Computation/ConstitutiveSearch/EndogenousDecomposition/RelationalConstitutiveRoles.lean:207:0: 'ConstitutiveSearch.EndogenousDecomposition.RoleTargetAgreement' does not depend on any axioms
info: RelationalPerimeter/Computation/ConstitutiveSearch/EndogenousDecomposition/RelationalConstitutiveRoles.lean:208:0: 'ConstitutiveSearch.EndogenousDecomposition.RoleProvenanceAgreement' does not depend on any axioms
info: RelationalPerimeter/Computation/ConstitutiveSearch/EndogenousDecomposition/RelationalConstitutiveRoles.lean:209:0: 'ConstitutiveSearch.EndogenousDecomposition.RelationalConstitutiveRoleStage.searchStateExact' does not depend on any axioms
info: RelationalPerimeter/Computation/ConstitutiveSearch/EndogenousDecomposition/RelationalConstitutiveRoles.lean:210:0: 'ConstitutiveSearch.EndogenousDecomposition.RelationalConstitutiveRoleStage.nextStateExact' does not depend on any axioms
info: RelationalPerimeter/Computation/ConstitutiveSearch/EndogenousDecomposition/RelationalConstitutiveRoles.lean:211:0: 'ConstitutiveSearch.EndogenousDecomposition.RelationalConstitutiveRoleStage.provenanceExact' does not depend on any axioms
info: RelationalPerimeter/Computation/ConstitutiveSearch/EndogenousDecomposition/RelationalConstitutiveRoles.lean:212:0: 'ConstitutiveSearch.EndogenousDecomposition.RelationalConstitutiveRoleStage' does not depend on any axioms
info: RelationalPerimeter/Computation/ConstitutiveSearch/EndogenousDecomposition/RelationalConstitutiveRoles.lean:213:0: 'ConstitutiveSearch.EndogenousDecomposition.relationalConstitutiveRoleStage' does not depend on any axioms
info: RelationalPerimeter/Computation/ConstitutiveSearch/EndogenousDecomposition/RelationalConstitutiveRoles.lean:214:0: 'ConstitutiveSearch.EndogenousDecomposition.RelationalRoleConstitutionExact' does not depend on any axioms
info: RelationalPerimeter/Computation/ConstitutiveSearch/EndogenousDecomposition/RelationalConstitutiveRoles.lean:215:0: 'ConstitutiveSearch.EndogenousDecomposition.relationalConstitutiveRoleStage_exact' does not depend on any axioms
info: RelationalPerimeter/Computation/ConstitutiveSearch/EndogenousDecomposition/RelationalConstitutiveRoles.lean:216:0: 'ConstitutiveSearch.EndogenousDecomposition.RelationalConstitutiveRoleHistory' does not depend on any axioms
info: RelationalPerimeter/Computation/ConstitutiveSearch/EndogenousDecomposition/RelationalConstitutiveRoles.lean:217:0: 'ConstitutiveSearch.EndogenousDecomposition.buildRelationalConstitutiveRoleHistory' does not depend on any axioms
info: RelationalPerimeter/Computation/ConstitutiveSearch/EndogenousDecomposition/RelationalConstitutiveRoles.lean:218:0: 'ConstitutiveSearch.EndogenousDecomposition.RelationalRoleHistoryConstitutionExact' does not depend on any axioms
info: RelationalPerimeter/Computation/ConstitutiveSearch/EndogenousDecomposition/RelationalConstitutiveRoles.lean:219:0: 'ConstitutiveSearch.EndogenousDecomposition.buildRelationalConstitutiveRoleHistory_exact' does not depend on any axioms
ℹ [105/142] Replayed RelationalPerimeter.Computation.ConstitutiveSearch.RelationalProfileConstitution
info: RelationalPerimeter/Computation/ConstitutiveSearch/RelationalProfileConstitution.lean:627:0: 'ConstitutiveSearch.RelationalExtensive.RelationalOpeningStage.formationAt' does not depend on any axioms
info: RelationalPerimeter/Computation/ConstitutiveSearch/RelationalProfileConstitution.lean:628:0: 'ConstitutiveSearch.RelationalExtensive.RelationalOpeningStage.provenanceAt' does not depend on any axioms
info: RelationalPerimeter/Computation/ConstitutiveSearch/RelationalProfileConstitution.lean:629:0: 'ConstitutiveSearch.RelationalExtensive.constituteRealizedOccurrence' does not depend on any axioms
info: RelationalPerimeter/Computation/ConstitutiveSearch/RelationalProfileConstitution.lean:630:0: 'ConstitutiveSearch.RelationalExtensive.RelationallyConstitutedOccurrence.reconstitute' does not depend on any axioms
info: RelationalPerimeter/Computation/ConstitutiveSearch/RelationalProfileConstitution.lean:631:0: 'ConstitutiveSearch.RelationalExtensive.relationallyConstitutedOccurrence_position' does not depend on any axioms
info: RelationalPerimeter/Computation/ConstitutiveSearch/RelationalProfileConstitution.lean:632:0: 'ConstitutiveSearch.RelationalExtensive.relationallyConstitutedOccurrence_roundTrip' does not depend on any axioms
info: RelationalPerimeter/Computation/ConstitutiveSearch/RelationalProfileConstitution.lean:633:0: 'ConstitutiveSearch.RelationalExtensive.RelationalOpeningStage.constitutedOccurrenceTransport' does not depend on any axioms
info: RelationalPerimeter/Computation/ConstitutiveSearch/RelationalProfileConstitution.lean:634:0: 'ConstitutiveSearch.RelationalExtensive.RelationalOpeningStage' does not depend on any axioms
info: RelationalPerimeter/Computation/ConstitutiveSearch/RelationalProfileConstitution.lean:635:0: 'ConstitutiveSearch.RelationalExtensive.RelationalOpeningStage.positionOccurrenceTransport' does not depend on any axioms
info: RelationalPerimeter/Computation/ConstitutiveSearch/RelationalProfileConstitution.lean:636:0: 'ConstitutiveSearch.RelationalExtensive.DependentRelationalRoleHistory' does not depend on any axioms
info: RelationalPerimeter/Computation/ConstitutiveSearch/RelationalProfileConstitution.lean:637:0: 'ConstitutiveSearch.RelationalExtensive.RelationalOccurrenceProfile' does not depend on any axioms
info: RelationalPerimeter/Computation/ConstitutiveSearch/RelationalProfileConstitution.lean:638:0: 'ConstitutiveSearch.RelationalExtensive.RelationalPositionProfile' does not depend on any axioms
info: RelationalPerimeter/Computation/ConstitutiveSearch/RelationalProfileConstitution.lean:639:0: 'ConstitutiveSearch.RelationalExtensive.relationalPositionToOccurrenceProfile' does not depend on any axioms
info: RelationalPerimeter/Computation/ConstitutiveSearch/RelationalProfileConstitution.lean:640:0: 'ConstitutiveSearch.RelationalExtensive.relationalOccurrenceToPositionProfile' does not depend on any axioms
info: RelationalPerimeter/Computation/ConstitutiveSearch/RelationalProfileConstitution.lean:641:0: 'ConstitutiveSearch.RelationalExtensive.relationalPositionProfile_roundTrip' does not depend on any axioms
info: RelationalPerimeter/Computation/ConstitutiveSearch/RelationalProfileConstitution.lean:642:0: 'ConstitutiveSearch.RelationalExtensive.relationalOccurrenceProfile_roundTrip' does not depend on any axioms
info: RelationalPerimeter/Computation/ConstitutiveSearch/RelationalProfileConstitution.lean:643:0: 'ConstitutiveSearch.RelationalExtensive.relationalProfileTransport' does not depend on any axioms
info: RelationalPerimeter/Computation/ConstitutiveSearch/RelationalProfileConstitution.lean:644:0: 'ConstitutiveSearch.RelationalExtensive.RelationallyConstitutedOccurrence' does not depend on any axioms
info: RelationalPerimeter/Computation/ConstitutiveSearch/RelationalProfileConstitution.lean:645:0: 'ConstitutiveSearch.RelationalExtensive.RelationallyConstitutedOccurrence.position' does not depend on any axioms
info: RelationalPerimeter/Computation/ConstitutiveSearch/RelationalProfileConstitution.lean:646:0: 'ConstitutiveSearch.RelationalExtensive.RelationallyConstitutedOccurrence.realized' does not depend on any axioms
info: RelationalPerimeter/Computation/ConstitutiveSearch/RelationalProfileConstitution.lean:647:0: 'ConstitutiveSearch.RelationalExtensive.relationallyConstitutedOccurrence' does not depend on any axioms
info: RelationalPerimeter/Computation/ConstitutiveSearch/RelationalProfileConstitution.lean:648:0: 'ConstitutiveSearch.RelationalExtensive.RelationalOpeningStage.formationWitness' does not depend on any axioms
info: RelationalPerimeter/Computation/ConstitutiveSearch/RelationalProfileConstitution.lean:649:0: 'ConstitutiveSearch.RelationalExtensive.RelationalOpeningStage.provenanceWitness' does not depend on any axioms
info: RelationalPerimeter/Computation/ConstitutiveSearch/RelationalProfileConstitution.lean:650:0: 'ConstitutiveSearch.RelationalExtensive.relationallyConstitutedOccurrenceDecEq' does not depend on any axioms
info: RelationalPerimeter/Computation/ConstitutiveSearch/RelationalProfileConstitution.lean:651:0: 'ConstitutiveSearch.RelationalExtensive.relationallyConstitutedOccurrenceFrontier' does not depend on any axioms
info: RelationalPerimeter/Computation/ConstitutiveSearch/RelationalProfileConstitution.lean:652:0: 'ConstitutiveSearch.RelationalExtensive.relationalProfileFrontier' does not depend on any axioms
info: RelationalPerimeter/Computation/ConstitutiveSearch/RelationalProfileConstitution.lean:653:0: 'ConstitutiveSearch.RelationalExtensive.relationalProfileFrontier_complete' does not depend on any axioms
info: RelationalPerimeter/Computation/ConstitutiveSearch/RelationalProfileConstitution.lean:654:0: 'ConstitutiveSearch.RelationalExtensive.relationalOccurrenceProfileDecEq' does not depend on any axioms
info: RelationalPerimeter/Computation/ConstitutiveSearch/RelationalProfileConstitution.lean:655:0: 'ConstitutiveSearch.RelationalExtensive.relationalProfileFrontier_nodup' does not depend on any axioms
info: RelationalPerimeter/Computation/ConstitutiveSearch/RelationalProfileConstitution.lean:656:0: 'ConstitutiveSearch.RelationalExtensive.relationalProfileWidth_eq_arityProduct' does not depend on any axioms
info: RelationalPerimeter/Computation/ConstitutiveSearch/RelationalProfileConstitution.lean:657:0: 'ConstitutiveSearch.RelationalExtensive.UniformLocalArity' does not depend on any axioms
info: RelationalPerimeter/Computation/ConstitutiveSearch/RelationalProfileConstitution.lean:658:0: 'ConstitutiveSearch.RelationalExtensive.AtLeastBinaryLocalArity' does not depend on any axioms
info: RelationalPerimeter/Computation/ConstitutiveSearch/RelationalProfileConstitution.lean:659:0: 'ConstitutiveSearch.RelationalExtensive.uniformLocalArity_width' does not depend on any axioms
info: RelationalPerimeter/Computation/ConstitutiveSearch/RelationalProfileConstitution.lean:660:0: 'ConstitutiveSearch.RelationalExtensive.atLeastBinaryLocalArity_width_lowerBound' does not depend on any axioms
ℹ [106/142] Replayed RelationalPerimeter.Computation.ConstitutiveSearch.EndogenousDecomposition.RoleIndexedProfiles
info: RelationalPerimeter/Computation/ConstitutiveSearch/EndogenousDecomposition/RoleIndexedProfiles.lean:624:0: 'ConstitutiveSearch.EndogenousDecomposition.RoleFormationAgreement' does not depend on any axioms
info: RelationalPerimeter/Computation/ConstitutiveSearch/EndogenousDecomposition/RoleIndexedProfiles.lean:625:0: 'ConstitutiveSearch.EndogenousDecomposition.RoleOpeningOccurrence.formedAt' does not depend on any axioms
info: RelationalPerimeter/Computation/ConstitutiveSearch/EndogenousDecomposition/RoleIndexedProfiles.lean:626:0: 'ConstitutiveSearch.EndogenousDecomposition.OpeningRolePosition' does not depend on any axioms
info: RelationalPerimeter/Computation/ConstitutiveSearch/EndogenousDecomposition/RoleIndexedProfiles.lean:627:0: 'ConstitutiveSearch.EndogenousDecomposition.RoleOpeningOccurrence' does not depend on any axioms
info: RelationalPerimeter/Computation/ConstitutiveSearch/EndogenousDecomposition/RoleIndexedProfiles.lean:628:0: 'ConstitutiveSearch.EndogenousDecomposition.openingPositionOccurrenceTransport' does not depend on any axioms
info: RelationalPerimeter/Computation/ConstitutiveSearch/EndogenousDecomposition/RoleIndexedProfiles.lean:629:0: 'ConstitutiveSearch.EndogenousDecomposition.causalOpening_states_distinct' does not depend on any axioms
info: RelationalPerimeter/Computation/ConstitutiveSearch/EndogenousDecomposition/RoleIndexedProfiles.lean:630:0: 'ConstitutiveSearch.EndogenousDecomposition.openingOccurrenceFrontier' does not depend on any axioms
info: RelationalPerimeter/Computation/ConstitutiveSearch/EndogenousDecomposition/RoleIndexedProfiles.lean:631:0: 'ConstitutiveSearch.EndogenousDecomposition.openingOccurrenceFrontier_complete' does not depend on any axioms
info: RelationalPerimeter/Computation/ConstitutiveSearch/EndogenousDecomposition/RoleIndexedProfiles.lean:632:0: 'ConstitutiveSearch.EndogenousDecomposition.openingOccurrenceFrontier_nodup' does not depend on any axioms
info: RelationalPerimeter/Computation/ConstitutiveSearch/EndogenousDecomposition/RoleIndexedProfiles.lean:633:0: 'ConstitutiveSearch.EndogenousDecomposition.openingPositionFrontier' does not depend on any axioms
info: RelationalPerimeter/Computation/ConstitutiveSearch/EndogenousDecomposition/RoleIndexedProfiles.lean:634:0: 'ConstitutiveSearch.EndogenousDecomposition.openingPositionFrontier_complete' does not depend on any axioms
info: RelationalPerimeter/Computation/ConstitutiveSearch/EndogenousDecomposition/RoleIndexedProfiles.lean:635:0: 'ConstitutiveSearch.EndogenousDecomposition.openingPositionFrontier_nodup' does not depend on any axioms
info: RelationalPerimeter/Computation/ConstitutiveSearch/EndogenousDecomposition/RoleIndexedProfiles.lean:636:0: 'ConstitutiveSearch.EndogenousDecomposition.executedRoleSourceRelation' does not depend on any axioms
info: RelationalPerimeter/Computation/ConstitutiveSearch/EndogenousDecomposition/RoleIndexedProfiles.lean:637:0: 'ConstitutiveSearch.EndogenousDecomposition.executedRoleFormationRelation' does not depend on any axioms
info: RelationalPerimeter/Computation/ConstitutiveSearch/EndogenousDecomposition/RoleIndexedProfiles.lean:638:0: 'ConstitutiveSearch.EndogenousDecomposition.executedRoleTargetRelation' does not depend on any axioms
info: RelationalPerimeter/Computation/ConstitutiveSearch/EndogenousDecomposition/RoleIndexedProfiles.lean:639:0: 'ConstitutiveSearch.EndogenousDecomposition.executedRoleProvenanceRelation' does not depend on any axioms
info: RelationalPerimeter/Computation/ConstitutiveSearch/EndogenousDecomposition/RoleIndexedProfiles.lean:640:0: 'ConstitutiveSearch.EndogenousDecomposition.generalOpeningStageOfRole' does not depend on any axioms
info: RelationalPerimeter/Computation/ConstitutiveSearch/EndogenousDecomposition/RoleIndexedProfiles.lean:641:0: 'ConstitutiveSearch.EndogenousDecomposition.RoleConstitutedOccurrence' does not depend on any axioms
info: RelationalPerimeter/Computation/ConstitutiveSearch/EndogenousDecomposition/RoleIndexedProfiles.lean:642:0: 'ConstitutiveSearch.EndogenousDecomposition.roleConstitutedOccurrenceAt' does not depend on any axioms
info: RelationalPerimeter/Computation/ConstitutiveSearch/EndogenousDecomposition/RoleIndexedProfiles.lean:643:0: 'ConstitutiveSearch.EndogenousDecomposition.roleConstitutedOccurrence_roundTrip' does not depend on any axioms
info: RelationalPerimeter/Computation/ConstitutiveSearch/EndogenousDecomposition/RoleIndexedProfiles.lean:644:0: 'ConstitutiveSearch.EndogenousDecomposition.realizeRoleConstitutedOccurrence' does not depend on any axioms
info: RelationalPerimeter/Computation/ConstitutiveSearch/EndogenousDecomposition/RoleIndexedProfiles.lean:645:0: 'ConstitutiveSearch.EndogenousDecomposition.realizeRoleConstitutedOccurrence_position' does not depend on any axioms
info: RelationalPerimeter/Computation/ConstitutiveSearch/EndogenousDecomposition/RoleIndexedProfiles.lean:646:0: 'ConstitutiveSearch.EndogenousDecomposition.RoleConstitutionEvidence' does not depend on any axioms
info: RelationalPerimeter/Computation/ConstitutiveSearch/EndogenousDecomposition/RoleIndexedProfiles.lean:647:0: 'ConstitutiveSearch.EndogenousDecomposition.roleConstitutionEvidence' does not depend on any axioms
info: RelationalPerimeter/Computation/ConstitutiveSearch/EndogenousDecomposition/RoleIndexedProfiles.lean:648:0: 'ConstitutiveSearch.EndogenousDecomposition.RoleConstitutionEvidence.transportFormation' does not depend on any axioms
info: RelationalPerimeter/Computation/ConstitutiveSearch/EndogenousDecomposition/RoleIndexedProfiles.lean:649:0: 'ConstitutiveSearch.EndogenousDecomposition.eliminateRoleConstitutedOccurrence' does not depend on any axioms
info: RelationalPerimeter/Computation/ConstitutiveSearch/EndogenousDecomposition/RoleIndexedProfiles.lean:650:0: 'ConstitutiveSearch.EndogenousDecomposition.generalOpeningStage_positionOccurrenceTransport_exact' does not depend on any axioms
info: RelationalPerimeter/Computation/ConstitutiveSearch/EndogenousDecomposition/RoleIndexedProfiles.lean:651:0: 'ConstitutiveSearch.EndogenousDecomposition.generalHistoryOfRoleHistory' does not depend on any axioms
info: RelationalPerimeter/Computation/ConstitutiveSearch/EndogenousDecomposition/RoleIndexedProfiles.lean:652:0: 'ConstitutiveSearch.EndogenousDecomposition.RolePositionProfile' does not depend on any axioms
info: RelationalPerimeter/Computation/ConstitutiveSearch/EndogenousDecomposition/RoleIndexedProfiles.lean:653:0: 'ConstitutiveSearch.EndogenousDecomposition.RoleOccurrenceProfile' does not depend on any axioms
info: RelationalPerimeter/Computation/ConstitutiveSearch/EndogenousDecomposition/RoleIndexedProfiles.lean:654:0: 'ConstitutiveSearch.EndogenousDecomposition.roleProfileTransport' does not depend on any axioms
info: RelationalPerimeter/Computation/ConstitutiveSearch/EndogenousDecomposition/RoleIndexedProfiles.lean:655:0: 'ConstitutiveSearch.EndogenousDecomposition.roleProfileFrontier' does not depend on any axioms
info: RelationalPerimeter/Computation/ConstitutiveSearch/EndogenousDecomposition/RoleIndexedProfiles.lean:656:0: 'ConstitutiveSearch.EndogenousDecomposition.roleProfileFrontier_complete' does not depend on any axioms
info: RelationalPerimeter/Computation/ConstitutiveSearch/EndogenousDecomposition/RoleIndexedProfiles.lean:657:0: 'ConstitutiveSearch.EndogenousDecomposition.roleProfileFrontier_nodup' does not depend on any axioms
info: RelationalPerimeter/Computation/ConstitutiveSearch/EndogenousDecomposition/RoleIndexedProfiles.lean:658:0: 'ConstitutiveSearch.EndogenousDecomposition.roleProfileWidth' does not depend on any axioms
info: RelationalPerimeter/Computation/ConstitutiveSearch/EndogenousDecomposition/RoleIndexedProfiles.lean:659:0: 'ConstitutiveSearch.EndogenousDecomposition.generalRoleHistory_uniformBinary' does not depend on any axioms
info: RelationalPerimeter/Computation/ConstitutiveSearch/EndogenousDecomposition/RoleIndexedProfiles.lean:660:0: 'ConstitutiveSearch.EndogenousDecomposition.roleProfileWidth_step' does not depend on any axioms
info: RelationalPerimeter/Computation/ConstitutiveSearch/EndogenousDecomposition/RoleIndexedProfiles.lean:661:0: 'ConstitutiveSearch.EndogenousDecomposition.roleProfileWidth_eq_two_pow_count' does not depend on any axioms
info: RelationalPerimeter/Computation/ConstitutiveSearch/EndogenousDecomposition/RoleIndexedProfiles.lean:662:0: 'ConstitutiveSearch.EndogenousDecomposition.roleOccurrenceProfileDecEq' does not depend on any axioms
ℹ [107/142] Replayed RelationalPerimeter.Computation.ConstitutiveSearch.EndogenousDecomposition.RoleIndexedProgram
info: RelationalPerimeter/Computation/ConstitutiveSearch/EndogenousDecomposition/RoleIndexedProgram.lean:367:0: 'ConstitutiveSearch.EndogenousDecomposition.RoleStageAtom' does not depend on any axioms
info: RelationalPerimeter/Computation/ConstitutiveSearch/EndogenousDecomposition/RoleIndexedProgram.lean:368:0: 'ConstitutiveSearch.EndogenousDecomposition.compileRoleStageAtom' does not depend on any axioms
info: RelationalPerimeter/Computation/ConstitutiveSearch/EndogenousDecomposition/RoleIndexedProgram.lean:369:0: 'ConstitutiveSearch.EndogenousDecomposition.RoleStageAtom.action' does not depend on any axioms
info: RelationalPerimeter/Computation/ConstitutiveSearch/EndogenousDecomposition/RoleIndexedProgram.lean:370:0: 'ConstitutiveSearch.EndogenousDecomposition.RoleStageAtom.preservesAccepted' does not depend on any axioms
info: RelationalPerimeter/Computation/ConstitutiveSearch/EndogenousDecomposition/RoleIndexedProgram.lean:371:0: 'ConstitutiveSearch.EndogenousDecomposition.RoleOpeningPayload' does not depend on any axioms
info: RelationalPerimeter/Computation/ConstitutiveSearch/EndogenousDecomposition/RoleIndexedProgram.lean:372:0: 'ConstitutiveSearch.EndogenousDecomposition.interpretRoleStageAtom' does not depend on any axioms
info: RelationalPerimeter/Computation/ConstitutiveSearch/EndogenousDecomposition/RoleIndexedProgram.lean:373:0: 'ConstitutiveSearch.EndogenousDecomposition.interpretCompiledRoleStage_left' does not depend on any axioms
info: RelationalPerimeter/Computation/ConstitutiveSearch/EndogenousDecomposition/RoleIndexedProgram.lean:374:0: 'ConstitutiveSearch.EndogenousDecomposition.interpretCompiledRoleStage_right' does not depend on any axioms
info: RelationalPerimeter/Computation/ConstitutiveSearch/EndogenousDecomposition/RoleIndexedProgram.lean:375:0: 'ConstitutiveSearch.EndogenousDecomposition.compiledRoleStage_action_changes_executed_source' does not depend on any axioms
info: RelationalPerimeter/Computation/ConstitutiveSearch/EndogenousDecomposition/RoleIndexedProgram.lean:376:0: 'ConstitutiveSearch.EndogenousDecomposition.interpretCompiledRoleStage_executedOutput' does not depend on any axioms
info: RelationalPerimeter/Computation/ConstitutiveSearch/EndogenousDecomposition/RoleIndexedProgram.lean:377:0: 'ConstitutiveSearch.EndogenousDecomposition.RoleIndexedProgram' does not depend on any axioms
info: RelationalPerimeter/Computation/ConstitutiveSearch/EndogenousDecomposition/RoleIndexedProgram.lean:378:0: 'ConstitutiveSearch.EndogenousDecomposition.compileRoleHistory' does not depend on any axioms
info: RelationalPerimeter/Computation/ConstitutiveSearch/EndogenousDecomposition/RoleIndexedProgram.lean:379:0: 'ConstitutiveSearch.EndogenousDecomposition.RoleIndexedProgram.atomCount' does not depend on any axioms
info: RelationalPerimeter/Computation/ConstitutiveSearch/EndogenousDecomposition/RoleIndexedProgram.lean:380:0: 'ConstitutiveSearch.EndogenousDecomposition.compileRoleHistory_atomCount_exact' does not depend on any axioms
info: RelationalPerimeter/Computation/ConstitutiveSearch/EndogenousDecomposition/RoleIndexedProgram.lean:381:0: 'ConstitutiveSearch.EndogenousDecomposition.RoleProfilePayload' does not depend on any axioms
info: RelationalPerimeter/Computation/ConstitutiveSearch/EndogenousDecomposition/RoleIndexedProgram.lean:382:0: 'ConstitutiveSearch.EndogenousDecomposition.interpretRoleOccurrenceProfile' does not depend on any axioms
info: RelationalPerimeter/Computation/ConstitutiveSearch/EndogenousDecomposition/RoleIndexedProgram.lean:383:0: 'ConstitutiveSearch.EndogenousDecomposition.interpretRoleOccurrenceProfile_step' does not depend on any axioms
info: RelationalPerimeter/Computation/ConstitutiveSearch/EndogenousDecomposition/RoleIndexedProgram.lean:384:0: 'ConstitutiveSearch.EndogenousDecomposition.interpretRoleOccurrenceProfile_length' does not depend on any axioms
info: RelationalPerimeter/Computation/ConstitutiveSearch/EndogenousDecomposition/RoleIndexedProgram.lean:385:0: 'ConstitutiveSearch.EndogenousDecomposition.canonicalRoleProfilePayload' does not depend on any axioms
info: RelationalPerimeter/Computation/ConstitutiveSearch/EndogenousDecomposition/RoleIndexedProgram.lean:386:0: 'ConstitutiveSearch.EndogenousDecomposition.completedRoleAssignments' does not depend on any axioms
info: RelationalPerimeter/Computation/ConstitutiveSearch/EndogenousDecomposition/RoleIndexedProgram.lean:387:0: 'ConstitutiveSearch.EndogenousDecomposition.interpretCompiledRoleHistory_exact' does not depend on any axioms
ℹ [108/142] Replayed RelationalPerimeter.Computation.ConstitutiveSearch.FiniteExtensiveAddressing
info: RelationalPerimeter/Computation/ConstitutiveSearch/FiniteExtensiveAddressing.lean:600:0: 'ConstitutiveSearch.Extensive.FiniteCarrier' does not depend on any axioms
info: RelationalPerimeter/Computation/ConstitutiveSearch/FiniteExtensiveAddressing.lean:601:0: 'ConstitutiveSearch.Extensive.ObligationRegime' does not depend on any axioms
info: RelationalPerimeter/Computation/ConstitutiveSearch/FiniteExtensiveAddressing.lean:602:0: 'ConstitutiveSearch.Extensive.identityObligationRegime' does not depend on any axioms
info: RelationalPerimeter/Computation/ConstitutiveSearch/FiniteExtensiveAddressing.lean:603:0: 'ConstitutiveSearch.Extensive.identityObligationRegime_fullWidth' does not depend on any axioms
info: RelationalPerimeter/Computation/ConstitutiveSearch/FiniteExtensiveAddressing.lean:604:0: 'ConstitutiveSearch.Extensive.PreservesIdentitiesSeparately' does not depend on any axioms
info: RelationalPerimeter/Computation/ConstitutiveSearch/FiniteExtensiveAddressing.lean:605:0: 'ConstitutiveSearch.Extensive.identityObligationRegime_preserves' does not depend on any axioms
info: RelationalPerimeter/Computation/ConstitutiveSearch/FiniteExtensiveAddressing.lean:606:0: 'ConstitutiveSearch.Extensive.regime_width_le_source_width' does not depend on any axioms
info: RelationalPerimeter/Computation/ConstitutiveSearch/FiniteExtensiveAddressing.lean:607:0: 'ConstitutiveSearch.Extensive.source_width_le_regime_width_of_preserves' does not depend on any axioms
info: RelationalPerimeter/Computation/ConstitutiveSearch/FiniteExtensiveAddressing.lean:608:0: 'ConstitutiveSearch.Extensive.preservesIdentitiesSeparately_iff_fullWidth' does not depend on any axioms
info: RelationalPerimeter/Computation/ConstitutiveSearch/FiniteExtensiveAddressing.lean:609:0: 'ConstitutiveSearch.Extensive.firstIndexOf' does not depend on any axioms
info: RelationalPerimeter/Computation/ConstitutiveSearch/FiniteExtensiveAddressing.lean:610:0: 'ConstitutiveSearch.Extensive.firstIndexOf_lt_of_mem' does not depend on any axioms
info: RelationalPerimeter/Computation/ConstitutiveSearch/FiniteExtensiveAddressing.lean:611:0: 'ConstitutiveSearch.Extensive.firstIndexOf_injective_on_members' does not depend on any axioms
info: RelationalPerimeter/Computation/ConstitutiveSearch/FiniteExtensiveAddressing.lean:612:0: 'ConstitutiveSearch.Extensive.SeparateAddressingAt' does not depend on any axioms
info: RelationalPerimeter/Computation/ConstitutiveSearch/FiniteExtensiveAddressing.lean:613:0: 'ConstitutiveSearch.Extensive.separateAddressingOfWidthLe' does not depend on any axioms
info: RelationalPerimeter/Computation/ConstitutiveSearch/FiniteExtensiveAddressing.lean:614:0: 'ConstitutiveSearch.Extensive.widthLeOfSeparateAddressing' does not depend on any axioms
info: RelationalPerimeter/Computation/ConstitutiveSearch/FiniteExtensiveAddressing.lean:615:0: 'ConstitutiveSearch.Extensive.separateAddressing_iff_widthLe' does not depend on any axioms
info: RelationalPerimeter/Computation/ConstitutiveSearch/FiniteExtensiveAddressing.lean:616:0: 'ConstitutiveSearch.Extensive.ExactMinimumAddressingCapacity' does not depend on any axioms
info: RelationalPerimeter/Computation/ConstitutiveSearch/FiniteExtensiveAddressing.lean:617:0: 'ConstitutiveSearch.Extensive.exactMinimumAddressingCapacity' does not depend on any axioms
info: RelationalPerimeter/Computation/ConstitutiveSearch/FiniteExtensiveAddressing.lean:618:0: 'ConstitutiveSearch.Extensive.RegimeSeparateAddressingAt' does not depend on any axioms
info: RelationalPerimeter/Computation/ConstitutiveSearch/FiniteExtensiveAddressing.lean:619:0: 'ConstitutiveSearch.Extensive.ConservesConstitutedIdentitiesDistinctlyAndSeparatelyAddressably' does not depend on any axioms
info: RelationalPerimeter/Computation/ConstitutiveSearch/FiniteExtensiveAddressing.lean:620:0: 'ConstitutiveSearch.Extensive.identityObligationRegime_conserves' does not depend on any axioms
info: RelationalPerimeter/Computation/ConstitutiveSearch/FiniteExtensiveAddressing.lean:621:0: 'ConstitutiveSearch.Extensive.ExactRegimeSeparateCapacity' does not depend on any axioms
info: RelationalPerimeter/Computation/ConstitutiveSearch/FiniteExtensiveAddressing.lean:622:0: 'ConstitutiveSearch.Extensive.exactRegimeCapacityOfPreserves' does not depend on any axioms
info: RelationalPerimeter/Computation/ConstitutiveSearch/FiniteExtensiveAddressing.lean:623:0: 'ConstitutiveSearch.Extensive.conservationOfPreserves' does not depend on any axioms
info: RelationalPerimeter/Computation/ConstitutiveSearch/FiniteExtensiveAddressing.lean:624:0: 'ConstitutiveSearch.Extensive.preservesIdentitiesSeparately_iff_distinctSeparateConservation' does not depend on any axioms
info: RelationalPerimeter/Computation/ConstitutiveSearch/FiniteExtensiveAddressing.lean:625:0: 'ConstitutiveSearch.Extensive.preservesIdentitiesSeparately_iff_exactRegimeCapacity' does not depend on any axioms
ℹ [109/142] Replayed RelationalPerimeter.Computation.ConstitutiveSearch.RelationalProfileFiniteCarrier
info: RelationalPerimeter/Computation/ConstitutiveSearch/RelationalProfileFiniteCarrier.lean:41:0: 'ConstitutiveSearch.RelationalExtensive.relationalProfileFiniteCarrier' does not depend on any axioms
info: RelationalPerimeter/Computation/ConstitutiveSearch/RelationalProfileFiniteCarrier.lean:42:0: 'ConstitutiveSearch.RelationalExtensive.relationalProfileFiniteCarrier_width' does not depend on any axioms
ℹ [110/142] Replayed RelationalPerimeter.Computation.ConstitutiveSearch.EndogenousDecomposition.RolewiseObligationRegime
info: RelationalPerimeter/Computation/ConstitutiveSearch/EndogenousDecomposition/RolewiseObligationRegime.lean:156:0: 'ConstitutiveSearch.EndogenousDecomposition.roleProfileFiniteCarrier' does not depend on any axioms
info: RelationalPerimeter/Computation/ConstitutiveSearch/EndogenousDecomposition/RolewiseObligationRegime.lean:157:0: 'ConstitutiveSearch.EndogenousDecomposition.roleProfileFiniteCarrier_width' does not depend on any axioms
info: RelationalPerimeter/Computation/ConstitutiveSearch/EndogenousDecomposition/RolewiseObligationRegime.lean:158:0: 'ConstitutiveSearch.EndogenousDecomposition.ConservesRoleIdentitiesAsDistinctSeparatelyAddressable' does not depend on any axioms
info: RelationalPerimeter/Computation/ConstitutiveSearch/EndogenousDecomposition/RolewiseObligationRegime.lean:159:0: 'ConstitutiveSearch.EndogenousDecomposition.roleIdentityConservationOfPreserves' does not depend on any axioms
info: RelationalPerimeter/Computation/ConstitutiveSearch/EndogenousDecomposition/RolewiseObligationRegime.lean:160:0: 'ConstitutiveSearch.EndogenousDecomposition.preservesIdentitiesSeparately_iff_roleIdentityConservation' does not depend on any axioms
info: RelationalPerimeter/Computation/ConstitutiveSearch/EndogenousDecomposition/RolewiseObligationRegime.lean:161:0: 'ConstitutiveSearch.EndogenousDecomposition.HasRoleConstitutedExponentialWidth' does not depend on any axioms
info: RelationalPerimeter/Computation/ConstitutiveSearch/EndogenousDecomposition/RolewiseObligationRegime.lean:162:0: 'ConstitutiveSearch.EndogenousDecomposition.roleConstituted_exponentialWidth_iff_distinctSeparateConservation' does not depend on any axioms
info: RelationalPerimeter/Computation/ConstitutiveSearch/EndogenousDecomposition/RolewiseObligationRegime.lean:163:0: 'ConstitutiveSearch.EndogenousDecomposition.roleConstituted_exponentialWidth_iff_carry_injective' does not depend on any axioms
info: RelationalPerimeter/Computation/ConstitutiveSearch/EndogenousDecomposition/RolewiseObligationRegime.lean:164:0: 'ConstitutiveSearch.EndogenousDecomposition.roleConstituted_exponentialWidth_iff_exactRegimeCapacity' does not depend on any axioms
info: RelationalPerimeter/Computation/ConstitutiveSearch/EndogenousDecomposition/RolewiseObligationRegime.lean:165:0: 'ConstitutiveSearch.EndogenousDecomposition.positiveRoleHistory_has_nontrivial_extensive_width' does not depend on any axioms
ℹ [111/142] Replayed RelationalPerimeter.Computation.ConstitutiveSearch.RelationalRoleExtensiveFamily
info: RelationalPerimeter/Computation/ConstitutiveSearch/RelationalRoleExtensiveFamily.lean:367:0: 'ConstitutiveSearch.RelationalExtensive.RelationalRoleExtensiveFamily' does not depend on any axioms
info: RelationalPerimeter/Computation/ConstitutiveSearch/RelationalRoleExtensiveFamily.lean:368:0: 'ConstitutiveSearch.RelationalExtensive.RelationalRoleExtensiveFamily.fullWidth_iff_preservesConstitutedIdentities' does not depend on any axioms
info: RelationalPerimeter/Computation/ConstitutiveSearch/RelationalRoleExtensiveFamily.lean:369:0: 'ConstitutiveSearch.RelationalExtensive.RelationalRoleExtensiveFamily.fullWidth_iff_exactRegimeCapacity' does not depend on any axioms
info: RelationalPerimeter/Computation/ConstitutiveSearch/RelationalRoleExtensiveFamily.lean:370:0: 'ConstitutiveSearch.RelationalExtensive.BinaryRelationalRoleExtensiveFamily' does not depend on any axioms
info: RelationalPerimeter/Computation/ConstitutiveSearch/RelationalRoleExtensiveFamily.lean:371:0: 'ConstitutiveSearch.RelationalExtensive.BinaryRelationalRoleExtensiveFamily.sourceWidth_eq_twoPow' does not depend on any axioms
info: RelationalPerimeter/Computation/ConstitutiveSearch/RelationalRoleExtensiveFamily.lean:372:0: 'ConstitutiveSearch.RelationalExtensive.BinaryRelationalRoleExtensiveFamily.exponentialWidth_iff_preservesConstitutedIdentities' does not depend on any axioms
info: RelationalPerimeter/Computation/ConstitutiveSearch/RelationalRoleExtensiveFamily.lean:373:0: 'ConstitutiveSearch.RelationalExtensive.BinaryRelationalRoleExtensiveFamily.exponentialWidth_iff_distinctSeparateConservation' does not depend on any axioms
info: RelationalPerimeter/Computation/ConstitutiveSearch/RelationalRoleExtensiveFamily.lean:374:0: 'ConstitutiveSearch.RelationalExtensive.BinaryRelationalRoleExtensiveFamily.exponentialWidth_iff_exactRegimeCapacity' does not depend on any axioms
info: RelationalPerimeter/Computation/ConstitutiveSearch/RelationalRoleExtensiveFamily.lean:375:0: 'ConstitutiveSearch.RelationalExtensive.constructiveFinRange' does not depend on any axioms
info: RelationalPerimeter/Computation/ConstitutiveSearch/RelationalRoleExtensiveFamily.lean:376:0: 'ConstitutiveSearch.RelationalExtensive.constructiveFinRange_complete' does not depend on any axioms
info: RelationalPerimeter/Computation/ConstitutiveSearch/RelationalRoleExtensiveFamily.lean:377:0: 'ConstitutiveSearch.RelationalExtensive.constructiveFinRange_nodup' does not depend on any axioms
info: RelationalPerimeter/Computation/ConstitutiveSearch/RelationalRoleExtensiveFamily.lean:378:0: 'ConstitutiveSearch.RelationalExtensive.constructiveFinRange_length' does not depend on any axioms
info: RelationalPerimeter/Computation/ConstitutiveSearch/RelationalRoleExtensiveFamily.lean:379:0: 'ConstitutiveSearch.RelationalExtensive.increasingArityStage' does not depend on any axioms
info: RelationalPerimeter/Computation/ConstitutiveSearch/RelationalRoleExtensiveFamily.lean:380:0: 'ConstitutiveSearch.RelationalExtensive.increasingArityHistory' does not depend on any axioms
info: RelationalPerimeter/Computation/ConstitutiveSearch/RelationalRoleExtensiveFamily.lean:381:0: 'ConstitutiveSearch.RelationalExtensive.increasingArityRelationalFamily' does not depend on any axioms
info: RelationalPerimeter/Computation/ConstitutiveSearch/RelationalRoleExtensiveFamily.lean:382:0: 'ConstitutiveSearch.RelationalExtensive.increasingArityRelationalFamily_unbounded' does not depend on any axioms
info: RelationalPerimeter/Computation/ConstitutiveSearch/RelationalRoleExtensiveFamily.lean:383:0: 'ConstitutiveSearch.RelationalExtensive.increasingArityRelationalFamily_variable' does not depend on any axioms
info: RelationalPerimeter/Computation/ConstitutiveSearch/RelationalRoleExtensiveFamily.lean:384:0: 'ConstitutiveSearch.RelationalExtensive.abstractBinaryStage' does not depend on any axioms
info: RelationalPerimeter/Computation/ConstitutiveSearch/RelationalRoleExtensiveFamily.lean:385:0: 'ConstitutiveSearch.RelationalExtensive.abstractBinaryHistory' does not depend on any axioms
info: RelationalPerimeter/Computation/ConstitutiveSearch/RelationalRoleExtensiveFamily.lean:386:0: 'ConstitutiveSearch.RelationalExtensive.abstractBinaryRelationalFamily' does not depend on any axioms
info: RelationalPerimeter/Computation/ConstitutiveSearch/RelationalRoleExtensiveFamily.lean:387:0: 'ConstitutiveSearch.RelationalExtensive.abstractBinaryRelationalFamily_unbounded' does not depend on any axioms
ℹ [112/142] Replayed RelationalPerimeter.Computation.ConstitutiveSearch.EndogenousDecomposition.RolewiseObligationPolicy
info: RelationalPerimeter/Computation/ConstitutiveSearch/EndogenousDecomposition/RolewiseObligationPolicy.lean:265:0: 'ConstitutiveSearch.EndogenousDecomposition.roleOpeningFiniteCarrier' does not depend on any axioms
info: RelationalPerimeter/Computation/ConstitutiveSearch/EndogenousDecomposition/RolewiseObligationPolicy.lean:266:0: 'ConstitutiveSearch.EndogenousDecomposition.RolewiseObligationPolicy' does not depend on any axioms
info: RelationalPerimeter/Computation/ConstitutiveSearch/EndogenousDecomposition/RolewiseObligationPolicy.lean:267:0: 'ConstitutiveSearch.EndogenousDecomposition.RolewiseObligation' does not depend on any axioms
info: RelationalPerimeter/Computation/ConstitutiveSearch/EndogenousDecomposition/RolewiseObligationPolicy.lean:268:0: 'ConstitutiveSearch.EndogenousDecomposition.rolewiseCarry' does not depend on any axioms
info: RelationalPerimeter/Computation/ConstitutiveSearch/EndogenousDecomposition/RolewiseObligationPolicy.lean:269:0: 'ConstitutiveSearch.EndogenousDecomposition.rolewiseObligationFrontier' does not depend on any axioms
info: RelationalPerimeter/Computation/ConstitutiveSearch/EndogenousDecomposition/RolewiseObligationPolicy.lean:270:0: 'ConstitutiveSearch.EndogenousDecomposition.rolewiseObligationRegime' does not depend on any axioms
info: RelationalPerimeter/Computation/ConstitutiveSearch/EndogenousDecomposition/RolewiseObligationPolicy.lean:271:0: 'ConstitutiveSearch.EndogenousDecomposition.defaultRoleOccurrenceProfile' does not depend on any axioms
info: RelationalPerimeter/Computation/ConstitutiveSearch/EndogenousDecomposition/RolewiseObligationPolicy.lean:272:0: 'ConstitutiveSearch.EndogenousDecomposition.defaultPolicyOccurrenceProfile' does not depend on any axioms
info: RelationalPerimeter/Computation/ConstitutiveSearch/EndogenousDecomposition/RolewiseObligationPolicy.lean:273:0: 'ConstitutiveSearch.EndogenousDecomposition.AllLocalPoliciesPreserve' does not depend on any axioms
info: RelationalPerimeter/Computation/ConstitutiveSearch/EndogenousDecomposition/RolewiseObligationPolicy.lean:274:0: 'ConstitutiveSearch.EndogenousDecomposition.rolewiseCarry_injective_of_allLocal' does not depend on any axioms
info: RelationalPerimeter/Computation/ConstitutiveSearch/EndogenousDecomposition/RolewiseObligationPolicy.lean:275:0: 'ConstitutiveSearch.EndogenousDecomposition.allLocal_of_rolewiseCarry_injective' does not depend on any axioms
info: RelationalPerimeter/Computation/ConstitutiveSearch/EndogenousDecomposition/RolewiseObligationPolicy.lean:276:0: 'ConstitutiveSearch.EndogenousDecomposition.allLocalPoliciesPreserve_iff_globalPreservation' does not depend on any axioms
ℹ [113/142] Replayed RelationalPerimeter.Computation.ConstitutiveSearch.EndogenousDecomposition.PrefixLocalOperationalProduction
info: RelationalPerimeter/Computation/ConstitutiveSearch/EndogenousDecomposition/PrefixLocalOperationalProduction.lean:237:0: 'ConstitutiveSearch.EndogenousDecomposition.ConstitutedOperationalPrefix.provenance' does not depend on any axioms
info: RelationalPerimeter/Computation/ConstitutiveSearch/EndogenousDecomposition/PrefixLocalOperationalProduction.lean:238:0: 'ConstitutiveSearch.EndogenousDecomposition.ConstitutedOperationalPrefix.provenance_exact' does not depend on any axioms
info: RelationalPerimeter/Computation/ConstitutiveSearch/EndogenousDecomposition/PrefixLocalOperationalProduction.lean:239:0: 'ConstitutiveSearch.EndogenousDecomposition.ConstitutedOperationalPrefix.depth_transport' does not depend on any axioms
info: RelationalPerimeter/Computation/ConstitutiveSearch/EndogenousDecomposition/PrefixLocalOperationalProduction.lean:240:0: 'ConstitutiveSearch.EndogenousDecomposition.ConstitutedOperationalPrefix' does not depend on any axioms
info: RelationalPerimeter/Computation/ConstitutiveSearch/EndogenousDecomposition/PrefixLocalOperationalProduction.lean:241:0: 'ConstitutiveSearch.EndogenousDecomposition.ConstitutedOperationalPrefix.depth' does not depend on any axioms
info: RelationalPerimeter/Computation/ConstitutiveSearch/EndogenousDecomposition/PrefixLocalOperationalProduction.lean:242:0: 'ConstitutiveSearch.EndogenousDecomposition.ExecutedStageOperationalProduction.nextContext' does not depend on any axioms
info: RelationalPerimeter/Computation/ConstitutiveSearch/EndogenousDecomposition/PrefixLocalOperationalProduction.lean:243:0: 'ConstitutiveSearch.EndogenousDecomposition.ExecutedStageOperationalProduction.nextContext_depth' does not depend on any axioms
info: RelationalPerimeter/Computation/ConstitutiveSearch/EndogenousDecomposition/PrefixLocalOperationalProduction.lean:244:0: 'ConstitutiveSearch.EndogenousDecomposition.ExecutedRoleReductionLicense' does not depend on any axioms
info: RelationalPerimeter/Computation/ConstitutiveSearch/EndogenousDecomposition/PrefixLocalOperationalProduction.lean:245:0: 'ConstitutiveSearch.EndogenousDecomposition.executedRoleReductionLicense' does not depend on any axioms
info: RelationalPerimeter/Computation/ConstitutiveSearch/EndogenousDecomposition/PrefixLocalOperationalProduction.lean:246:0: 'ConstitutiveSearch.EndogenousDecomposition.ExecutedStageDecomposition' does not depend on any axioms
info: RelationalPerimeter/Computation/ConstitutiveSearch/EndogenousDecomposition/PrefixLocalOperationalProduction.lean:247:0: 'ConstitutiveSearch.EndogenousDecomposition.executedStageDecomposition' does not depend on any axioms
info: RelationalPerimeter/Computation/ConstitutiveSearch/EndogenousDecomposition/PrefixLocalOperationalProduction.lean:248:0: 'ConstitutiveSearch.EndogenousDecomposition.ExecutedStageOperationalProduction' does not depend on any axioms
info: RelationalPerimeter/Computation/ConstitutiveSearch/EndogenousDecomposition/PrefixLocalOperationalProduction.lean:249:0: 'ConstitutiveSearch.EndogenousDecomposition.PrefixLocalOperationalProducer' does not depend on any axioms
info: RelationalPerimeter/Computation/ConstitutiveSearch/EndogenousDecomposition/PrefixLocalOperationalProduction.lean:250:0: 'ConstitutiveSearch.EndogenousDecomposition.prefixLocalOperationalProducer' does not depend on any axioms
info: RelationalPerimeter/Computation/ConstitutiveSearch/EndogenousDecomposition/PrefixLocalOperationalProduction.lean:251:0: 'ConstitutiveSearch.EndogenousDecomposition.prefixLocalOperationalProducer_decomposition_exact' does not depend on any axioms
ℹ [114/142] Replayed RelationalPerimeter.Computation.ConstitutiveSearch.EndogenousDecomposition.ExecutedRoleIndexedReduction
info: RelationalPerimeter/Computation/ConstitutiveSearch/EndogenousDecomposition/ExecutedRoleIndexedReduction.lean:1131:0: 'ConstitutiveSearch.EndogenousDecomposition.StagewiseExecutedDecompositionHistory' does not depend on any axioms
info: RelationalPerimeter/Computation/ConstitutiveSearch/EndogenousDecomposition/ExecutedRoleIndexedReduction.lean:1132:0: 'ConstitutiveSearch.EndogenousDecomposition.buildStagewiseExecutedDecompositionHistory' does not depend on any axioms
info: RelationalPerimeter/Computation/ConstitutiveSearch/EndogenousDecomposition/ExecutedRoleIndexedReduction.lean:1133:0: 'ConstitutiveSearch.EndogenousDecomposition.StagewiseExecutedDecompositionHistory.roles' does not depend on any axioms
info: RelationalPerimeter/Computation/ConstitutiveSearch/EndogenousDecomposition/ExecutedRoleIndexedReduction.lean:1134:0: 'ConstitutiveSearch.EndogenousDecomposition.buildStagewiseExecutedDecompositionHistory_roles_exact' does not depend on any axioms
info: RelationalPerimeter/Computation/ConstitutiveSearch/EndogenousDecomposition/ExecutedRoleIndexedReduction.lean:1135:0: 'ConstitutiveSearch.EndogenousDecomposition.StagewiseExecutedDecompositionHistory.rolesConstitutionExact' does not depend on any axioms
info: RelationalPerimeter/Computation/ConstitutiveSearch/EndogenousDecomposition/ExecutedRoleIndexedReduction.lean:1136:0: 'ConstitutiveSearch.EndogenousDecomposition.RelationalConstitutiveRoleHistory.headTransformedProfile' does not depend on any axioms
info: RelationalPerimeter/Computation/ConstitutiveSearch/EndogenousDecomposition/ExecutedRoleIndexedReduction.lean:1137:0: 'ConstitutiveSearch.EndogenousDecomposition.RelationalConstitutiveRoleHistory.headRetainedProfile' does not depend on any axioms
info: RelationalPerimeter/Computation/ConstitutiveSearch/EndogenousDecomposition/ExecutedRoleIndexedReduction.lean:1138:0: 'ConstitutiveSearch.EndogenousDecomposition.RelationalConstitutiveRoleHistory.headProfilesDistinct' does not depend on any axioms
info: RelationalPerimeter/Computation/ConstitutiveSearch/EndogenousDecomposition/ExecutedRoleIndexedReduction.lean:1139:0: 'ConstitutiveSearch.EndogenousDecomposition.ExecutedRoleReductionHistory' does not depend on any axioms
info: RelationalPerimeter/Computation/ConstitutiveSearch/EndogenousDecomposition/ExecutedRoleIndexedReduction.lean:1140:0: 'ConstitutiveSearch.EndogenousDecomposition.buildExecutedRoleReductionHistory' does not depend on any axioms
info: RelationalPerimeter/Computation/ConstitutiveSearch/EndogenousDecomposition/ExecutedRoleIndexedReduction.lean:1141:0: 'ConstitutiveSearch.EndogenousDecomposition.StagewiseExecutedDecompositionHistory.reduction' does not depend on any axioms
info: RelationalPerimeter/Computation/ConstitutiveSearch/EndogenousDecomposition/ExecutedRoleIndexedReduction.lean:1142:0: 'ConstitutiveSearch.EndogenousDecomposition.buildStagewiseExecutedDecompositionHistory_reduction_exact' does not depend on any axioms
info: RelationalPerimeter/Computation/ConstitutiveSearch/EndogenousDecomposition/ExecutedRoleIndexedReduction.lean:1143:0: 'ConstitutiveSearch.EndogenousDecomposition.CriterionPreservingAbsorption' does not depend on any axioms
info: RelationalPerimeter/Computation/ConstitutiveSearch/EndogenousDecomposition/ExecutedRoleIndexedReduction.lean:1144:0: 'ConstitutiveSearch.EndogenousDecomposition.criterionPreservingAbsorption' does not depend on any axioms
info: RelationalPerimeter/Computation/ConstitutiveSearch/EndogenousDecomposition/ExecutedRoleIndexedReduction.lean:1145:0: 'ConstitutiveSearch.EndogenousDecomposition.ActionProducedOperationalTarget' does not depend on any axioms
info: RelationalPerimeter/Computation/ConstitutiveSearch/EndogenousDecomposition/ExecutedRoleIndexedReduction.lean:1146:0: 'ConstitutiveSearch.EndogenousDecomposition.ActionProducedOperationalTarget.value' does not depend on any axioms
info: RelationalPerimeter/Computation/ConstitutiveSearch/EndogenousDecomposition/ExecutedRoleIndexedReduction.lean:1147:0: 'ConstitutiveSearch.EndogenousDecomposition.ActionProducedOperationalTarget.valueExact' does not depend on any axioms
info: RelationalPerimeter/Computation/ConstitutiveSearch/EndogenousDecomposition/ExecutedRoleIndexedReduction.lean:1148:0: 'ConstitutiveSearch.EndogenousDecomposition.actionProducedOperationalTarget' does not depend on any axioms
info: RelationalPerimeter/Computation/ConstitutiveSearch/EndogenousDecomposition/ExecutedRoleIndexedReduction.lean:1149:0: 'ConstitutiveSearch.EndogenousDecomposition.ExecutedRoleOperationalTarget' does not depend on any axioms
info: RelationalPerimeter/Computation/ConstitutiveSearch/EndogenousDecomposition/ExecutedRoleIndexedReduction.lean:1150:0: 'ConstitutiveSearch.EndogenousDecomposition.transformedExecutedRoleOperationalTarget' does not depend on any axioms
info: RelationalPerimeter/Computation/ConstitutiveSearch/EndogenousDecomposition/ExecutedRoleIndexedReduction.lean:1151:0: 'ConstitutiveSearch.EndogenousDecomposition.transformedExecutedRoleOperationalTarget_is_executed_action' does not depend on any axioms
info: RelationalPerimeter/Computation/ConstitutiveSearch/EndogenousDecomposition/ExecutedRoleIndexedReduction.lean:1152:0: 'ConstitutiveSearch.EndogenousDecomposition.retainedExecutedRoleOperationalTarget' does not depend on any axioms
info: RelationalPerimeter/Computation/ConstitutiveSearch/EndogenousDecomposition/ExecutedRoleIndexedReduction.lean:1153:0: 'ConstitutiveSearch.EndogenousDecomposition.transformedExecutedRoleOperationalTarget_eq_retained' does not depend on any axioms
info: RelationalPerimeter/Computation/ConstitutiveSearch/EndogenousDecomposition/ExecutedRoleIndexedReduction.lean:1154:0: 'ConstitutiveSearch.EndogenousDecomposition.ExecutedRoleOccurrenceDecision' does not depend on any axioms
info: RelationalPerimeter/Computation/ConstitutiveSearch/EndogenousDecomposition/ExecutedRoleIndexedReduction.lean:1155:0: 'ConstitutiveSearch.EndogenousDecomposition.ExecutedRoleOccurrenceDecision.target' does not depend on any axioms
info: RelationalPerimeter/Computation/ConstitutiveSearch/EndogenousDecomposition/ExecutedRoleIndexedReduction.lean:1156:0: 'ConstitutiveSearch.EndogenousDecomposition.executedTransformedRoleOccurrenceDecision' does not depend on any axioms
info: RelationalPerimeter/Computation/ConstitutiveSearch/EndogenousDecomposition/ExecutedRoleIndexedReduction.lean:1157:0: 'ConstitutiveSearch.EndogenousDecomposition.executedTransformedRoleOccurrenceDecision_target_is_action' does not depend on any axioms
info: RelationalPerimeter/Computation/ConstitutiveSearch/EndogenousDecomposition/ExecutedRoleIndexedReduction.lean:1158:0: 'ConstitutiveSearch.EndogenousDecomposition.ExecutedTransformedDecisionWitness' does not depend on any axioms
info: RelationalPerimeter/Computation/ConstitutiveSearch/EndogenousDecomposition/ExecutedRoleIndexedReduction.lean:1159:0: 'ConstitutiveSearch.EndogenousDecomposition.executedTransformedDecisionWitness' does not depend on any axioms
info: RelationalPerimeter/Computation/ConstitutiveSearch/EndogenousDecomposition/ExecutedRoleIndexedReduction.lean:1160:0: 'ConstitutiveSearch.EndogenousDecomposition.executedRoleOccurrenceDecision' does not depend on any axioms
info: RelationalPerimeter/Computation/ConstitutiveSearch/EndogenousDecomposition/ExecutedRoleIndexedReduction.lean:1161:0: 'ConstitutiveSearch.EndogenousDecomposition.executedRoleOccurrenceDecisionFromWitness' does not depend on any axioms
info: RelationalPerimeter/Computation/ConstitutiveSearch/EndogenousDecomposition/ExecutedRoleIndexedReduction.lean:1162:0: 'ConstitutiveSearch.EndogenousDecomposition.ExecutedRoleOccurrenceDecision.target_exact' does not depend on any axioms
info: RelationalPerimeter/Computation/ConstitutiveSearch/EndogenousDecomposition/ExecutedRoleIndexedReduction.lean:1163:0: 'ConstitutiveSearch.EndogenousDecomposition.criterionPreservingAbsorption_preservesCriterion' does not depend on any axioms
info: RelationalPerimeter/Computation/ConstitutiveSearch/EndogenousDecomposition/ExecutedRoleIndexedReduction.lean:1164:0: 'ConstitutiveSearch.EndogenousDecomposition.ExecutedReductionConstitutiveChain' does not depend on any axioms
info: RelationalPerimeter/Computation/ConstitutiveSearch/EndogenousDecomposition/ExecutedRoleIndexedReduction.lean:1165:0: 'ConstitutiveSearch.EndogenousDecomposition.executedReductionConstitutiveChain' does not depend on any axioms
info: RelationalPerimeter/Computation/ConstitutiveSearch/EndogenousDecomposition/ExecutedRoleIndexedReduction.lean:1166:0: 'ConstitutiveSearch.EndogenousDecomposition.ExecutedReductionCausalExact' does not depend on any axioms
info: RelationalPerimeter/Computation/ConstitutiveSearch/EndogenousDecomposition/ExecutedRoleIndexedReduction.lean:1167:0: 'ConstitutiveSearch.EndogenousDecomposition.ExecutedReductionConstitutiveChain.causalExact' does not depend on any axioms
info: RelationalPerimeter/Computation/ConstitutiveSearch/EndogenousDecomposition/ExecutedRoleIndexedReduction.lean:1168:0: 'ConstitutiveSearch.EndogenousDecomposition.ExecutedReductionRelationalConstitutionExact' does not depend on any axioms
info: RelationalPerimeter/Computation/ConstitutiveSearch/EndogenousDecomposition/ExecutedRoleIndexedReduction.lean:1169:0: 'ConstitutiveSearch.EndogenousDecomposition.ExecutedReductionPreservationExact' does not depend on any axioms
info: RelationalPerimeter/Computation/ConstitutiveSearch/EndogenousDecomposition/ExecutedRoleIndexedReduction.lean:1170:0: 'ConstitutiveSearch.EndogenousDecomposition.ExecutedReductionOccurrenceSeparationExact' does not depend on any axioms
info: RelationalPerimeter/Computation/ConstitutiveSearch/EndogenousDecomposition/ExecutedRoleIndexedReduction.lean:1171:0: 'ConstitutiveSearch.EndogenousDecomposition.ExecutedReductionCausalExact.relationalConstitutionExact' does not depend on any axioms
info: RelationalPerimeter/Computation/ConstitutiveSearch/EndogenousDecomposition/ExecutedRoleIndexedReduction.lean:1172:0: 'ConstitutiveSearch.EndogenousDecomposition.ExecutedReductionCausalExact.preservationExact' does not depend on any axioms
info: RelationalPerimeter/Computation/ConstitutiveSearch/EndogenousDecomposition/ExecutedRoleIndexedReduction.lean:1173:0: 'ConstitutiveSearch.EndogenousDecomposition.ExecutedReductionCausalExact.occurrenceSeparationExact' does not depend on any axioms
info: RelationalPerimeter/Computation/ConstitutiveSearch/EndogenousDecomposition/ExecutedRoleIndexedReduction.lean:1174:0: 'ConstitutiveSearch.EndogenousDecomposition.retainedRoleProfile' does not depend on any axioms
info: RelationalPerimeter/Computation/ConstitutiveSearch/EndogenousDecomposition/ExecutedRoleIndexedReduction.lean:1175:0: 'ConstitutiveSearch.EndogenousDecomposition.ExecutedOperationalTargetProfile' does not depend on any axioms
info: RelationalPerimeter/Computation/ConstitutiveSearch/EndogenousDecomposition/ExecutedRoleIndexedReduction.lean:1176:0: 'ConstitutiveSearch.EndogenousDecomposition.retainedExecutedOperationalTargetProfile' does not depend on any axioms
info: RelationalPerimeter/Computation/ConstitutiveSearch/EndogenousDecomposition/ExecutedRoleIndexedReduction.lean:1177:0: 'ConstitutiveSearch.EndogenousDecomposition.ExecutedRoleProfileReduction' does not depend on any axioms
info: RelationalPerimeter/Computation/ConstitutiveSearch/EndogenousDecomposition/ExecutedRoleIndexedReduction.lean:1178:0: 'ConstitutiveSearch.EndogenousDecomposition.ExecutedHeadNormalization' does not depend on any axioms
info: RelationalPerimeter/Computation/ConstitutiveSearch/EndogenousDecomposition/ExecutedRoleIndexedReduction.lean:1179:0: 'ConstitutiveSearch.EndogenousDecomposition.ExecutedHeadNormalization.target' does not depend on any axioms
info: RelationalPerimeter/Computation/ConstitutiveSearch/EndogenousDecomposition/ExecutedRoleIndexedReduction.lean:1180:0: 'ConstitutiveSearch.EndogenousDecomposition.ExecutedHeadNormalization.decision' does not depend on any axioms
info: RelationalPerimeter/Computation/ConstitutiveSearch/EndogenousDecomposition/ExecutedRoleIndexedReduction.lean:1181:0: 'ConstitutiveSearch.EndogenousDecomposition.normalizeExecutedHead' does not depend on any axioms
info: RelationalPerimeter/Computation/ConstitutiveSearch/EndogenousDecomposition/ExecutedRoleIndexedReduction.lean:1182:0: 'ConstitutiveSearch.EndogenousDecomposition.ExecutedChainNormalization' does not depend on any axioms
info: RelationalPerimeter/Computation/ConstitutiveSearch/EndogenousDecomposition/ExecutedRoleIndexedReduction.lean:1183:0: 'ConstitutiveSearch.EndogenousDecomposition.ExecutedChainNormalization.target' does not depend on any axioms
info: RelationalPerimeter/Computation/ConstitutiveSearch/EndogenousDecomposition/ExecutedRoleIndexedReduction.lean:1184:0: 'ConstitutiveSearch.EndogenousDecomposition.ExecutedChainNormalization.trace' does not depend on any axioms
info: RelationalPerimeter/Computation/ConstitutiveSearch/EndogenousDecomposition/ExecutedRoleIndexedReduction.lean:1185:0: 'ConstitutiveSearch.EndogenousDecomposition.normalizeExecutedRoleProfileFromChain' does not depend on any axioms
info: RelationalPerimeter/Computation/ConstitutiveSearch/EndogenousDecomposition/ExecutedRoleIndexedReduction.lean:1186:0: 'ConstitutiveSearch.EndogenousDecomposition.executedRoleProfileReduction_target_exact' does not depend on any axioms
ℹ [115/142] Replayed RelationalPerimeter.Computation.ConstitutiveSearch.EndogenousDecomposition.CausalOperationalExecution
info: RelationalPerimeter/Computation/ConstitutiveSearch/EndogenousDecomposition/CausalOperationalExecution.lean:352:0: 'ConstitutiveSearch.EndogenousDecomposition.executeCausalOperationalExecutionHistory_head' does not depend on any axioms
info: RelationalPerimeter/Computation/ConstitutiveSearch/EndogenousDecomposition/CausalOperationalExecution.lean:353:0: 'ConstitutiveSearch.EndogenousDecomposition.executeCausalOperationalExecutionHistory_head_independent' does not depend on any axioms
info: RelationalPerimeter/Computation/ConstitutiveSearch/EndogenousDecomposition/CausalOperationalExecution.lean:354:0: 'ConstitutiveSearch.EndogenousDecomposition.executeCausalOperationalExecutionHistory_step' does not depend on any axioms
info: RelationalPerimeter/Computation/ConstitutiveSearch/EndogenousDecomposition/CausalOperationalExecution.lean:356:0: 'ConstitutiveSearch.EndogenousDecomposition.CausalOperationalHead' does not depend on any axioms
info: RelationalPerimeter/Computation/ConstitutiveSearch/EndogenousDecomposition/CausalOperationalExecution.lean:357:0: 'ConstitutiveSearch.EndogenousDecomposition.executeCausalOperationalHead' does not depend on any axioms
info: RelationalPerimeter/Computation/ConstitutiveSearch/EndogenousDecomposition/CausalOperationalExecution.lean:358:0: 'ConstitutiveSearch.EndogenousDecomposition.CausalOperationalExecutionHistory.head?' does not depend on any axioms
info: RelationalPerimeter/Computation/ConstitutiveSearch/EndogenousDecomposition/CausalOperationalExecution.lean:359:0: 'ConstitutiveSearch.EndogenousDecomposition.causalOperational_same_head_different_tails' does not depend on any axioms
info: RelationalPerimeter/Computation/ConstitutiveSearch/EndogenousDecomposition/CausalOperationalExecution.lean:360:0: 'ConstitutiveSearch.EndogenousDecomposition.InitialOperationalPrefix' does not depend on any axioms
info: RelationalPerimeter/Computation/ConstitutiveSearch/EndogenousDecomposition/CausalOperationalExecution.lean:361:0: 'ConstitutiveSearch.EndogenousDecomposition.initialOperationalPrefix' does not depend on any axioms
info: RelationalPerimeter/Computation/ConstitutiveSearch/EndogenousDecomposition/CausalOperationalExecution.lean:362:0: 'ConstitutiveSearch.EndogenousDecomposition.CausalOperationalExecutionHistory' does not depend on any axioms
info: RelationalPerimeter/Computation/ConstitutiveSearch/EndogenousDecomposition/CausalOperationalExecution.lean:363:0: 'ConstitutiveSearch.EndogenousDecomposition.executeCausalOperationalExecutionHistory' does not depend on any axioms
info: RelationalPerimeter/Computation/ConstitutiveSearch/EndogenousDecomposition/CausalOperationalExecution.lean:364:0: 'ConstitutiveSearch.EndogenousDecomposition.CausalOperationalExecutionHistory.instrumented' does not depend on any axioms
info: RelationalPerimeter/Computation/ConstitutiveSearch/EndogenousDecomposition/CausalOperationalExecution.lean:365:0: 'ConstitutiveSearch.EndogenousDecomposition.CausalOperationalExecutionHistory.causalRun' does not depend on any axioms
info: RelationalPerimeter/Computation/ConstitutiveSearch/EndogenousDecomposition/CausalOperationalExecution.lean:366:0: 'ConstitutiveSearch.EndogenousDecomposition.CausalOperationalExecutionHistory.causalRun_exact' does not depend on any axioms
info: RelationalPerimeter/Computation/ConstitutiveSearch/EndogenousDecomposition/CausalOperationalExecution.lean:367:0: 'ConstitutiveSearch.EndogenousDecomposition.CausalOperationalExecutionHistory.stagewiseDecomposition' does not depend on any axioms
info: RelationalPerimeter/Computation/ConstitutiveSearch/EndogenousDecomposition/CausalOperationalExecution.lean:368:0: 'ConstitutiveSearch.EndogenousDecomposition.CausalOperationalExecutionHistory.headsArePrefixLocal' does not depend on any axioms
info: RelationalPerimeter/Computation/ConstitutiveSearch/EndogenousDecomposition/CausalOperationalExecution.lean:369:0: 'ConstitutiveSearch.EndogenousDecomposition.executeCausalOperationalExecutionHistory_instrumented_exact' does not depend on any axioms
info: RelationalPerimeter/Computation/ConstitutiveSearch/EndogenousDecomposition/CausalOperationalExecution.lean:370:0: 'ConstitutiveSearch.EndogenousDecomposition.publicCausalOperationalExecution' does not depend on any axioms
info: RelationalPerimeter/Computation/ConstitutiveSearch/EndogenousDecomposition/CausalOperationalExecution.lean:371:0: 'ConstitutiveSearch.EndogenousDecomposition.publicRelationalConstitutiveRoles' does not depend on any axioms
info: RelationalPerimeter/Computation/ConstitutiveSearch/EndogenousDecomposition/CausalOperationalExecution.lean:372:0: 'ConstitutiveSearch.EndogenousDecomposition.publicRoleProfileFiniteCarrier' does not depend on any axioms
info: RelationalPerimeter/Computation/ConstitutiveSearch/EndogenousDecomposition/CausalOperationalExecution.lean:373:0: 'ConstitutiveSearch.EndogenousDecomposition.publicRoleProfileFiniteCarrier_width' does not depend on any axioms
info: RelationalPerimeter/Computation/ConstitutiveSearch/EndogenousDecomposition/CausalOperationalExecution.lean:374:0: 'ConstitutiveSearch.EndogenousDecomposition.public_exponentialWidth_iff_distinctSeparateConservation' does not depend on any axioms
info: RelationalPerimeter/Computation/ConstitutiveSearch/EndogenousDecomposition/CausalOperationalExecution.lean:375:0: 'ConstitutiveSearch.EndogenousDecomposition.public_exponentialWidth_iff_exactRegimeCapacity' does not depend on any axioms
info: RelationalPerimeter/Computation/ConstitutiveSearch/EndogenousDecomposition/CausalOperationalExecution.lean:376:0: 'ConstitutiveSearch.EndogenousDecomposition.publicCausalOperationalExecution_instrumented_exact' does not depend on any axioms
info: RelationalPerimeter/Computation/ConstitutiveSearch/EndogenousDecomposition/CausalOperationalExecution.lean:377:0: 'ConstitutiveSearch.EndogenousDecomposition.publicCausalOperationalExecution_causalRun_exact' does not depend on any axioms
info: RelationalPerimeter/Computation/ConstitutiveSearch/EndogenousDecomposition/CausalOperationalExecution.lean:378:0: 'ConstitutiveSearch.EndogenousDecomposition.publicCausalOperationalExecution_roles_exact' does not depend on any axioms
ℹ [116/142] Replayed RelationalPerimeter.Computation.ConstitutiveSearch.EndogenousDecomposition.ExecutedFeedbackBridge
info: RelationalPerimeter/Computation/ConstitutiveSearch/EndogenousDecomposition/ExecutedFeedbackBridge.lean:168:0: 'ConstitutiveSearch.EndogenousDecomposition.ExecutedFeedback.StepFacts' does not depend on any axioms
info: RelationalPerimeter/Computation/ConstitutiveSearch/EndogenousDecomposition/ExecutedFeedbackBridge.lean:169:0: 'ConstitutiveSearch.EndogenousDecomposition.ExecutedFeedback.stepFacts' does not depend on any axioms
info: RelationalPerimeter/Computation/ConstitutiveSearch/EndogenousDecomposition/ExecutedFeedbackBridge.lean:170:0: 'ConstitutiveSearch.EndogenousDecomposition.ExecutedFeedback.producedRoleAction_is_discovered' does not depend on any axioms
info: RelationalPerimeter/Computation/ConstitutiveSearch/EndogenousDecomposition/ExecutedFeedbackBridge.lean:171:0: 'ConstitutiveSearch.EndogenousDecomposition.ExecutedFeedback.Along' does not depend on any axioms
info: RelationalPerimeter/Computation/ConstitutiveSearch/EndogenousDecomposition/ExecutedFeedbackBridge.lean:172:0: 'ConstitutiveSearch.EndogenousDecomposition.ExecutedFeedback.along' does not depend on any axioms
info: RelationalPerimeter/Computation/ConstitutiveSearch/EndogenousDecomposition/ExecutedFeedbackBridge.lean:173:0: 'ConstitutiveSearch.EndogenousDecomposition.ExecutedFeedback.widthTrace' does not depend on any axioms
info: RelationalPerimeter/Computation/ConstitutiveSearch/EndogenousDecomposition/ExecutedFeedbackBridge.lean:174:0: 'ConstitutiveSearch.EndogenousDecomposition.ExecutedFeedback.widthTrace_existing' does not depend on any axioms
info: RelationalPerimeter/Computation/ConstitutiveSearch/EndogenousDecomposition/ExecutedFeedbackBridge.lean:175:0: 'ConstitutiveSearch.EndogenousDecomposition.ExecutedFeedback.widthTrace_le_two' does not depend on any axioms
info: RelationalPerimeter/Computation/ConstitutiveSearch/EndogenousDecomposition/ExecutedFeedbackBridge.lean:176:0: 'ConstitutiveSearch.EndogenousDecomposition.ExecutedFeedback.public_along' does not depend on any axioms
info: RelationalPerimeter/Computation/ConstitutiveSearch/EndogenousDecomposition/ExecutedFeedbackBridge.lean:177:0: 'ConstitutiveSearch.EndogenousDecomposition.ExecutedFeedback.public_widthTrace_le_two' does not depend on any axioms
ℹ [117/142] Replayed RelationalPerimeter.Computation.ConstitutiveSearch.EndogenousDecomposition.PublicRelationalExtensiveFamily
info: RelationalPerimeter/Computation/ConstitutiveSearch/EndogenousDecomposition/PublicRelationalExtensiveFamily.lean:184:0: 'ConstitutiveSearch.EndogenousDecomposition.generalHistory_is_uniformBinary' does not depend on any axioms
info: RelationalPerimeter/Computation/ConstitutiveSearch/EndogenousDecomposition/PublicRelationalExtensiveFamily.lean:185:0: 'ConstitutiveSearch.EndogenousDecomposition.generalHistory_is_atLeastBinary' does not depend on any axioms
info: RelationalPerimeter/Computation/ConstitutiveSearch/EndogenousDecomposition/PublicRelationalExtensiveFamily.lean:186:0: 'ConstitutiveSearch.EndogenousDecomposition.generalHistory_width_eq_twoPow' does not depend on any axioms
info: RelationalPerimeter/Computation/ConstitutiveSearch/EndogenousDecomposition/PublicRelationalExtensiveFamily.lean:187:0: 'ConstitutiveSearch.EndogenousDecomposition.publicCausalInitialState' does not depend on any axioms
info: RelationalPerimeter/Computation/ConstitutiveSearch/EndogenousDecomposition/PublicRelationalExtensiveFamily.lean:188:0: 'ConstitutiveSearch.EndogenousDecomposition.publicGeneralRelationalHistory' does not depend on any axioms
info: RelationalPerimeter/Computation/ConstitutiveSearch/EndogenousDecomposition/PublicRelationalExtensiveFamily.lean:189:0: 'ConstitutiveSearch.EndogenousDecomposition.publicRelationalRoleExtensiveFamily' does not depend on any axioms
info: RelationalPerimeter/Computation/ConstitutiveSearch/EndogenousDecomposition/PublicRelationalExtensiveFamily.lean:190:0: 'ConstitutiveSearch.EndogenousDecomposition.publicBinaryRelationalRoleExtensiveFamily' does not depend on any axioms
info: RelationalPerimeter/Computation/ConstitutiveSearch/EndogenousDecomposition/PublicRelationalExtensiveFamily.lean:191:0: 'ConstitutiveSearch.EndogenousDecomposition.publicGeneralSourceWidth' does not depend on any axioms
info: RelationalPerimeter/Computation/ConstitutiveSearch/EndogenousDecomposition/PublicRelationalExtensiveFamily.lean:192:0: 'ConstitutiveSearch.EndogenousDecomposition.publicGeneral_fullWidth_iff_preservesConstitutedIdentities' does not depend on any axioms
info: RelationalPerimeter/Computation/ConstitutiveSearch/EndogenousDecomposition/PublicRelationalExtensiveFamily.lean:193:0: 'ConstitutiveSearch.EndogenousDecomposition.publicGeneral_fullWidth_iff_exactRegimeCapacity' does not depend on any axioms
info: RelationalPerimeter/Computation/ConstitutiveSearch/EndogenousDecomposition/PublicRelationalExtensiveFamily.lean:194:0: 'ConstitutiveSearch.EndogenousDecomposition.publicBinary_exponentialWidth_iff_preservesConstitutedIdentities' does not depend on any axioms
info: RelationalPerimeter/Computation/ConstitutiveSearch/EndogenousDecomposition/PublicRelationalExtensiveFamily.lean:195:0: 'ConstitutiveSearch.EndogenousDecomposition.publicBinary_exponentialWidth_iff_carry_injective_on_executedCarrier' does not depend on any axioms
info: RelationalPerimeter/Computation/ConstitutiveSearch/EndogenousDecomposition/PublicRelationalExtensiveFamily.lean:196:0: 'ConstitutiveSearch.EndogenousDecomposition.publicBinary_exponentialWidth_iff_exactRegimeCapacity' does not depend on any axioms
info: RelationalPerimeter/Computation/ConstitutiveSearch/EndogenousDecomposition/PublicRelationalExtensiveFamily.lean:197:0: 'ConstitutiveSearch.EndogenousDecomposition.publicRoleIndexedProgram' does not depend on any axioms
info: RelationalPerimeter/Computation/ConstitutiveSearch/EndogenousDecomposition/PublicRelationalExtensiveFamily.lean:198:0: 'ConstitutiveSearch.EndogenousDecomposition.publicRoleIndexedProgram_atomCount' does not depend on any axioms
info: RelationalPerimeter/Computation/ConstitutiveSearch/EndogenousDecomposition/PublicRelationalExtensiveFamily.lean:199:0: 'ConstitutiveSearch.EndogenousDecomposition.publicRoleIndexedProgram_interpretationExact' does not depend on any axioms
info: RelationalPerimeter/Computation/ConstitutiveSearch/EndogenousDecomposition/PublicRelationalExtensiveFamily.lean:200:0: 'ConstitutiveSearch.EndogenousDecomposition.publicExecutedRoleReduction' does not depend on any axioms
ℹ [118/142] Replayed RelationalPerimeter.Computation.ConstitutiveSearch.ExactOperationalImage
info: RelationalPerimeter/Computation/ConstitutiveSearch/ExactOperationalImage.lean:535:0: 'ConstitutiveSearch.Extensive.containsWith' does not depend on any axioms
info: RelationalPerimeter/Computation/ConstitutiveSearch/ExactOperationalImage.lean:536:0: 'ConstitutiveSearch.Extensive.containsWith_eq_true_iff_mem' does not depend on any axioms
info: RelationalPerimeter/Computation/ConstitutiveSearch/ExactOperationalImage.lean:537:0: 'ConstitutiveSearch.Extensive.deduplicate' does not depend on any axioms
info: RelationalPerimeter/Computation/ConstitutiveSearch/ExactOperationalImage.lean:538:0: 'ConstitutiveSearch.Extensive.mem_deduplicate_iff' does not depend on any axioms
info: RelationalPerimeter/Computation/ConstitutiveSearch/ExactOperationalImage.lean:539:0: 'ConstitutiveSearch.Extensive.deduplicate_nodup' does not depend on any axioms
info: RelationalPerimeter/Computation/ConstitutiveSearch/ExactOperationalImage.lean:540:0: 'ConstitutiveSearch.Extensive.deduplicate_eq_singleton_of_nonempty_of_all_eq' does not depend on any axioms
info: RelationalPerimeter/Computation/ConstitutiveSearch/ExactOperationalImage.lean:541:0: 'ConstitutiveSearch.Extensive.containsWith_singleton_eq' does not depend on any axioms
info: RelationalPerimeter/Computation/ConstitutiveSearch/ExactOperationalImage.lean:542:0: 'ConstitutiveSearch.Extensive.list_ne_nil_of_mem' does not depend on any axioms
info: RelationalPerimeter/Computation/ConstitutiveSearch/ExactOperationalImage.lean:543:0: 'ConstitutiveSearch.Extensive.map_ne_nil' does not depend on any axioms
info: RelationalPerimeter/Computation/ConstitutiveSearch/ExactOperationalImage.lean:544:0: 'ConstitutiveSearch.Extensive.exactTargetImageFrontier' does not depend on any axioms
info: RelationalPerimeter/Computation/ConstitutiveSearch/ExactOperationalImage.lean:545:0: 'ConstitutiveSearch.Extensive.exactTargetImageFrontier_complete' does not depend on any axioms
info: RelationalPerimeter/Computation/ConstitutiveSearch/ExactOperationalImage.lean:546:0: 'ConstitutiveSearch.Extensive.exactTargetImageFrontier_nodup' does not depend on any axioms
info: RelationalPerimeter/Computation/ConstitutiveSearch/ExactOperationalImage.lean:547:0: 'ConstitutiveSearch.Extensive.attachImageMembers' does not depend on any axioms
info: RelationalPerimeter/Computation/ConstitutiveSearch/ExactOperationalImage.lean:548:0: 'ConstitutiveSearch.Extensive.attachImageMembers_complete' does not depend on any axioms
info: RelationalPerimeter/Computation/ConstitutiveSearch/ExactOperationalImage.lean:549:0: 'ConstitutiveSearch.Extensive.attachImageMembers_length' does not depend on any axioms
info: RelationalPerimeter/Computation/ConstitutiveSearch/ExactOperationalImage.lean:550:0: 'ConstitutiveSearch.Extensive.attachImageMembers_nodup' does not depend on any axioms
info: RelationalPerimeter/Computation/ConstitutiveSearch/ExactOperationalImage.lean:551:0: 'ConstitutiveSearch.Extensive.targetImageIdentityDecEq' does not depend on any axioms
info: RelationalPerimeter/Computation/ConstitutiveSearch/ExactOperationalImage.lean:552:0: 'ConstitutiveSearch.Extensive.computedTargetImageRegime' does not depend on any axioms
info: RelationalPerimeter/Computation/ConstitutiveSearch/ExactOperationalImage.lean:553:0: 'ConstitutiveSearch.Extensive.computedTargetImageRegime_carry_eq_iff_target_eq' does not depend on any axioms
info: RelationalPerimeter/Computation/ConstitutiveSearch/ExactOperationalImage.lean:554:0: 'ConstitutiveSearch.Extensive.computedTargetImageRegime_width_eq_image_width' does not depend on any axioms
info: RelationalPerimeter/Computation/ConstitutiveSearch/ExactOperationalImage.lean:555:0: 'ConstitutiveSearch.Extensive.exactTargetImage_eq_singleton_of_all_targets_equal' does not depend on any axioms
info: RelationalPerimeter/Computation/ConstitutiveSearch/ExactOperationalImage.lean:556:0: 'ConstitutiveSearch.Extensive.computedTargetImageRegime_width_one_of_all_targets_equal' does not depend on any axioms
info: RelationalPerimeter/Computation/ConstitutiveSearch/ExactOperationalImage.lean:557:0: 'ConstitutiveSearch.Extensive.ConvergedTargetObligation' does not depend on any axioms
info: RelationalPerimeter/Computation/ConstitutiveSearch/ExactOperationalImage.lean:558:0: 'ConstitutiveSearch.Extensive.convergedTargetObligationDecEq' does not depend on any axioms
info: RelationalPerimeter/Computation/ConstitutiveSearch/ExactOperationalImage.lean:559:0: 'ConstitutiveSearch.Extensive.convergedTargetImageRegime' does not depend on any axioms
info: RelationalPerimeter/Computation/ConstitutiveSearch/ExactOperationalImage.lean:560:0: 'ConstitutiveSearch.Extensive.convergedTargetImageRegime_carry_value' does not depend on any axioms
info: RelationalPerimeter/Computation/ConstitutiveSearch/ExactOperationalImage.lean:561:0: 'ConstitutiveSearch.Extensive.convergedTargetImageRegime_carry_eq_iff_target_eq' does not depend on any axioms
info: RelationalPerimeter/Computation/ConstitutiveSearch/ExactOperationalImage.lean:562:0: 'ConstitutiveSearch.Extensive.convergedTargetImageRegime_width_exact' does not depend on any axioms
ℹ [119/142] Replayed RelationalPerimeter.Computation.ConstitutiveSearch.SemanticImage
info: RelationalPerimeter/Computation/ConstitutiveSearch/SemanticImage.lean:89:0: 'ConstitutiveSearch.SemanticImage.Description' does not depend on any axioms
info: RelationalPerimeter/Computation/ConstitutiveSearch/SemanticImage.lean:90:0: 'ConstitutiveSearch.SemanticImage.Specification' does not depend on any axioms
info: RelationalPerimeter/Computation/ConstitutiveSearch/SemanticImage.lean:91:0: 'ConstitutiveSearch.SemanticImage.use' does not depend on any axioms
info: RelationalPerimeter/Computation/ConstitutiveSearch/SemanticImage.lean:92:0: 'ConstitutiveSearch.SemanticImage.canonical_exact' does not depend on any axioms
info: RelationalPerimeter/Computation/ConstitutiveSearch/SemanticImage.lean:93:0: 'ConstitutiveSearch.SemanticImage.source_invariant' does not depend on any axioms
info: RelationalPerimeter/Computation/ConstitutiveSearch/SemanticImage.lean:94:0: 'ConstitutiveSearch.SemanticImage.viable_iff' does not depend on any axioms
info: RelationalPerimeter/Computation/ConstitutiveSearch/SemanticImage.lean:95:0: 'ConstitutiveSearch.SemanticImage.certify' does not depend on any axioms
ℹ [120/142] Replayed RelationalPerimeter.Computation.ConstitutiveSearch.EndogenousDecomposition.RoleProfileSemantics
info: RelationalPerimeter/Computation/ConstitutiveSearch/EndogenousDecomposition/RoleProfileSemantics.lean:299:0: 'ConstitutiveSearch.EndogenousDecomposition.RoleSemantics.canonicalPayload_accepted' does not depend on any axioms
info: RelationalPerimeter/Computation/ConstitutiveSearch/EndogenousDecomposition/RoleProfileSemantics.lean:300:0: 'ConstitutiveSearch.EndogenousDecomposition.RoleSemantics.retainedSelection' does not depend on any axioms
info: RelationalPerimeter/Computation/ConstitutiveSearch/EndogenousDecomposition/RoleProfileSemantics.lean:301:0: 'ConstitutiveSearch.EndogenousDecomposition.RoleSemantics.includeTarget' does not depend on any axioms
info: RelationalPerimeter/Computation/ConstitutiveSearch/EndogenousDecomposition/RoleProfileSemantics.lean:302:0: 'ConstitutiveSearch.EndogenousDecomposition.RoleSemantics.includeTarget_preserves' does not depend on any axioms
info: RelationalPerimeter/Computation/ConstitutiveSearch/EndogenousDecomposition/RoleProfileSemantics.lean:304:0: 'ConstitutiveSearch.EndogenousDecomposition.RoleSemantics.localConstitutionFromBoth' does not depend on any axioms
info: RelationalPerimeter/Computation/ConstitutiveSearch/EndogenousDecomposition/RoleProfileSemantics.lean:305:0: 'ConstitutiveSearch.EndogenousDecomposition.RoleSemantics.profileConstitutionFromChain' does not depend on any axioms
info: RelationalPerimeter/Computation/ConstitutiveSearch/EndogenousDecomposition/RoleProfileSemantics.lean:306:0: 'ConstitutiveSearch.EndogenousDecomposition.RoleSemantics.LocalAccept' does not depend on any axioms
info: RelationalPerimeter/Computation/ConstitutiveSearch/EndogenousDecomposition/RoleProfileSemantics.lean:307:0: 'ConstitutiveSearch.EndogenousDecomposition.RoleSemantics.occurrenceSystem' does not depend on any axioms
info: RelationalPerimeter/Computation/ConstitutiveSearch/EndogenousDecomposition/RoleProfileSemantics.lean:308:0: 'ConstitutiveSearch.EndogenousDecomposition.RoleSemantics.ProfileAccept' does not depend on any axioms
info: RelationalPerimeter/Computation/ConstitutiveSearch/EndogenousDecomposition/RoleProfileSemantics.lean:309:0: 'ConstitutiveSearch.EndogenousDecomposition.RoleSemantics.TargetAccept' does not depend on any axioms
info: RelationalPerimeter/Computation/ConstitutiveSearch/EndogenousDecomposition/RoleProfileSemantics.lean:310:0: 'ConstitutiveSearch.EndogenousDecomposition.RoleSemantics.actProfile' does not depend on any axioms
info: RelationalPerimeter/Computation/ConstitutiveSearch/EndogenousDecomposition/RoleProfileSemantics.lean:311:0: 'ConstitutiveSearch.EndogenousDecomposition.RoleSemantics.localPreserves' does not depend on any axioms
info: RelationalPerimeter/Computation/ConstitutiveSearch/EndogenousDecomposition/RoleProfileSemantics.lean:312:0: 'ConstitutiveSearch.EndogenousDecomposition.RoleSemantics.profilePreserves' does not depend on any axioms
info: RelationalPerimeter/Computation/ConstitutiveSearch/EndogenousDecomposition/RoleProfileSemantics.lean:313:0: 'ConstitutiveSearch.EndogenousDecomposition.RoleSemantics.SourcesRemainDistinct' does not depend on any axioms
info: RelationalPerimeter/Computation/ConstitutiveSearch/EndogenousDecomposition/RoleProfileSemantics.lean:314:0: 'ConstitutiveSearch.EndogenousDecomposition.RoleSemantics.sourcesRemainDistinct' does not depend on any axioms
info: RelationalPerimeter/Computation/ConstitutiveSearch/EndogenousDecomposition/RoleProfileSemantics.lean:315:0: 'ConstitutiveSearch.EndogenousDecomposition.RoleSemantics.canonicalAction_exact' does not depend on any axioms
info: RelationalPerimeter/Computation/ConstitutiveSearch/EndogenousDecomposition/RoleProfileSemantics.lean:316:0: 'ConstitutiveSearch.EndogenousDecomposition.RoleSemantics.LocalConstitution' does not depend on any axioms
info: RelationalPerimeter/Computation/ConstitutiveSearch/EndogenousDecomposition/RoleProfileSemantics.lean:317:0: 'ConstitutiveSearch.EndogenousDecomposition.RoleSemantics.localConstitution' does not depend on any axioms
info: RelationalPerimeter/Computation/ConstitutiveSearch/EndogenousDecomposition/RoleProfileSemantics.lean:318:0: 'ConstitutiveSearch.EndogenousDecomposition.RoleSemantics.ProfileConstitution' does not depend on any axioms
info: RelationalPerimeter/Computation/ConstitutiveSearch/EndogenousDecomposition/RoleProfileSemantics.lean:319:0: 'ConstitutiveSearch.EndogenousDecomposition.RoleSemantics.profileConstitution' does not depend on any axioms
info: RelationalPerimeter/Computation/ConstitutiveSearch/EndogenousDecomposition/RoleProfileSemantics.lean:320:0: 'ConstitutiveSearch.EndogenousDecomposition.RoleSemantics.actProfile_step' does not depend on any axioms
ℹ [121/142] Replayed RelationalPerimeter.Computation.ConstitutiveSearch.EndogenousDecomposition.ExecutedCausalNormalization
info: RelationalPerimeter/Computation/ConstitutiveSearch/EndogenousDecomposition/ExecutedCausalNormalization.lean:668:0: 'ConstitutiveSearch.EndogenousDecomposition.ExecutedCausalNormalization.viable_iff' does not depend on any axioms
info: RelationalPerimeter/Computation/ConstitutiveSearch/EndogenousDecomposition/ExecutedCausalNormalization.lean:669:0: 'ConstitutiveSearch.EndogenousDecomposition.ExecutedCausalNormalization.imageDescription' does not depend on any axioms
info: RelationalPerimeter/Computation/ConstitutiveSearch/EndogenousDecomposition/ExecutedCausalNormalization.lean:670:0: 'ConstitutiveSearch.EndogenousDecomposition.ExecutedOperationalGroupingAuthorization.imageSpecification' does not depend on any axioms
info: RelationalPerimeter/Computation/ConstitutiveSearch/EndogenousDecomposition/ExecutedCausalNormalization.lean:671:0: 'ConstitutiveSearch.EndogenousDecomposition.AuthorizedProducedTargetObligation.transformPayload' does not depend on any axioms
info: RelationalPerimeter/Computation/ConstitutiveSearch/EndogenousDecomposition/ExecutedCausalNormalization.lean:672:0: 'ConstitutiveSearch.EndogenousDecomposition.AuthorizedProducedTargetObligation.sourceInvariant' does not depend on any axioms
info: RelationalPerimeter/Computation/ConstitutiveSearch/EndogenousDecomposition/ExecutedCausalNormalization.lean:674:0: 'ConstitutiveSearch.EndogenousDecomposition.ExecutedTargetIsProduced' does not depend on any axioms
info: RelationalPerimeter/Computation/ConstitutiveSearch/EndogenousDecomposition/ExecutedCausalNormalization.lean:675:0: 'ConstitutiveSearch.EndogenousDecomposition.AuthorizedProducedTargetObligation.produced' does not depend on any axioms
info: RelationalPerimeter/Computation/ConstitutiveSearch/EndogenousDecomposition/ExecutedCausalNormalization.lean:676:0: 'ConstitutiveSearch.EndogenousDecomposition.AuthorizedProducedTargetObligation.eq_of_value_eq' does not depend on any axioms
info: RelationalPerimeter/Computation/ConstitutiveSearch/EndogenousDecomposition/ExecutedCausalNormalization.lean:677:0: 'ConstitutiveSearch.EndogenousDecomposition.ExecutedCausalNormalization' does not depend on any axioms
info: RelationalPerimeter/Computation/ConstitutiveSearch/EndogenousDecomposition/ExecutedCausalNormalization.lean:678:0: 'ConstitutiveSearch.EndogenousDecomposition.executedCausalNormalization' does not depend on any axioms
info: RelationalPerimeter/Computation/ConstitutiveSearch/EndogenousDecomposition/ExecutedCausalNormalization.lean:679:0: 'ConstitutiveSearch.EndogenousDecomposition.ExecutedCausalNormalization.constitutivePreservation' does not depend on any axioms
info: RelationalPerimeter/Computation/ConstitutiveSearch/EndogenousDecomposition/ExecutedCausalNormalization.lean:680:0: 'ConstitutiveSearch.EndogenousDecomposition.ExecutedCausalNormalization.constitutiveRelationalEvidence' does not depend on any axioms
info: RelationalPerimeter/Computation/ConstitutiveSearch/EndogenousDecomposition/ExecutedCausalNormalization.lean:681:0: 'ConstitutiveSearch.EndogenousDecomposition.ExecutedCausalNormalization.constitutiveOccurrenceSeparation' does not depend on any axioms
info: RelationalPerimeter/Computation/ConstitutiveSearch/EndogenousDecomposition/ExecutedCausalNormalization.lean:682:0: 'ConstitutiveSearch.EndogenousDecomposition.ExecutedOperationalGroupingAuthorization' does not depend on any axioms
info: RelationalPerimeter/Computation/ConstitutiveSearch/EndogenousDecomposition/ExecutedCausalNormalization.lean:683:0: 'ConstitutiveSearch.EndogenousDecomposition.ExecutedOperationalGroupingAuthorization.preservation' does not depend on any axioms
info: RelationalPerimeter/Computation/ConstitutiveSearch/EndogenousDecomposition/ExecutedCausalNormalization.lean:684:0: 'ConstitutiveSearch.EndogenousDecomposition.ExecutedOperationalGroupingAuthorization.relationalConstitution' does not depend on any axioms
info: RelationalPerimeter/Computation/ConstitutiveSearch/EndogenousDecomposition/ExecutedCausalNormalization.lean:685:0: 'ConstitutiveSearch.EndogenousDecomposition.ExecutedOperationalGroupingAuthorization.occurrenceSeparation' does not depend on any axioms
info: RelationalPerimeter/Computation/ConstitutiveSearch/EndogenousDecomposition/ExecutedCausalNormalization.lean:686:0: 'ConstitutiveSearch.EndogenousDecomposition.ExecutedCausalNormalization.groupingAuthorization' does not depend on any axioms
info: RelationalPerimeter/Computation/ConstitutiveSearch/EndogenousDecomposition/ExecutedCausalNormalization.lean:687:0: 'ConstitutiveSearch.EndogenousDecomposition.ExecutedCausalNormalization.result' does not depend on any axioms
info: RelationalPerimeter/Computation/ConstitutiveSearch/EndogenousDecomposition/ExecutedCausalNormalization.lean:688:0: 'ConstitutiveSearch.EndogenousDecomposition.ExecutedCausalNormalization.result_exact' does not depend on any axioms
info: RelationalPerimeter/Computation/ConstitutiveSearch/EndogenousDecomposition/ExecutedCausalNormalization.lean:689:0: 'ConstitutiveSearch.EndogenousDecomposition.ExecutedCausalNormalization.target' does not depend on any axioms
info: RelationalPerimeter/Computation/ConstitutiveSearch/EndogenousDecomposition/ExecutedCausalNormalization.lean:690:0: 'ConstitutiveSearch.EndogenousDecomposition.ExecutedCausalNormalization.trace' does not depend on any axioms
info: RelationalPerimeter/Computation/ConstitutiveSearch/EndogenousDecomposition/ExecutedCausalNormalization.lean:691:0: 'ConstitutiveSearch.EndogenousDecomposition.ExecutedCausalNormalization.target_exact' does not depend on any axioms
info: RelationalPerimeter/Computation/ConstitutiveSearch/EndogenousDecomposition/ExecutedCausalNormalization.lean:692:0: 'ConstitutiveSearch.EndogenousDecomposition.ProducedOperationalTargetOccurrence' does not depend on any axioms
info: RelationalPerimeter/Computation/ConstitutiveSearch/EndogenousDecomposition/ExecutedCausalNormalization.lean:693:0: 'ConstitutiveSearch.EndogenousDecomposition.ExecutedCausalNormalization.producedTargetOccurrence' does not depend on any axioms
info: RelationalPerimeter/Computation/ConstitutiveSearch/EndogenousDecomposition/ExecutedCausalNormalization.lean:694:0: 'ConstitutiveSearch.EndogenousDecomposition.ExecutedCausalNormalization.producedTargetOccurrences' does not depend on any axioms
info: RelationalPerimeter/Computation/ConstitutiveSearch/EndogenousDecomposition/ExecutedCausalNormalization.lean:695:0: 'ConstitutiveSearch.EndogenousDecomposition.ExecutedCausalNormalization.producedTargetFrontier' does not depend on any axioms
info: RelationalPerimeter/Computation/ConstitutiveSearch/EndogenousDecomposition/ExecutedCausalNormalization.lean:696:0: 'ConstitutiveSearch.EndogenousDecomposition.AuthorizedProducedTargetObligation' does not depend on any axioms
info: RelationalPerimeter/Computation/ConstitutiveSearch/EndogenousDecomposition/ExecutedCausalNormalization.lean:697:0: 'ConstitutiveSearch.EndogenousDecomposition.AuthorizedProducedTargetObligation.value' does not depend on any axioms
info: RelationalPerimeter/Computation/ConstitutiveSearch/EndogenousDecomposition/ExecutedCausalNormalization.lean:698:0: 'ConstitutiveSearch.EndogenousDecomposition.AuthorizedProducedTargetObligation.all_eq' does not depend on any axioms
info: RelationalPerimeter/Computation/ConstitutiveSearch/EndogenousDecomposition/ExecutedCausalNormalization.lean:699:0: 'ConstitutiveSearch.EndogenousDecomposition.authorizedProducedTargetObligationDecEq' does not depend on any axioms
info: RelationalPerimeter/Computation/ConstitutiveSearch/EndogenousDecomposition/ExecutedCausalNormalization.lean:700:0: 'ConstitutiveSearch.EndogenousDecomposition.ExecutedCausalNormalization.authorizedOperationalRegime' does not depend on any axioms
info: RelationalPerimeter/Computation/ConstitutiveSearch/EndogenousDecomposition/ExecutedCausalNormalization.lean:701:0: 'ConstitutiveSearch.EndogenousDecomposition.ExecutedCausalNormalization.operationalRegime' does not depend on any axioms
info: RelationalPerimeter/Computation/ConstitutiveSearch/EndogenousDecomposition/ExecutedCausalNormalization.lean:702:0: 'ConstitutiveSearch.EndogenousDecomposition.ExecutedCausalNormalization.operationalRegime_exact' does not depend on any axioms
info: RelationalPerimeter/Computation/ConstitutiveSearch/EndogenousDecomposition/ExecutedCausalNormalization.lean:703:0: 'ConstitutiveSearch.EndogenousDecomposition.ExecutedCausalNormalization.carry_eq_iff_target_eq' does not depend on any axioms
info: RelationalPerimeter/Computation/ConstitutiveSearch/EndogenousDecomposition/ExecutedCausalNormalization.lean:704:0: 'ConstitutiveSearch.EndogenousDecomposition.OperationallyCoDetermined' does not depend on any axioms
info: RelationalPerimeter/Computation/ConstitutiveSearch/EndogenousDecomposition/ExecutedCausalNormalization.lean:705:0: 'ConstitutiveSearch.EndogenousDecomposition.ExecutedCausalNormalization.coDeterminationOfTargetEq' does not depend on any axioms
info: RelationalPerimeter/Computation/ConstitutiveSearch/EndogenousDecomposition/ExecutedCausalNormalization.lean:706:0: 'ConstitutiveSearch.EndogenousDecomposition.OperationallyCoDetermined.target_eq' does not depend on any axioms
info: RelationalPerimeter/Computation/ConstitutiveSearch/EndogenousDecomposition/ExecutedCausalNormalization.lean:707:0: 'ConstitutiveSearch.EndogenousDecomposition.ExecutedCausalNormalization.carry_eq_iff_coDetermined' does not depend on any axioms
info: RelationalPerimeter/Computation/ConstitutiveSearch/EndogenousDecomposition/ExecutedCausalNormalization.lean:708:0: 'ConstitutiveSearch.EndogenousDecomposition.ExactExecutedOperationalRegime' does not depend on any axioms
info: RelationalPerimeter/Computation/ConstitutiveSearch/EndogenousDecomposition/ExecutedCausalNormalization.lean:709:0: 'ConstitutiveSearch.EndogenousDecomposition.exactExecutedOperationalRegime' does not depend on any axioms
info: RelationalPerimeter/Computation/ConstitutiveSearch/EndogenousDecomposition/ExecutedCausalNormalization.lean:710:0: 'ConstitutiveSearch.EndogenousDecomposition.ExecutedCausalNormalization.targets_converge' does not depend on any axioms
info: RelationalPerimeter/Computation/ConstitutiveSearch/EndogenousDecomposition/ExecutedCausalNormalization.lean:711:0: 'ConstitutiveSearch.EndogenousDecomposition.ExecutedCausalNormalization.producedTargetFrontier_exact' does not depend on any axioms
info: RelationalPerimeter/Computation/ConstitutiveSearch/EndogenousDecomposition/ExecutedCausalNormalization.lean:712:0: 'ConstitutiveSearch.EndogenousDecomposition.ExecutedCausalNormalization.regimeWidth_eq_producedTargetWidth' does not depend on any axioms
info: RelationalPerimeter/Computation/ConstitutiveSearch/EndogenousDecomposition/ExecutedCausalNormalization.lean:713:0: 'ConstitutiveSearch.EndogenousDecomposition.ExecutedCausalNormalization.width_exact' does not depend on any axioms
ℹ [122/142] Replayed RelationalPerimeter.Computation.ConstitutiveSearch.EndogenousDecomposition.ConstitutiveExtensiveSeparation
info: RelationalPerimeter/Computation/ConstitutiveSearch/EndogenousDecomposition/ConstitutiveExtensiveSeparation.lean:730:0: 'ConstitutiveSearch.EndogenousDecomposition.EndogenousDecompositionAndWidth' does not depend on any axioms
info: RelationalPerimeter/Computation/ConstitutiveSearch/EndogenousDecomposition/ConstitutiveExtensiveSeparation.lean:731:0: 'ConstitutiveSearch.EndogenousDecomposition.endogenousDecompositionAndWidth' does not depend on any axioms
info: RelationalPerimeter/Computation/ConstitutiveSearch/EndogenousDecomposition/ConstitutiveExtensiveSeparation.lean:732:0: 'ConstitutiveSearch.EndogenousDecomposition.binaryClass_fullWidthExactlyInjective' does not depend on any axioms
info: RelationalPerimeter/Computation/ConstitutiveSearch/EndogenousDecomposition/ConstitutiveExtensiveSeparation.lean:733:0: 'ConstitutiveSearch.EndogenousDecomposition.extensiveMultiplicity_doesNotForceFullOperationalWidth' does not depend on any axioms
info: RelationalPerimeter/Computation/ConstitutiveSearch/EndogenousDecomposition/ConstitutiveExtensiveSeparation.lean:734:0: 'ConstitutiveSearch.EndogenousDecomposition.publicCarriedProfilePayload' does not depend on any axioms
info: RelationalPerimeter/Computation/ConstitutiveSearch/EndogenousDecomposition/ConstitutiveExtensiveSeparation.lean:735:0: 'ConstitutiveSearch.EndogenousDecomposition.publicCarriedProfilePayload_action' does not depend on any axioms
info: RelationalPerimeter/Computation/ConstitutiveSearch/EndogenousDecomposition/ConstitutiveExtensiveSeparation.lean:736:0: 'ConstitutiveSearch.EndogenousDecomposition.publicCarriedProfilePayload_preserves' does not depend on any axioms
info: RelationalPerimeter/Computation/ConstitutiveSearch/EndogenousDecomposition/ConstitutiveExtensiveSeparation.lean:737:0: 'ConstitutiveSearch.EndogenousDecomposition.publicCarriedProfile_constitution' does not depend on any axioms
info: RelationalPerimeter/Computation/ConstitutiveSearch/EndogenousDecomposition/ConstitutiveExtensiveSeparation.lean:739:0: 'ConstitutiveSearch.EndogenousDecomposition.ConstitutiveExtensiveSeparationCertificate' does not depend on any axioms
info: RelationalPerimeter/Computation/ConstitutiveSearch/EndogenousDecomposition/ConstitutiveExtensiveSeparation.lean:740:0: 'ConstitutiveSearch.EndogenousDecomposition.ConstitutiveExtensiveSeparationCertificate.roles' does not depend on any axioms
info: RelationalPerimeter/Computation/ConstitutiveSearch/EndogenousDecomposition/ConstitutiveExtensiveSeparation.lean:741:0: 'ConstitutiveSearch.EndogenousDecomposition.constitutiveExtensiveSeparationCertificate' does not depend on any axioms
info: RelationalPerimeter/Computation/ConstitutiveSearch/EndogenousDecomposition/ConstitutiveExtensiveSeparation.lean:742:0: 'ConstitutiveSearch.EndogenousDecomposition.publicCertificateNormalization' does not depend on any axioms
info: RelationalPerimeter/Computation/ConstitutiveSearch/EndogenousDecomposition/ConstitutiveExtensiveSeparation.lean:743:0: 'ConstitutiveSearch.EndogenousDecomposition.publicCertificateExactExecutedRegime' does not depend on any axioms
info: RelationalPerimeter/Computation/ConstitutiveSearch/EndogenousDecomposition/ConstitutiveExtensiveSeparation.lean:744:0: 'ConstitutiveSearch.EndogenousDecomposition.publicCertificateExecutedRegime' does not depend on any axioms
info: RelationalPerimeter/Computation/ConstitutiveSearch/EndogenousDecomposition/ConstitutiveExtensiveSeparation.lean:745:0: 'ConstitutiveSearch.EndogenousDecomposition.publicCertificateExecutedRegime_exact' does not depend on any axioms
info: RelationalPerimeter/Computation/ConstitutiveSearch/EndogenousDecomposition/ConstitutiveExtensiveSeparation.lean:746:0: 'ConstitutiveSearch.EndogenousDecomposition.publicCertificateCarryTrace' does not depend on any axioms
info: RelationalPerimeter/Computation/ConstitutiveSearch/EndogenousDecomposition/ConstitutiveExtensiveSeparation.lean:747:0: 'ConstitutiveSearch.EndogenousDecomposition.publicCertificate_carry_eq_iff_produced_target_eq' does not depend on any axioms
info: RelationalPerimeter/Computation/ConstitutiveSearch/EndogenousDecomposition/ConstitutiveExtensiveSeparation.lean:748:0: 'ConstitutiveSearch.EndogenousDecomposition.publicCertificate_carry_value_eq_produced_target' does not depend on any axioms
info: RelationalPerimeter/Computation/ConstitutiveSearch/EndogenousDecomposition/ConstitutiveExtensiveSeparation.lean:749:0: 'ConstitutiveSearch.EndogenousDecomposition.publicCertificate_carry_eq_iff_coDetermined' does not depend on any axioms
info: RelationalPerimeter/Computation/ConstitutiveSearch/EndogenousDecomposition/ConstitutiveExtensiveSeparation.lean:750:0: 'ConstitutiveSearch.EndogenousDecomposition.publicCertificateTransformedProfile' does not depend on any axioms
info: RelationalPerimeter/Computation/ConstitutiveSearch/EndogenousDecomposition/ConstitutiveExtensiveSeparation.lean:751:0: 'ConstitutiveSearch.EndogenousDecomposition.publicCertificateRetainedProfile' does not depend on any axioms
info: RelationalPerimeter/Computation/ConstitutiveSearch/EndogenousDecomposition/ConstitutiveExtensiveSeparation.lean:752:0: 'ConstitutiveSearch.EndogenousDecomposition.publicCertificateProfiles_distinct' does not depend on any axioms
info: RelationalPerimeter/Computation/ConstitutiveSearch/EndogenousDecomposition/ConstitutiveExtensiveSeparation.lean:753:0: 'ConstitutiveSearch.EndogenousDecomposition.publicCertificateProfiles_coDetermined' does not depend on any axioms
info: RelationalPerimeter/Computation/ConstitutiveSearch/EndogenousDecomposition/ConstitutiveExtensiveSeparation.lean:754:0: 'ConstitutiveSearch.EndogenousDecomposition.publicCertificateProfiles_carryTogether' does not depend on any axioms
info: RelationalPerimeter/Computation/ConstitutiveSearch/EndogenousDecomposition/ConstitutiveExtensiveSeparation.lean:755:0: 'ConstitutiveSearch.EndogenousDecomposition.publicCertificate_executedRegime_width' does not depend on any axioms
info: RelationalPerimeter/Computation/ConstitutiveSearch/EndogenousDecomposition/ConstitutiveExtensiveSeparation.lean:756:0: 'ConstitutiveSearch.EndogenousDecomposition.publicCertificate_exponential_iff_conservation' does not depend on any axioms
info: RelationalPerimeter/Computation/ConstitutiveSearch/EndogenousDecomposition/ConstitutiveExtensiveSeparation.lean:757:0: 'ConstitutiveSearch.EndogenousDecomposition.publicCertificate_exponential_iff_carry_injective' does not depend on any axioms
info: RelationalPerimeter/Computation/ConstitutiveSearch/EndogenousDecomposition/ConstitutiveExtensiveSeparation.lean:758:0: 'ConstitutiveSearch.EndogenousDecomposition.publicCertificateSeparateRegime' does not depend on any axioms
info: RelationalPerimeter/Computation/ConstitutiveSearch/EndogenousDecomposition/ConstitutiveExtensiveSeparation.lean:759:0: 'ConstitutiveSearch.EndogenousDecomposition.publicCertificate_separateRegime_exponentialWidth' does not depend on any axioms
info: RelationalPerimeter/Computation/ConstitutiveSearch/EndogenousDecomposition/ConstitutiveExtensiveSeparation.lean:760:0: 'ConstitutiveSearch.EndogenousDecomposition.publicCertificate_separateRegime_conserves' does not depend on any axioms
info: RelationalPerimeter/Computation/ConstitutiveSearch/EndogenousDecomposition/ConstitutiveExtensiveSeparation.lean:761:0: 'ConstitutiveSearch.EndogenousDecomposition.publicCertificate_reduction_separates_identity_from_obligation' does not depend on any axioms
info: RelationalPerimeter/Computation/ConstitutiveSearch/EndogenousDecomposition/ConstitutiveExtensiveSeparation.lean:762:0: 'ConstitutiveSearch.EndogenousDecomposition.ExecutedGroupedDistinctProfiles' does not depend on any axioms
info: RelationalPerimeter/Computation/ConstitutiveSearch/EndogenousDecomposition/ConstitutiveExtensiveSeparation.lean:763:0: 'ConstitutiveSearch.EndogenousDecomposition.PublicExecutionConstitutionCertificate' does not depend on any axioms
info: RelationalPerimeter/Computation/ConstitutiveSearch/EndogenousDecomposition/ConstitutiveExtensiveSeparation.lean:764:0: 'ConstitutiveSearch.EndogenousDecomposition.publicExecutionConstitutionCertificate' does not depend on any axioms
info: RelationalPerimeter/Computation/ConstitutiveSearch/EndogenousDecomposition/ConstitutiveExtensiveSeparation.lean:765:0: 'ConstitutiveSearch.EndogenousDecomposition.PublicConstitutiveNormalizationCertificate' does not depend on any axioms
info: RelationalPerimeter/Computation/ConstitutiveSearch/EndogenousDecomposition/ConstitutiveExtensiveSeparation.lean:766:0: 'ConstitutiveSearch.EndogenousDecomposition.publicConstitutiveNormalizationCertificate' does not depend on any axioms
info: RelationalPerimeter/Computation/ConstitutiveSearch/EndogenousDecomposition/ConstitutiveExtensiveSeparation.lean:767:0: 'ConstitutiveSearch.EndogenousDecomposition.PublicOperationalRegimeCertificate' does not depend on any axioms
info: RelationalPerimeter/Computation/ConstitutiveSearch/EndogenousDecomposition/ConstitutiveExtensiveSeparation.lean:768:0: 'ConstitutiveSearch.EndogenousDecomposition.publicOperationalRegimeCertificate' does not depend on any axioms
info: RelationalPerimeter/Computation/ConstitutiveSearch/EndogenousDecomposition/ConstitutiveExtensiveSeparation.lean:769:0: 'ConstitutiveSearch.EndogenousDecomposition.PublicOperationalWidthCertificate' does not depend on any axioms
info: RelationalPerimeter/Computation/ConstitutiveSearch/EndogenousDecomposition/ConstitutiveExtensiveSeparation.lean:770:0: 'ConstitutiveSearch.EndogenousDecomposition.publicOperationalWidthCertificate' does not depend on any axioms
info: RelationalPerimeter/Computation/ConstitutiveSearch/EndogenousDecomposition/ConstitutiveExtensiveSeparation.lean:771:0: 'ConstitutiveSearch.EndogenousDecomposition.ExactCausalExponentialTarget' does not depend on any axioms
info: RelationalPerimeter/Computation/ConstitutiveSearch/EndogenousDecomposition/ConstitutiveExtensiveSeparation.lean:772:0: 'ConstitutiveSearch.EndogenousDecomposition.exactCausalExponentialTarget' does not depend on any axioms
ℹ [123/142] Replayed RelationalPerimeter.Computation.ConstitutiveSearch.EndogenousDecomposition.ConstitutiveNormalizerProgram
info: RelationalPerimeter/Computation/ConstitutiveSearch/EndogenousDecomposition/ConstitutiveNormalizerProgram.lean:628:0: 'ConstitutiveSearch.EndogenousDecomposition.ConstitutiveNormalizerInstruction' does not depend on any axioms
info: RelationalPerimeter/Computation/ConstitutiveSearch/EndogenousDecomposition/ConstitutiveNormalizerProgram.lean:629:0: 'ConstitutiveSearch.EndogenousDecomposition.ConstitutiveNormalizerInstruction.IsAuthoritative' does not depend on any axioms
info: RelationalPerimeter/Computation/ConstitutiveSearch/EndogenousDecomposition/ConstitutiveNormalizerProgram.lean:630:0: 'ConstitutiveSearch.EndogenousDecomposition.authoritativeNormalizerInstruction' does not depend on any axioms
info: RelationalPerimeter/Computation/ConstitutiveSearch/EndogenousDecomposition/ConstitutiveNormalizerProgram.lean:631:0: 'ConstitutiveSearch.EndogenousDecomposition.authoritativeNormalizerInstruction_code_exact' does not depend on any axioms
info: RelationalPerimeter/Computation/ConstitutiveSearch/EndogenousDecomposition/ConstitutiveNormalizerProgram.lean:632:0: 'ConstitutiveSearch.EndogenousDecomposition.authoritativeNormalizerInstruction_isAuthoritative' does not depend on any axioms
info: RelationalPerimeter/Computation/ConstitutiveSearch/EndogenousDecomposition/ConstitutiveNormalizerProgram.lean:633:0: 'ConstitutiveSearch.EndogenousDecomposition.leftPayloadAtScheduleSource' does not depend on any axioms
info: RelationalPerimeter/Computation/ConstitutiveSearch/EndogenousDecomposition/ConstitutiveNormalizerProgram.lean:634:0: 'ConstitutiveSearch.EndogenousDecomposition.scheduleTargetAsRetainedPayload' does not depend on any axioms
info: RelationalPerimeter/Computation/ConstitutiveSearch/EndogenousDecomposition/ConstitutiveNormalizerProgram.lean:635:0: 'ConstitutiveSearch.EndogenousDecomposition.scheduledSource_from_discovery_exact' does not depend on any axioms
info: RelationalPerimeter/Computation/ConstitutiveSearch/EndogenousDecomposition/ConstitutiveNormalizerProgram.lean:636:0: 'ConstitutiveSearch.EndogenousDecomposition.scheduledTarget_from_discovery_exact' does not depend on any axioms
info: RelationalPerimeter/Computation/ConstitutiveSearch/EndogenousDecomposition/ConstitutiveNormalizerProgram.lean:637:0: 'ConstitutiveSearch.EndogenousDecomposition.interpretConstitutiveNormalizerInstruction' does not depend on any axioms
info: RelationalPerimeter/Computation/ConstitutiveSearch/EndogenousDecomposition/ConstitutiveNormalizerProgram.lean:638:0: 'ConstitutiveSearch.EndogenousDecomposition.interpretConstitutiveNormalizerInstruction_false' does not depend on any axioms
info: RelationalPerimeter/Computation/ConstitutiveSearch/EndogenousDecomposition/ConstitutiveNormalizerProgram.lean:639:0: 'ConstitutiveSearch.EndogenousDecomposition.interpretConstitutiveNormalizerInstruction_output_exact' does not depend on any axioms
info: RelationalPerimeter/Computation/ConstitutiveSearch/EndogenousDecomposition/ConstitutiveNormalizerProgram.lean:640:0: 'ConstitutiveSearch.EndogenousDecomposition.interpretConstitutiveNormalizerInstruction_sensitive' does not depend on any axioms
info: RelationalPerimeter/Computation/ConstitutiveSearch/EndogenousDecomposition/ConstitutiveNormalizerProgram.lean:641:0: 'ConstitutiveSearch.EndogenousDecomposition.interpretConstitutiveNormalizerInstruction_true' does not depend on any axioms
info: RelationalPerimeter/Computation/ConstitutiveSearch/EndogenousDecomposition/ConstitutiveNormalizerProgram.lean:642:0: 'ConstitutiveSearch.EndogenousDecomposition.executedCode_map_eq_discoveredMap' does not depend on any axioms
info: RelationalPerimeter/Computation/ConstitutiveSearch/EndogenousDecomposition/ConstitutiveNormalizerProgram.lean:643:0: 'ConstitutiveSearch.EndogenousDecomposition.interpretAuthoritativeNormalizerInstruction_exact' does not depend on any axioms
info: RelationalPerimeter/Computation/ConstitutiveSearch/EndogenousDecomposition/ConstitutiveNormalizerProgram.lean:644:0: 'ConstitutiveSearch.EndogenousDecomposition.ConstitutiveNormalizerProgram' does not depend on any axioms
info: RelationalPerimeter/Computation/ConstitutiveSearch/EndogenousDecomposition/ConstitutiveNormalizerProgram.lean:645:0: 'ConstitutiveSearch.EndogenousDecomposition.buildConstitutiveNormalizerProgram' does not depend on any axioms
info: RelationalPerimeter/Computation/ConstitutiveSearch/EndogenousDecomposition/ConstitutiveNormalizerProgram.lean:646:0: 'ConstitutiveSearch.EndogenousDecomposition.buildConstitutiveNormalizerProgram_step' does not depend on any axioms
info: RelationalPerimeter/Computation/ConstitutiveSearch/EndogenousDecomposition/ConstitutiveNormalizerProgram.lean:647:0: 'ConstitutiveSearch.EndogenousDecomposition.ConstitutiveNormalizerProgram.codeSize' does not depend on any axioms
info: RelationalPerimeter/Computation/ConstitutiveSearch/EndogenousDecomposition/ConstitutiveNormalizerProgram.lean:648:0: 'ConstitutiveSearch.EndogenousDecomposition.buildConstitutiveNormalizerProgram_codeSize' does not depend on any axioms
info: RelationalPerimeter/Computation/ConstitutiveSearch/EndogenousDecomposition/ConstitutiveNormalizerProgram.lean:649:0: 'ConstitutiveSearch.EndogenousDecomposition.ConstitutiveNormalizerProgram.IsAuthoritative' does not depend on any axioms
info: RelationalPerimeter/Computation/ConstitutiveSearch/EndogenousDecomposition/ConstitutiveNormalizerProgram.lean:650:0: 'ConstitutiveSearch.EndogenousDecomposition.buildConstitutiveNormalizerProgram_isAuthoritative' does not depend on any axioms
info: RelationalPerimeter/Computation/ConstitutiveSearch/EndogenousDecomposition/ConstitutiveNormalizerProgram.lean:651:0: 'ConstitutiveSearch.EndogenousDecomposition.AuthoritativeConstitutiveNormalizerProgram' does not depend on any axioms
info: RelationalPerimeter/Computation/ConstitutiveSearch/EndogenousDecomposition/ConstitutiveNormalizerProgram.lean:652:0: 'ConstitutiveSearch.EndogenousDecomposition.buildAuthoritativeConstitutiveNormalizerProgram' does not depend on any axioms
info: RelationalPerimeter/Computation/ConstitutiveSearch/EndogenousDecomposition/ConstitutiveNormalizerProgram.lean:653:0: 'ConstitutiveSearch.EndogenousDecomposition.authoritativeNormalizerProgramReturnedCodes' does not depend on any axioms
info: RelationalPerimeter/Computation/ConstitutiveSearch/EndogenousDecomposition/ConstitutiveNormalizerProgram.lean:654:0: 'ConstitutiveSearch.EndogenousDecomposition.authoritativeNormalizerProgram_codeSize_eq_compiledLocalSize' does not depend on any axioms
info: RelationalPerimeter/Computation/ConstitutiveSearch/EndogenousDecomposition/ConstitutiveNormalizerProgram.lean:655:0: 'ConstitutiveSearch.EndogenousDecomposition.authoritativeNormalizerProgramReturnedCodes_exact' does not depend on any axioms
info: RelationalPerimeter/Computation/ConstitutiveSearch/EndogenousDecomposition/ConstitutiveNormalizerProgram.lean:656:0: 'ConstitutiveSearch.EndogenousDecomposition.authoritativeNormalizerProgram_compiledSize_eq_stageCount' does not depend on any axioms
info: RelationalPerimeter/Computation/ConstitutiveSearch/EndogenousDecomposition/ConstitutiveNormalizerProgram.lean:657:0: 'ConstitutiveSearch.EndogenousDecomposition.ConstitutiveNormalizerProgram.AcceptedProfilePayload' does not depend on any axioms
info: RelationalPerimeter/Computation/ConstitutiveSearch/EndogenousDecomposition/ConstitutiveNormalizerProgram.lean:658:0: 'ConstitutiveSearch.EndogenousDecomposition.ConstitutiveNormalizerProgram.NormalizedProfilePayload' does not depend on any axioms
info: RelationalPerimeter/Computation/ConstitutiveSearch/EndogenousDecomposition/ConstitutiveNormalizerProgram.lean:659:0: 'ConstitutiveSearch.EndogenousDecomposition.interpretConstitutiveNormalizerProgramProfile' does not depend on any axioms
info: RelationalPerimeter/Computation/ConstitutiveSearch/EndogenousDecomposition/ConstitutiveNormalizerProgram.lean:660:0: 'ConstitutiveSearch.EndogenousDecomposition.interpretConstitutiveNormalizerProgramProfile_step' does not depend on any axioms
info: RelationalPerimeter/Computation/ConstitutiveSearch/EndogenousDecomposition/ConstitutiveNormalizerProgram.lean:661:0: 'ConstitutiveSearch.EndogenousDecomposition.canonicalProgramAcceptedPayloadToStructural' does not depend on any axioms
info: RelationalPerimeter/Computation/ConstitutiveSearch/EndogenousDecomposition/ConstitutiveNormalizerProgram.lean:662:0: 'ConstitutiveSearch.EndogenousDecomposition.structuralAcceptedPayloadToCanonicalProgram' does not depend on any axioms
info: RelationalPerimeter/Computation/ConstitutiveSearch/EndogenousDecomposition/ConstitutiveNormalizerProgram.lean:663:0: 'ConstitutiveSearch.EndogenousDecomposition.everyCanonicalProgramProfileHasAcceptedPayload' does not depend on any axioms
info: RelationalPerimeter/Computation/ConstitutiveSearch/EndogenousDecomposition/ConstitutiveNormalizerProgram.lean:664:0: 'ConstitutiveSearch.EndogenousDecomposition.canonicalProgramNormalizedPayloadToOperational' does not depend on any axioms
info: RelationalPerimeter/Computation/ConstitutiveSearch/EndogenousDecomposition/ConstitutiveNormalizerProgram.lean:665:0: 'ConstitutiveSearch.EndogenousDecomposition.interpretBuiltConstitutiveNormalizerProgramProfile_exact' does not depend on any axioms
info: RelationalPerimeter/Computation/ConstitutiveSearch/EndogenousDecomposition/ConstitutiveNormalizerProgram.lean:666:0: 'ConstitutiveSearch.EndogenousDecomposition.interpretConstitutiveNormalizerProgram' does not depend on any axioms
info: RelationalPerimeter/Computation/ConstitutiveSearch/EndogenousDecomposition/ConstitutiveNormalizerProgram.lean:667:0: 'ConstitutiveSearch.EndogenousDecomposition.interpretAuthoritativeConstitutiveNormalizerProgram_exact' does not depend on any axioms
ℹ [124/142] Replayed RelationalPerimeter.Computation.ConstitutiveSearch.EndogenousDecomposition.IndependentProfileAddressing
info: RelationalPerimeter/Computation/ConstitutiveSearch/EndogenousDecomposition/IndependentProfileAddressing.lean:225:0: 'ConstitutiveSearch.EndogenousDecomposition.IndependentProfileAddressing' does not depend on any axioms
info: RelationalPerimeter/Computation/ConstitutiveSearch/EndogenousDecomposition/IndependentProfileAddressing.lean:226:0: 'ConstitutiveSearch.EndogenousDecomposition.IndependentProgramProfileAddressing' does not depend on any axioms
info: RelationalPerimeter/Computation/ConstitutiveSearch/EndogenousDecomposition/IndependentProfileAddressing.lean:227:0: 'ConstitutiveSearch.EndogenousDecomposition.IndependentProfileAddressing.toCanonicalProgramAddressing' does not depend on any axioms
info: RelationalPerimeter/Computation/ConstitutiveSearch/EndogenousDecomposition/IndependentProfileAddressing.lean:228:0: 'ConstitutiveSearch.EndogenousDecomposition.removeFirstNat' does not depend on any axioms
info: RelationalPerimeter/Computation/ConstitutiveSearch/EndogenousDecomposition/IndependentProfileAddressing.lean:229:0: 'ConstitutiveSearch.EndogenousDecomposition.removeFirstNat_preserves_other' does not depend on any axioms
info: RelationalPerimeter/Computation/ConstitutiveSearch/EndogenousDecomposition/IndependentProfileAddressing.lean:230:0: 'ConstitutiveSearch.EndogenousDecomposition.removeFirstNat_length_of_mem' does not depend on any axioms
info: RelationalPerimeter/Computation/ConstitutiveSearch/EndogenousDecomposition/IndependentProfileAddressing.lean:231:0: 'ConstitutiveSearch.EndogenousDecomposition.natNodup_length_le_of_subset' does not depend on any axioms
info: RelationalPerimeter/Computation/ConstitutiveSearch/EndogenousDecomposition/IndependentProfileAddressing.lean:232:0: 'ConstitutiveSearch.EndogenousDecomposition.naturalsBelow' does not depend on any axioms
info: RelationalPerimeter/Computation/ConstitutiveSearch/EndogenousDecomposition/IndependentProfileAddressing.lean:233:0: 'ConstitutiveSearch.EndogenousDecomposition.naturalsBelow_complete' does not depend on any axioms
info: RelationalPerimeter/Computation/ConstitutiveSearch/EndogenousDecomposition/IndependentProfileAddressing.lean:234:0: 'ConstitutiveSearch.EndogenousDecomposition.naturalsBelow_length' does not depend on any axioms
info: RelationalPerimeter/Computation/ConstitutiveSearch/EndogenousDecomposition/IndependentProfileAddressing.lean:235:0: 'ConstitutiveSearch.EndogenousDecomposition.independentProgramProfileAddressing_slots_ge_profileWidth' does not depend on any axioms
info: RelationalPerimeter/Computation/ConstitutiveSearch/EndogenousDecomposition/IndependentProfileAddressing.lean:236:0: 'ConstitutiveSearch.EndogenousDecomposition.independentProgramProfileAddressing_slots_ge_two_pow_instructionCount' does not depend on any axioms
info: RelationalPerimeter/Computation/ConstitutiveSearch/EndogenousDecomposition/IndependentProfileAddressing.lean:237:0: 'ConstitutiveSearch.EndogenousDecomposition.independentProfileAddressing_slots_ge_structuralWidth' does not depend on any axioms
info: RelationalPerimeter/Computation/ConstitutiveSearch/EndogenousDecomposition/IndependentProfileAddressing.lean:238:0: 'ConstitutiveSearch.EndogenousDecomposition.independentProfileAddressing_slots_ge_two_pow_stageCount' does not depend on any axioms
ℹ [125/142] Replayed RelationalPerimeter.Computation.ConstitutiveSearch.EndogenousDecomposition.ConstitutiveNormalizerSuccinctness
info: RelationalPerimeter/Computation/ConstitutiveSearch/EndogenousDecomposition/ConstitutiveNormalizerSuccinctness.lean:331:0: 'ConstitutiveSearch.EndogenousDecomposition.PublicConstitutiveRoles' does not depend on any axioms
info: RelationalPerimeter/Computation/ConstitutiveSearch/EndogenousDecomposition/ConstitutiveNormalizerSuccinctness.lean:332:0: 'ConstitutiveSearch.EndogenousDecomposition.PublicConstitutiveNormalizerProgram' does not depend on any axioms
info: RelationalPerimeter/Computation/ConstitutiveSearch/EndogenousDecomposition/ConstitutiveNormalizerSuccinctness.lean:333:0: 'ConstitutiveSearch.EndogenousDecomposition.ConstitutiveNormalizerSuccinctness' does not depend on any axioms
info: RelationalPerimeter/Computation/ConstitutiveSearch/EndogenousDecomposition/ConstitutiveNormalizerSuccinctness.lean:334:0: 'ConstitutiveSearch.EndogenousDecomposition.publicConstitutiveNormalizerSuccinctness' does not depend on any axioms
info: RelationalPerimeter/Computation/ConstitutiveSearch/EndogenousDecomposition/ConstitutiveNormalizerSuccinctness.lean:335:0: 'ConstitutiveSearch.EndogenousDecomposition.public_constitutive_program_instructionCount_exact' does not depend on any axioms
info: RelationalPerimeter/Computation/ConstitutiveSearch/EndogenousDecomposition/ConstitutiveNormalizerSuccinctness.lean:336:0: 'ConstitutiveSearch.EndogenousDecomposition.public_structural_frontier_is_program_expansion' does not depend on any axioms
info: RelationalPerimeter/Computation/ConstitutiveSearch/EndogenousDecomposition/ConstitutiveNormalizerSuccinctness.lean:337:0: 'ConstitutiveSearch.EndogenousDecomposition.public_constitutive_program_profileWidth_exact' does not depend on any axioms
info: RelationalPerimeter/Computation/ConstitutiveSearch/EndogenousDecomposition/ConstitutiveNormalizerSuccinctness.lean:338:0: 'ConstitutiveSearch.EndogenousDecomposition.public_constitutive_program_profiles_complete' does not depend on any axioms
info: RelationalPerimeter/Computation/ConstitutiveSearch/EndogenousDecomposition/ConstitutiveNormalizerSuccinctness.lean:339:0: 'ConstitutiveSearch.EndogenousDecomposition.public_constitutive_program_profiles_nodup' does not depend on any axioms
info: RelationalPerimeter/Computation/ConstitutiveSearch/EndogenousDecomposition/ConstitutiveNormalizerSuccinctness.lean:340:0: 'ConstitutiveSearch.EndogenousDecomposition.public_constitutive_program_everyProfileAccepted' does not depend on any axioms
info: RelationalPerimeter/Computation/ConstitutiveSearch/EndogenousDecomposition/ConstitutiveNormalizerSuccinctness.lean:341:0: 'ConstitutiveSearch.EndogenousDecomposition.public_constitutive_program_profile_interpreter_exact' does not depend on any axioms
info: RelationalPerimeter/Computation/ConstitutiveSearch/EndogenousDecomposition/ConstitutiveNormalizerSuccinctness.lean:342:0: 'ConstitutiveSearch.EndogenousDecomposition.public_independent_program_profile_slots_exponential' does not depend on any axioms
info: RelationalPerimeter/Computation/ConstitutiveSearch/EndogenousDecomposition/ConstitutiveNormalizerSuccinctness.lean:343:0: 'ConstitutiveSearch.EndogenousDecomposition.public_constitutive_program_instructionCount_eq_codeSize' does not depend on any axioms
info: RelationalPerimeter/Computation/ConstitutiveSearch/EndogenousDecomposition/ConstitutiveNormalizerSuccinctness.lean:344:0: 'ConstitutiveSearch.EndogenousDecomposition.public_constitutive_program_codeSize_exact' does not depend on any axioms
info: RelationalPerimeter/Computation/ConstitutiveSearch/EndogenousDecomposition/ConstitutiveNormalizerSuccinctness.lean:345:0: 'ConstitutiveSearch.EndogenousDecomposition.public_constitutive_program_returns_executed_codes' does not depend on any axioms
info: RelationalPerimeter/Computation/ConstitutiveSearch/EndogenousDecomposition/ConstitutiveNormalizerSuccinctness.lean:346:0: 'ConstitutiveSearch.EndogenousDecomposition.public_constitutive_normalizer_programCodeSize_exact' does not depend on any axioms
info: RelationalPerimeter/Computation/ConstitutiveSearch/EndogenousDecomposition/ConstitutiveNormalizerSuccinctness.lean:347:0: 'ConstitutiveSearch.EndogenousDecomposition.public_constitutive_normalizer_codeMetric_exact' does not depend on any axioms
info: RelationalPerimeter/Computation/ConstitutiveSearch/EndogenousDecomposition/ConstitutiveNormalizerSuccinctness.lean:348:0: 'ConstitutiveSearch.EndogenousDecomposition.public_independent_profile_slots_exponential' does not depend on any axioms
info: RelationalPerimeter/Computation/ConstitutiveSearch/EndogenousDecomposition/ConstitutiveNormalizerSuccinctness.lean:349:0: 'ConstitutiveSearch.EndogenousDecomposition.public_constitutive_normalizer_codeSize_exact' does not depend on any axioms
info: RelationalPerimeter/Computation/ConstitutiveSearch/EndogenousDecomposition/ConstitutiveNormalizerSuccinctness.lean:350:0: 'ConstitutiveSearch.EndogenousDecomposition.public_constitutive_normalizer_interpreter_exact' does not depend on any axioms
info: RelationalPerimeter/Computation/ConstitutiveSearch/EndogenousDecomposition/ConstitutiveNormalizerSuccinctness.lean:351:0: 'ConstitutiveSearch.EndogenousDecomposition.public_constitutive_normalizer_returns_executed_codes' does not depend on any axioms
info: RelationalPerimeter/Computation/ConstitutiveSearch/EndogenousDecomposition/ConstitutiveNormalizerSuccinctness.lean:352:0: 'ConstitutiveSearch.EndogenousDecomposition.public_constitutive_normalizer_instrumentedWork_bound' does not depend on any axioms
ℹ [126/142] Replayed RelationalPerimeter.Computation.ConstitutiveSearch.EndogenousDecomposition.RoleProfileArityTransport
info: RelationalPerimeter/Computation/ConstitutiveSearch/EndogenousDecomposition/RoleProfileArityTransport.lean:184:0: 'ConstitutiveSearch.EndogenousDecomposition.roleHistoryArities' does not depend on any axioms
info: RelationalPerimeter/Computation/ConstitutiveSearch/EndogenousDecomposition/RoleProfileArityTransport.lean:185:0: 'ConstitutiveSearch.EndogenousDecomposition.ArityProfile' does not depend on any axioms
info: RelationalPerimeter/Computation/ConstitutiveSearch/EndogenousDecomposition/RoleProfileArityTransport.lean:186:0: 'ConstitutiveSearch.EndogenousDecomposition.openingRolePositionFinTwoTransport' does not depend on any axioms
info: RelationalPerimeter/Computation/ConstitutiveSearch/EndogenousDecomposition/RoleProfileArityTransport.lean:187:0: 'ConstitutiveSearch.EndogenousDecomposition.rolePositionProfileToArityProfile' does not depend on any axioms
info: RelationalPerimeter/Computation/ConstitutiveSearch/EndogenousDecomposition/RoleProfileArityTransport.lean:188:0: 'ConstitutiveSearch.EndogenousDecomposition.arityProfileToRolePositionProfile' does not depend on any axioms
info: RelationalPerimeter/Computation/ConstitutiveSearch/EndogenousDecomposition/RoleProfileArityTransport.lean:189:0: 'ConstitutiveSearch.EndogenousDecomposition.rolePositionArityTransport' does not depend on any axioms
info: RelationalPerimeter/Computation/ConstitutiveSearch/EndogenousDecomposition/RoleProfileArityTransport.lean:190:0: 'ConstitutiveSearch.EndogenousDecomposition.roleOccurrenceArityTransport' does not depend on any axioms
info: RelationalPerimeter/Computation/ConstitutiveSearch/EndogenousDecomposition/RoleProfileArityTransport.lean:191:0: 'ConstitutiveSearch.EndogenousDecomposition.roleHistoryArities_length' does not depend on any axioms
info: RelationalPerimeter/Computation/ConstitutiveSearch/EndogenousDecomposition/RoleProfileArityTransport.lean:192:0: 'ConstitutiveSearch.EndogenousDecomposition.roleProfileWidth_eq_arityProduct' does not depend on any axioms
ℹ [127/142] Replayed RelationalPerimeter.Computation.ConstitutiveSearch.SearchableTransportCodeValidation
info: RelationalPerimeter/Computation/ConstitutiveSearch/SearchableTransportCodeValidation.lean:88:0: 'ConstitutiveSearch.searchableCodeValidationPrimitiveBudget' does not depend on any axioms
info: RelationalPerimeter/Computation/ConstitutiveSearch/SearchableTransportCodeValidation.lean:89:0: 'ConstitutiveSearch.searchableCodeValidationPrimitiveBudget_inputPolynomiallyBounded' does not depend on any axioms
ℹ [128/142] Replayed RelationalPerimeter.Computation.ConstitutiveSearch.SAT.TrajectoryDerivedClosure
info: RelationalPerimeter/Computation/ConstitutiveSearch/SAT/TrajectoryDerivedClosure.lean:72:0: 'ConstitutiveSearch.SAT.explicitFamilyTrajectoryDecisionVars' does not depend on any axioms
info: RelationalPerimeter/Computation/ConstitutiveSearch/SAT/TrajectoryDerivedClosure.lean:73:0: 'ConstitutiveSearch.SAT.explicitFamilyTrajectoryClosureCandidates' does not depend on any axioms
info: RelationalPerimeter/Computation/ConstitutiveSearch/SAT/TrajectoryDerivedClosure.lean:74:0: 'ConstitutiveSearch.SAT.explicitFamilyTrajectoryClosureFuel' does not depend on any axioms
info: RelationalPerimeter/Computation/ConstitutiveSearch/SAT/TrajectoryDerivedClosure.lean:75:0: 'ConstitutiveSearch.SAT.explicitFamilyTrajectoryDecisionVars_length' does not depend on any axioms
info: RelationalPerimeter/Computation/ConstitutiveSearch/SAT/TrajectoryDerivedClosure.lean:76:0: 'ConstitutiveSearch.SAT.explicitFamilyTrajectoryClosureCandidates_length' does not depend on any axioms
info: RelationalPerimeter/Computation/ConstitutiveSearch/SAT/TrajectoryDerivedClosure.lean:77:0: 'ConstitutiveSearch.SAT.explicitFamilyTrajectoryClosureFuel_eq' does not depend on any axioms
info: RelationalPerimeter/Computation/ConstitutiveSearch/SAT/TrajectoryDerivedClosure.lean:78:0: 'ConstitutiveSearch.SAT.explicitFamilyTrajectoryDerivedClosureSearch' does not depend on any axioms
ℹ [129/142] Replayed RelationalPerimeter.Computation.EndogenousOperationalDecomposition
info: RelationalPerimeter/Computation/EndogenousOperationalDecomposition.lean:1062:0: 'RelationalPerimeter.Computation.EndogenousOperationalDecomposition.endogenous_production_and_width_separation' does not depend on any axioms
info: RelationalPerimeter/Computation/EndogenousOperationalDecomposition.lean:1063:0: 'RelationalPerimeter.Computation.EndogenousOperationalDecomposition.extensive_multiplicity_does_not_force_full_operational_width' does not depend on any axioms
info: RelationalPerimeter/Computation/EndogenousOperationalDecomposition.lean:1064:0: 'RelationalPerimeter.Computation.EndogenousOperationalDecomposition.evidence' does not depend on any axioms
info: RelationalPerimeter/Computation/EndogenousOperationalDecomposition.lean:1065:0: 'RelationalPerimeter.Computation.EndogenousOperationalDecomposition.family' does not depend on any axioms
info: RelationalPerimeter/Computation/EndogenousOperationalDecomposition.lean:1066:0: 'RelationalPerimeter.Computation.EndogenousOperationalDecomposition.OperationalStabilityEvidence' does not depend on any axioms
info: RelationalPerimeter/Computation/EndogenousOperationalDecomposition.lean:1067:0: 'RelationalPerimeter.Computation.EndogenousOperationalDecomposition.operationalStabilityEvidence' does not depend on any axioms
info: RelationalPerimeter/Computation/EndogenousOperationalDecomposition.lean:1068:0: 'RelationalPerimeter.Computation.EndogenousOperationalDecomposition.IndependentProfileAddressing' does not depend on any axioms
info: RelationalPerimeter/Computation/EndogenousOperationalDecomposition.lean:1069:0: 'RelationalPerimeter.Computation.EndogenousOperationalDecomposition.ConstitutiveNormalizerProgram' does not depend on any axioms
info: RelationalPerimeter/Computation/EndogenousOperationalDecomposition.lean:1070:0: 'RelationalPerimeter.Computation.EndogenousOperationalDecomposition.IndependentProgramProfileAddressing' does not depend on any axioms
info: RelationalPerimeter/Computation/EndogenousOperationalDecomposition.lean:1071:0: 'RelationalPerimeter.Computation.EndogenousOperationalDecomposition.ConstitutiveNormalizerSuccinctnessEvidence' does not depend on any axioms
info: RelationalPerimeter/Computation/EndogenousOperationalDecomposition.lean:1072:0: 'RelationalPerimeter.Computation.EndogenousOperationalDecomposition.constitutiveNormalizerSuccinctnessEvidence' does not depend on any axioms
info: RelationalPerimeter/Computation/EndogenousOperationalDecomposition.lean:1073:0: 'RelationalPerimeter.Computation.EndogenousOperationalDecomposition.RelationalRoleExtensiveFamily' does not depend on any axioms
info: RelationalPerimeter/Computation/EndogenousOperationalDecomposition.lean:1074:0: 'RelationalPerimeter.Computation.EndogenousOperationalDecomposition.BinaryRelationalRoleExtensiveFamily' does not depend on any axioms
info: RelationalPerimeter/Computation/EndogenousOperationalDecomposition.lean:1075:0: 'RelationalPerimeter.Computation.EndogenousOperationalDecomposition.publicBinaryExtensiveFamily' does not depend on any axioms
info: RelationalPerimeter/Computation/EndogenousOperationalDecomposition.lean:1076:0: 'RelationalPerimeter.Computation.EndogenousOperationalDecomposition.binary_family_exponential_width_iff_separate_preservation' does not depend on any axioms
info: RelationalPerimeter/Computation/EndogenousOperationalDecomposition.lean:1077:0: 'RelationalPerimeter.Computation.EndogenousOperationalDecomposition.binary_family_exponential_width_iff_carry_injective' does not depend on any axioms
info: RelationalPerimeter/Computation/EndogenousOperationalDecomposition.lean:1078:0: 'RelationalPerimeter.Computation.EndogenousOperationalDecomposition.binary_family_exponential_width_iff_distinct_separate_conservation' does not depend on any axioms
info: RelationalPerimeter/Computation/EndogenousOperationalDecomposition.lean:1079:0: 'RelationalPerimeter.Computation.EndogenousOperationalDecomposition.binary_family_exponential_width_iff_exact_separate_capacity' does not depend on any axioms
info: RelationalPerimeter/Computation/EndogenousOperationalDecomposition.lean:1080:0: 'RelationalPerimeter.Computation.EndogenousOperationalDecomposition.ConstitutiveExtensiveSeparationCertificate' does not depend on any axioms
info: RelationalPerimeter/Computation/EndogenousOperationalDecomposition.lean:1081:0: 'RelationalPerimeter.Computation.EndogenousOperationalDecomposition.constitutiveExtensiveSeparationEvidence' does not depend on any axioms
info: RelationalPerimeter/Computation/EndogenousOperationalDecomposition.lean:1082:0: 'RelationalPerimeter.Computation.EndogenousOperationalDecomposition.ExactCausalExponentialTarget' does not depend on any axioms
info: RelationalPerimeter/Computation/EndogenousOperationalDecomposition.lean:1083:0: 'RelationalPerimeter.Computation.EndogenousOperationalDecomposition.exactCausalExponentialTargetEvidence' does not depend on any axioms
info: RelationalPerimeter/Computation/EndogenousOperationalDecomposition.lean:1084:0: 'RelationalPerimeter.Computation.EndogenousOperationalDecomposition.causalOperationalExecution' does not depend on any axioms
info: RelationalPerimeter/Computation/EndogenousOperationalDecomposition.lean:1085:0: 'RelationalPerimeter.Computation.EndogenousOperationalDecomposition.causal_operational_execution_erases_to_authoritative' does not depend on any axioms
info: RelationalPerimeter/Computation/EndogenousOperationalDecomposition.lean:1086:0: 'RelationalPerimeter.Computation.EndogenousOperationalDecomposition.causal_operational_decomposition_is_prefix_local' does not depend on any axioms
info: RelationalPerimeter/Computation/EndogenousOperationalDecomposition.lean:1087:0: 'RelationalPerimeter.Computation.EndogenousOperationalDecomposition.executed_normalization_consumes_constitutive_chain' does not depend on any axioms
info: RelationalPerimeter/Computation/EndogenousOperationalDecomposition.lean:1088:0: 'RelationalPerimeter.Computation.EndogenousOperationalDecomposition.executed_normalization_chain_is_causally_exact' does not depend on any axioms
info: RelationalPerimeter/Computation/EndogenousOperationalDecomposition.lean:1089:0: 'RelationalPerimeter.Computation.EndogenousOperationalDecomposition.constituted_exponential_width_iff_distinct_separate_conservation' does not depend on any axioms
info: RelationalPerimeter/Computation/EndogenousOperationalDecomposition.lean:1090:0: 'RelationalPerimeter.Computation.EndogenousOperationalDecomposition.constituted_exponential_width_iff_carry_injective' does not depend on any axioms
info: RelationalPerimeter/Computation/EndogenousOperationalDecomposition.lean:1091:0: 'RelationalPerimeter.Computation.EndogenousOperationalDecomposition.constitutedDistinctSeparateRegime' does not depend on any axioms
info: RelationalPerimeter/Computation/EndogenousOperationalDecomposition.lean:1092:0: 'RelationalPerimeter.Computation.EndogenousOperationalDecomposition.executedConstitutiveObligationRegime' does not depend on any axioms
info: RelationalPerimeter/Computation/EndogenousOperationalDecomposition.lean:1093:0: 'RelationalPerimeter.Computation.EndogenousOperationalDecomposition.executedConstitutiveExactOperationalRegime' does not depend on any axioms
info: RelationalPerimeter/Computation/EndogenousOperationalDecomposition.lean:1094:0: 'RelationalPerimeter.Computation.EndogenousOperationalDecomposition.executed_constitutive_regime_is_exact_realization' does not depend on any axioms
info: RelationalPerimeter/Computation/EndogenousOperationalDecomposition.lean:1095:0: 'RelationalPerimeter.Computation.EndogenousOperationalDecomposition.executedTransformedSourceProfile' does not depend on any axioms
info: RelationalPerimeter/Computation/EndogenousOperationalDecomposition.lean:1096:0: 'RelationalPerimeter.Computation.EndogenousOperationalDecomposition.executedRetainedSourceProfile' does not depend on any axioms
info: RelationalPerimeter/Computation/EndogenousOperationalDecomposition.lean:1097:0: 'RelationalPerimeter.Computation.EndogenousOperationalDecomposition.executed_source_profiles_are_distinct' does not depend on any axioms
info: RelationalPerimeter/Computation/EndogenousOperationalDecomposition.lean:1098:0: 'RelationalPerimeter.Computation.EndogenousOperationalDecomposition.executed_source_profiles_are_codetermined' does not depend on any axioms
info: RelationalPerimeter/Computation/EndogenousOperationalDecomposition.lean:1099:0: 'RelationalPerimeter.Computation.EndogenousOperationalDecomposition.executed_distinct_profiles_carry_together' does not depend on any axioms
info: RelationalPerimeter/Computation/EndogenousOperationalDecomposition.lean:1100:0: 'RelationalPerimeter.Computation.EndogenousOperationalDecomposition.executedConstitutiveTarget' does not depend on any axioms
info: RelationalPerimeter/Computation/EndogenousOperationalDecomposition.lean:1101:0: 'RelationalPerimeter.Computation.EndogenousOperationalDecomposition.executedConstitutiveTargetTrace' does not depend on any axioms
info: RelationalPerimeter/Computation/EndogenousOperationalDecomposition.lean:1102:0: 'RelationalPerimeter.Computation.EndogenousOperationalDecomposition.executed_constitutive_target_exact' does not depend on any axioms
info: RelationalPerimeter/Computation/EndogenousOperationalDecomposition.lean:1103:0: 'RelationalPerimeter.Computation.EndogenousOperationalDecomposition.executed_carry_eq_iff_produced_target_eq' does not depend on any axioms
info: RelationalPerimeter/Computation/EndogenousOperationalDecomposition.lean:1104:0: 'RelationalPerimeter.Computation.EndogenousOperationalDecomposition.executed_carry_value_eq_produced_target' does not depend on any axioms
info: RelationalPerimeter/Computation/EndogenousOperationalDecomposition.lean:1105:0: 'RelationalPerimeter.Computation.EndogenousOperationalDecomposition.executed_carry_eq_iff_operational_codetermination' does not depend on any axioms
info: RelationalPerimeter/Computation/EndogenousOperationalDecomposition.lean:1106:0: 'RelationalPerimeter.Computation.EndogenousOperationalDecomposition.executed_produced_target_frontier_exact' does not depend on any axioms
info: RelationalPerimeter/Computation/EndogenousOperationalDecomposition.lean:1107:0: 'RelationalPerimeter.Computation.EndogenousOperationalDecomposition.executed_causal_regime_width_eq_produced_target_width' does not depend on any axioms
info: RelationalPerimeter/Computation/EndogenousOperationalDecomposition.lean:1108:0: 'RelationalPerimeter.Computation.EndogenousOperationalDecomposition.executed_regime_exponential_width_iff_separate_preservation' does not depend on any axioms
info: RelationalPerimeter/Computation/EndogenousOperationalDecomposition.lean:1109:0: 'RelationalPerimeter.Computation.EndogenousOperationalDecomposition.executed_constitutive_obligation_width_is_one' does not depend on any axioms
info: RelationalPerimeter/Computation/EndogenousOperationalDecomposition.lean:1110:0: 'RelationalPerimeter.Computation.EndogenousOperationalDecomposition.constituted_distinct_separate_regime_has_exponential_width' does not depend on any axioms
info: RelationalPerimeter/Computation/EndogenousOperationalDecomposition.lean:1111:0: 'RelationalPerimeter.Computation.EndogenousOperationalDecomposition.constituted_distinct_separate_regime_conserves' does not depend on any axioms
info: RelationalPerimeter/Computation/EndogenousOperationalDecomposition.lean:1112:0: 'RelationalPerimeter.Computation.EndogenousOperationalDecomposition.executed_reduction_does_not_preserve_separate_obligations' does not depend on any axioms
info: RelationalPerimeter/Computation/EndogenousOperationalDecomposition.lean:1113:0: 'RelationalPerimeter.Computation.EndogenousOperationalDecomposition.independent_profile_addressing_requires_exponential_slots' does not depend on any axioms
info: RelationalPerimeter/Computation/EndogenousOperationalDecomposition.lean:1114:0: 'RelationalPerimeter.Computation.EndogenousOperationalDecomposition.constitutive_program_instruction_count_exact' does not depend on any axioms
info: RelationalPerimeter/Computation/EndogenousOperationalDecomposition.lean:1115:0: 'RelationalPerimeter.Computation.EndogenousOperationalDecomposition.structural_frontier_is_program_expansion' does not depend on any axioms
info: RelationalPerimeter/Computation/EndogenousOperationalDecomposition.lean:1116:0: 'RelationalPerimeter.Computation.EndogenousOperationalDecomposition.constitutive_program_profile_width_exact' does not depend on any axioms
info: RelationalPerimeter/Computation/EndogenousOperationalDecomposition.lean:1117:0: 'RelationalPerimeter.Computation.EndogenousOperationalDecomposition.constitutive_program_profiles_complete' does not depend on any axioms
info: RelationalPerimeter/Computation/EndogenousOperationalDecomposition.lean:1118:0: 'RelationalPerimeter.Computation.EndogenousOperationalDecomposition.constitutive_program_profiles_nodup' does not depend on any axioms
info: RelationalPerimeter/Computation/EndogenousOperationalDecomposition.lean:1119:0: 'RelationalPerimeter.Computation.EndogenousOperationalDecomposition.constitutive_program_every_profile_accepted' does not depend on any axioms
info: RelationalPerimeter/Computation/EndogenousOperationalDecomposition.lean:1120:0: 'RelationalPerimeter.Computation.EndogenousOperationalDecomposition.constitutive_program_profile_interpreter_exact' does not depend on any axioms
info: RelationalPerimeter/Computation/EndogenousOperationalDecomposition.lean:1121:0: 'RelationalPerimeter.Computation.EndogenousOperationalDecomposition.independent_program_profile_addressing_requires_exponential_slots' does not depend on any axioms
info: RelationalPerimeter/Computation/EndogenousOperationalDecomposition.lean:1122:0: 'RelationalPerimeter.Computation.EndogenousOperationalDecomposition.constitutive_program_instruction_count_eq_code_size' does not depend on any axioms
info: RelationalPerimeter/Computation/EndogenousOperationalDecomposition.lean:1123:0: 'RelationalPerimeter.Computation.EndogenousOperationalDecomposition.constitutive_program_code_size_exact' does not depend on any axioms
info: RelationalPerimeter/Computation/EndogenousOperationalDecomposition.lean:1124:0: 'RelationalPerimeter.Computation.EndogenousOperationalDecomposition.constitutive_program_returns_executed_codes' does not depend on any axioms
info: RelationalPerimeter/Computation/EndogenousOperationalDecomposition.lean:1125:0: 'RelationalPerimeter.Computation.EndogenousOperationalDecomposition.constitutive_normalizer_program_code_size_exact' does not depend on any axioms
info: RelationalPerimeter/Computation/EndogenousOperationalDecomposition.lean:1126:0: 'RelationalPerimeter.Computation.EndogenousOperationalDecomposition.constitutive_normalizer_code_metric_exact' does not depend on any axioms
info: RelationalPerimeter/Computation/EndogenousOperationalDecomposition.lean:1127:0: 'RelationalPerimeter.Computation.EndogenousOperationalDecomposition.constitutive_normalizer_code_size_exact' does not depend on any axioms
info: RelationalPerimeter/Computation/EndogenousOperationalDecomposition.lean:1128:0: 'RelationalPerimeter.Computation.EndogenousOperationalDecomposition.constitutive_normalizer_interpreter_exact' does not depend on any axioms
info: RelationalPerimeter/Computation/EndogenousOperationalDecomposition.lean:1129:0: 'RelationalPerimeter.Computation.EndogenousOperationalDecomposition.constitutive_normalizer_returns_executed_codes' does not depend on any axioms
info: RelationalPerimeter/Computation/EndogenousOperationalDecomposition.lean:1130:0: 'RelationalPerimeter.Computation.EndogenousOperationalDecomposition.constitutive_normalizer_instrumented_work_bound' does not depend on any axioms
info: RelationalPerimeter/Computation/EndogenousOperationalDecomposition.lean:1131:0: 'RelationalPerimeter.Computation.EndogenousOperationalDecomposition.operational_reduction_history_is_exact' does not depend on any axioms
info: RelationalPerimeter/Computation/EndogenousOperationalDecomposition.lean:1132:0: 'RelationalPerimeter.Computation.EndogenousOperationalDecomposition.operational_discovery_work_is_exact' does not depend on any axioms
info: RelationalPerimeter/Computation/EndogenousOperationalDecomposition.lean:1133:0: 'RelationalPerimeter.Computation.EndogenousOperationalDecomposition.operational_projection_history_is_exact' does not depend on any axioms
info: RelationalPerimeter/Computation/EndogenousOperationalDecomposition.lean:1134:0: 'RelationalPerimeter.Computation.EndogenousOperationalDecomposition.operational_normalizer_is_exact' does not depend on any axioms
info: RelationalPerimeter/Computation/EndogenousOperationalDecomposition.lean:1135:0: 'RelationalPerimeter.Computation.EndogenousOperationalDecomposition.operational_stage_count_exact' does not depend on any axioms
info: RelationalPerimeter/Computation/EndogenousOperationalDecomposition.lean:1136:0: 'RelationalPerimeter.Computation.EndogenousOperationalDecomposition.structural_width_is_exponential' does not depend on any axioms
info: RelationalPerimeter/Computation/EndogenousOperationalDecomposition.lean:1137:0: 'RelationalPerimeter.Computation.EndogenousOperationalDecomposition.pending_operational_width_is_exponential' does not depend on any axioms
info: RelationalPerimeter/Computation/EndogenousOperationalDecomposition.lean:1138:0: 'RelationalPerimeter.Computation.EndogenousOperationalDecomposition.retained_operational_width_is_one' does not depend on any axioms
info: RelationalPerimeter/Computation/EndogenousOperationalDecomposition.lean:1139:0: 'RelationalPerimeter.Computation.EndogenousOperationalDecomposition.transient_operational_width_is_bounded' does not depend on any axioms
info: RelationalPerimeter/Computation/EndogenousOperationalDecomposition.lean:1140:0: 'RelationalPerimeter.Computation.EndogenousOperationalDecomposition.retained_width_is_strictly_below_pending' does not depend on any axioms
info: RelationalPerimeter/Computation/EndogenousOperationalDecomposition.lean:1141:0: 'RelationalPerimeter.Computation.EndogenousOperationalDecomposition.executed_transports_induce_operational_width_reduction' does not depend on any axioms
info: RelationalPerimeter/Computation/EndogenousOperationalDecomposition.lean:1142:0: 'RelationalPerimeter.Computation.EndogenousOperationalDecomposition.executed_discovery_value_is_canonical_at_depth' does not depend on any axioms
info: RelationalPerimeter/Computation/EndogenousOperationalDecomposition.lean:1143:0: 'RelationalPerimeter.Computation.EndogenousOperationalDecomposition.executed_extensional_view_is_discovered_projection' does not depend on any axioms
info: RelationalPerimeter/Computation/EndogenousOperationalDecomposition.lean:1144:0: 'RelationalPerimeter.Computation.EndogenousOperationalDecomposition.executed_extensional_view_is_authoritative_instruction_projection' does not depend on any axioms
info: RelationalPerimeter/Computation/EndogenousOperationalDecomposition.lean:1145:0: 'RelationalPerimeter.Computation.EndogenousOperationalDecomposition.comparison_transport_matches_executed_observation' does not depend on any axioms
info: RelationalPerimeter/Computation/EndogenousOperationalDecomposition.lean:1146:0: 'RelationalPerimeter.Computation.EndogenousOperationalDecomposition.authoritative_instruction_has_projection_collision' does not depend on any axioms
info: RelationalPerimeter/Computation/EndogenousOperationalDecomposition.lean:1147:0: 'RelationalPerimeter.Computation.EndogenousOperationalDecomposition.executed_state_width_view_does_not_determine_total_action' does not depend on any axioms
info: RelationalPerimeter/Computation/EndogenousOperationalDecomposition.lean:1148:0: 'RelationalPerimeter.Computation.EndogenousOperationalDecomposition.initial_discovery_has_measured_failed_majority' does not depend on any axioms
info: RelationalPerimeter/Computation/EndogenousOperationalDecomposition.lean:1149:0: 'RelationalPerimeter.Computation.EndogenousOperationalDecomposition.opening_produces_structurally_distinct_alternatives' does not depend on any axioms
info: RelationalPerimeter/Computation/EndogenousOperationalDecomposition.lean:1150:0: 'RelationalPerimeter.Computation.EndogenousOperationalDecomposition.discovered_transport_reduces_same_opening_width' does not depend on any axioms
info: RelationalPerimeter/Computation/EndogenousOperationalDecomposition.lean:1151:0: 'RelationalPerimeter.Computation.EndogenousOperationalDecomposition.transformContinuation' does not depend on any axioms
info: RelationalPerimeter/Computation/EndogenousOperationalDecomposition.lean:1152:0: 'RelationalPerimeter.Computation.EndogenousOperationalDecomposition.transformContinuation_preserves_acceptance' does not depend on any axioms
info: RelationalPerimeter/Computation/EndogenousOperationalDecomposition.lean:1153:0: 'RelationalPerimeter.Computation.EndogenousOperationalDecomposition.reconstructed_transport_preserves_viability' does not depend on any axioms
info: RelationalPerimeter/Computation/EndogenousOperationalDecomposition.lean:1154:0: 'RelationalPerimeter.Computation.EndogenousOperationalDecomposition.opening_then_absorption_preserves_frontier_viability' does not depend on any axioms
info: RelationalPerimeter/Computation/EndogenousOperationalDecomposition.lean:1155:0: 'RelationalPerimeter.Computation.EndogenousOperationalDecomposition.complete_step_precedes_acceptance' does not depend on any axioms
info: RelationalPerimeter/Computation/EndogenousOperationalDecomposition.lean:1156:0: 'RelationalPerimeter.Computation.EndogenousOperationalDecomposition.failed_discovery_constructs_no_stage' does not depend on any axioms
info: RelationalPerimeter/Computation/EndogenousOperationalDecomposition.lean:1157:0: 'RelationalPerimeter.Computation.EndogenousOperationalDecomposition.failed_discovery_constructs_no_descendant_history' does not depend on any axioms
info: RelationalPerimeter/Computation/EndogenousOperationalDecomposition.lean:1158:0: 'RelationalPerimeter.Computation.EndogenousOperationalDecomposition.decoy_relation_candidates_fail' does not depend on any axioms
info: RelationalPerimeter/Computation/EndogenousOperationalDecomposition.lean:1159:0: 'RelationalPerimeter.Computation.EndogenousOperationalDecomposition.relation_is_reconstructed_after_exact_attempts' does not depend on any axioms
info: RelationalPerimeter/Computation/EndogenousOperationalDecomposition.lean:1160:0: 'RelationalPerimeter.Computation.EndogenousOperationalDecomposition.executed_relation_search_attempts_grow' does not depend on any axioms
info: RelationalPerimeter/Computation/EndogenousOperationalDecomposition.lean:1161:0: 'RelationalPerimeter.Computation.EndogenousOperationalDecomposition.authoritative_relation_search_attempts_exact' does not depend on any axioms
info: RelationalPerimeter/Computation/EndogenousOperationalDecomposition.lean:1162:0: 'RelationalPerimeter.Computation.EndogenousOperationalDecomposition.authoritative_relation_search_attempts_grow' does not depend on any axioms
info: RelationalPerimeter/Computation/EndogenousOperationalDecomposition.lean:1163:0: 'RelationalPerimeter.Computation.EndogenousOperationalDecomposition.initial_state_uses_measured_initialization' does not depend on any axioms
info: RelationalPerimeter/Computation/EndogenousOperationalDecomposition.lean:1164:0: 'RelationalPerimeter.Computation.EndogenousOperationalDecomposition.produced_seed_is_read_from_executed_state' does not depend on any axioms
info: RelationalPerimeter/Computation/EndogenousOperationalDecomposition.lean:1165:0: 'RelationalPerimeter.Computation.EndogenousOperationalDecomposition.next_state_stores_produced_seed' does not depend on any axioms
info: RelationalPerimeter/Computation/EndogenousOperationalDecomposition.lean:1166:0: 'RelationalPerimeter.Computation.EndogenousOperationalDecomposition.retained_decision_reads_executed_output' does not depend on any axioms
info: RelationalPerimeter/Computation/EndogenousOperationalDecomposition.lean:1167:0: 'RelationalPerimeter.Computation.EndogenousOperationalDecomposition.extraction_uses_seeded_operational_root' does not depend on any axioms
info: RelationalPerimeter/Computation/EndogenousOperationalDecomposition.lean:1168:0: 'RelationalPerimeter.Computation.EndogenousOperationalDecomposition.next_discovery_bundle_uses_transmitted_seed' does not depend on any axioms
info: RelationalPerimeter/Computation/EndogenousOperationalDecomposition.lean:1169:0: 'RelationalPerimeter.Computation.EndogenousOperationalDecomposition.produced_state_seeds_next_discovery' does not depend on any axioms
info: RelationalPerimeter/Computation/EndogenousOperationalDecomposition.lean:1170:0: 'RelationalPerimeter.Computation.EndogenousOperationalDecomposition.produced_provenance_filters_next_discovery' does not depend on any axioms
info: RelationalPerimeter/Computation/EndogenousOperationalDecomposition.lean:1171:0: 'RelationalPerimeter.Computation.EndogenousOperationalDecomposition.next_discovery_depends_on_constitution' does not depend on any axioms
info: RelationalPerimeter/Computation/EndogenousOperationalDecomposition.lean:1172:0: 'RelationalPerimeter.Computation.EndogenousOperationalDecomposition.erased_state_is_fresh_for_next' does not depend on any axioms
info: RelationalPerimeter/Computation/EndogenousOperationalDecomposition.lean:1173:0: 'RelationalPerimeter.Computation.EndogenousOperationalDecomposition.same_reading_can_have_different_constitution' does not depend on any axioms
info: RelationalPerimeter/Computation/EndogenousOperationalDecomposition.lean:1174:0: 'RelationalPerimeter.Computation.EndogenousOperationalDecomposition.separator_states_share_projectable_data' does not depend on any axioms
info: RelationalPerimeter/Computation/EndogenousOperationalDecomposition.lean:1175:0: 'RelationalPerimeter.Computation.EndogenousOperationalDecomposition.separator_states_have_different_constitutions_and_outcomes' does not depend on any axioms
ℹ [130/142] Replayed RelationalPerimeter
info: RelationalPerimeter.lean:15:0: 'RelationalPerimeter.Computation.EndogenousOperationalDecomposition.endogenous_production_and_width_separation' does not depend on any axioms
info: RelationalPerimeter.lean:16:0: 'RelationalPerimeter.Computation.EndogenousOperationalDecomposition.extensive_multiplicity_does_not_force_full_operational_width' does not depend on any axioms
info: RelationalPerimeter.lean:17:0: 'StrongPerimetralTurning.Example.examplePresentation' does not depend on any axioms
info: RelationalPerimeter.lean:18:0: 'RelationalPerimeter.Computation.EndogenousOperationalDecomposition.evidence' does not depend on any axioms
info: RelationalPerimeter.lean:19:0: 'RelationalPerimeter.Computation.EndogenousOperationalDecomposition.family' does not depend on any axioms
info: RelationalPerimeter.lean:20:0: 'RelationalPerimeter.Computation.EndogenousOperationalDecomposition.operationalStabilityEvidence' does not depend on any axioms
info: RelationalPerimeter.lean:21:0: 'RelationalPerimeter.Computation.EndogenousOperationalDecomposition.constitutiveNormalizerSuccinctnessEvidence' does not depend on any axioms
info: RelationalPerimeter.lean:22:0: 'RelationalPerimeter.Computation.EndogenousOperationalDecomposition.publicBinaryExtensiveFamily' does not depend on any axioms
info: RelationalPerimeter.lean:23:0: 'RelationalPerimeter.Computation.EndogenousOperationalDecomposition.binary_family_exponential_width_iff_separate_preservation' does not depend on any axioms
info: RelationalPerimeter.lean:24:0: 'RelationalPerimeter.Computation.EndogenousOperationalDecomposition.binary_family_exponential_width_iff_carry_injective' does not depend on any axioms
info: RelationalPerimeter.lean:25:0: 'RelationalPerimeter.Computation.EndogenousOperationalDecomposition.binary_family_exponential_width_iff_distinct_separate_conservation' does not depend on any axioms
info: RelationalPerimeter.lean:26:0: 'RelationalPerimeter.Computation.EndogenousOperationalDecomposition.binary_family_exponential_width_iff_exact_separate_capacity' does not depend on any axioms
info: RelationalPerimeter.lean:27:0: 'RelationalPerimeter.Computation.EndogenousOperationalDecomposition.constitutiveExtensiveSeparationEvidence' does not depend on any axioms
info: RelationalPerimeter.lean:28:0: 'RelationalPerimeter.Computation.EndogenousOperationalDecomposition.ExactCausalExponentialTarget' does not depend on any axioms
info: RelationalPerimeter.lean:29:0: 'RelationalPerimeter.Computation.EndogenousOperationalDecomposition.exactCausalExponentialTargetEvidence' does not depend on any axioms
info: RelationalPerimeter.lean:30:0: 'RelationalPerimeter.Computation.EndogenousOperationalDecomposition.causalOperationalExecution' does not depend on any axioms
info: RelationalPerimeter.lean:31:0: 'RelationalPerimeter.Computation.EndogenousOperationalDecomposition.causal_operational_execution_erases_to_authoritative' does not depend on any axioms
info: RelationalPerimeter.lean:32:0: 'RelationalPerimeter.Computation.EndogenousOperationalDecomposition.causal_operational_decomposition_is_prefix_local' does not depend on any axioms
info: RelationalPerimeter.lean:33:0: 'RelationalPerimeter.Computation.EndogenousOperationalDecomposition.executed_normalization_consumes_constitutive_chain' does not depend on any axioms
info: RelationalPerimeter.lean:34:0: 'RelationalPerimeter.Computation.EndogenousOperationalDecomposition.executed_normalization_chain_is_causally_exact' does not depend on any axioms
info: RelationalPerimeter.lean:35:0: 'RelationalPerimeter.Computation.EndogenousOperationalDecomposition.executedConstitutiveObligationRegime' does not depend on any axioms
info: RelationalPerimeter.lean:36:0: 'RelationalPerimeter.Computation.EndogenousOperationalDecomposition.executedConstitutiveExactOperationalRegime' does not depend on any axioms
info: RelationalPerimeter.lean:37:0: 'RelationalPerimeter.Computation.EndogenousOperationalDecomposition.executed_constitutive_regime_is_exact_realization' does not depend on any axioms
info: RelationalPerimeter.lean:38:0: 'RelationalPerimeter.Computation.EndogenousOperationalDecomposition.executed_source_profiles_are_distinct' does not depend on any axioms
info: RelationalPerimeter.lean:39:0: 'RelationalPerimeter.Computation.EndogenousOperationalDecomposition.executed_source_profiles_are_codetermined' does not depend on any axioms
info: RelationalPerimeter.lean:40:0: 'RelationalPerimeter.Computation.EndogenousOperationalDecomposition.executed_distinct_profiles_carry_together' does not depend on any axioms
info: RelationalPerimeter.lean:41:0: 'RelationalPerimeter.Computation.EndogenousOperationalDecomposition.executedConstitutiveTarget' does not depend on any axioms
info: RelationalPerimeter.lean:42:0: 'RelationalPerimeter.Computation.EndogenousOperationalDecomposition.executedConstitutiveTargetTrace' does not depend on any axioms
info: RelationalPerimeter.lean:43:0: 'RelationalPerimeter.Computation.EndogenousOperationalDecomposition.executed_constitutive_target_exact' does not depend on any axioms
info: RelationalPerimeter.lean:44:0: 'RelationalPerimeter.Computation.EndogenousOperationalDecomposition.executed_carry_eq_iff_produced_target_eq' does not depend on any axioms
info: RelationalPerimeter.lean:45:0: 'RelationalPerimeter.Computation.EndogenousOperationalDecomposition.executed_carry_value_eq_produced_target' does not depend on any axioms
info: RelationalPerimeter.lean:46:0: 'RelationalPerimeter.Computation.EndogenousOperationalDecomposition.executed_carry_eq_iff_operational_codetermination' does not depend on any axioms
info: RelationalPerimeter.lean:47:0: 'RelationalPerimeter.Computation.EndogenousOperationalDecomposition.executed_produced_target_frontier_exact' does not depend on any axioms
info: RelationalPerimeter.lean:48:0: 'RelationalPerimeter.Computation.EndogenousOperationalDecomposition.executed_causal_regime_width_eq_produced_target_width' does not depend on any axioms
info: RelationalPerimeter.lean:49:0: 'RelationalPerimeter.Computation.EndogenousOperationalDecomposition.executed_regime_exponential_width_iff_separate_preservation' does not depend on any axioms
info: RelationalPerimeter.lean:50:0: 'RelationalPerimeter.Computation.EndogenousOperationalDecomposition.executed_constitutive_obligation_width_is_one' does not depend on any axioms
info: RelationalPerimeter.lean:51:0: 'RelationalPerimeter.Computation.EndogenousOperationalDecomposition.constituted_exponential_width_iff_distinct_separate_conservation' does not depend on any axioms
info: RelationalPerimeter.lean:52:0: 'RelationalPerimeter.Computation.EndogenousOperationalDecomposition.constituted_exponential_width_iff_carry_injective' does not depend on any axioms
info: RelationalPerimeter.lean:53:0: 'RelationalPerimeter.Computation.EndogenousOperationalDecomposition.constitutedDistinctSeparateRegime' does not depend on any axioms
info: RelationalPerimeter.lean:54:0: 'RelationalPerimeter.Computation.EndogenousOperationalDecomposition.constituted_distinct_separate_regime_has_exponential_width' does not depend on any axioms
info: RelationalPerimeter.lean:55:0: 'RelationalPerimeter.Computation.EndogenousOperationalDecomposition.constituted_distinct_separate_regime_conserves' does not depend on any axioms
info: RelationalPerimeter.lean:56:0: 'RelationalPerimeter.Computation.EndogenousOperationalDecomposition.executed_reduction_does_not_preserve_separate_obligations' does not depend on any axioms
info: RelationalPerimeter.lean:57:0: 'RelationalPerimeter.Computation.EndogenousOperationalDecomposition.independent_profile_addressing_requires_exponential_slots' does not depend on any axioms
info: RelationalPerimeter.lean:58:0: 'RelationalPerimeter.Computation.EndogenousOperationalDecomposition.constitutive_normalizer_program_code_size_exact' does not depend on any axioms
info: RelationalPerimeter.lean:59:0: 'RelationalPerimeter.Computation.EndogenousOperationalDecomposition.constitutive_normalizer_code_metric_exact' does not depend on any axioms
info: RelationalPerimeter.lean:60:0: 'RelationalPerimeter.Computation.EndogenousOperationalDecomposition.constitutive_normalizer_code_size_exact' does not depend on any axioms
info: RelationalPerimeter.lean:61:0: 'RelationalPerimeter.Computation.EndogenousOperationalDecomposition.constitutive_normalizer_interpreter_exact' does not depend on any axioms
info: RelationalPerimeter.lean:62:0: 'RelationalPerimeter.Computation.EndogenousOperationalDecomposition.constitutive_normalizer_returns_executed_codes' does not depend on any axioms
ℹ [131/142] Replayed Tests.EndogenousOperationalStabilityRegression
info: Tests/EndogenousOperationalStabilityRegression.lean:503:0: 'Tests.EndogenousOperationalStabilityRegression.publicEvidenceZero' does not depend on any axioms
info: Tests/EndogenousOperationalStabilityRegression.lean:504:0: 'Tests.EndogenousOperationalStabilityRegression.publicStageCountZero' does not depend on any axioms
info: Tests/EndogenousOperationalStabilityRegression.lean:505:0: 'Tests.EndogenousOperationalStabilityRegression.publicStructuralWidthZero' does not depend on any axioms
info: Tests/EndogenousOperationalStabilityRegression.lean:506:0: 'Tests.EndogenousOperationalStabilityRegression.publicPendingWidthZero' does not depend on any axioms
info: Tests/EndogenousOperationalStabilityRegression.lean:507:0: 'Tests.EndogenousOperationalStabilityRegression.publicRetainedWidthZero' does not depend on any axioms
info: Tests/EndogenousOperationalStabilityRegression.lean:508:0: 'Tests.EndogenousOperationalStabilityRegression.publicTransientBoundZero' does not depend on any axioms
info: Tests/EndogenousOperationalStabilityRegression.lean:509:0: 'Tests.EndogenousOperationalStabilityRegression.publicStrictSeparationZero' does not depend on any axioms
info: Tests/EndogenousOperationalStabilityRegression.lean:510:0: 'Tests.EndogenousOperationalStabilityRegression.publicMeasuredFailedMajorityZero' does not depend on any axioms
info: Tests/EndogenousOperationalStabilityRegression.lean:511:0: 'Tests.EndogenousOperationalStabilityRegression.normalizeEveryPublicStructuralProfileZero' does not depend on any axioms
info: Tests/EndogenousOperationalStabilityRegression.lean:512:0: 'Tests.EndogenousOperationalStabilityRegression.publicReductionHistoryIsExactZero' does not depend on any axioms
info: Tests/EndogenousOperationalStabilityRegression.lean:513:0: 'Tests.EndogenousOperationalStabilityRegression.publicDiscoveryWorkIsExactZero' does not depend on any axioms
info: Tests/EndogenousOperationalStabilityRegression.lean:514:0: 'Tests.EndogenousOperationalStabilityRegression.publicProjectionHistoryIsExactZero' does not depend on any axioms
info: Tests/EndogenousOperationalStabilityRegression.lean:515:0: 'Tests.EndogenousOperationalStabilityRegression.publicNormalizerIsExecutedZero' does not depend on any axioms
info: Tests/EndogenousOperationalStabilityRegression.lean:516:0: 'Tests.EndogenousOperationalStabilityRegression.measuredPrefixDeterminesAttempts' does not depend on any axioms
info: Tests/EndogenousOperationalStabilityRegression.lean:517:0: 'Tests.EndogenousOperationalStabilityRegression.measuredPrefixContainsOnlyFailures' does not depend on any axioms
info: Tests/EndogenousOperationalStabilityRegression.lean:518:0: 'Tests.EndogenousOperationalStabilityRegression.actualOpeningIsRelationFree' does not depend on any axioms
info: Tests/EndogenousOperationalStabilityRegression.lean:519:0: 'Tests.EndogenousOperationalStabilityRegression.actualDiscoveryOutcomeIsAuthoritative' does not depend on any axioms
info: Tests/EndogenousOperationalStabilityRegression.lean:520:0: 'Tests.EndogenousOperationalStabilityRegression.actualDiscoveredTransportChangesSameOpeningWidth' does not depend on any axioms
info: Tests/EndogenousOperationalStabilityRegression.lean:521:0: 'Tests.EndogenousOperationalStabilityRegression.actualRetainedTargetIsExact' does not depend on any axioms
info: Tests/EndogenousOperationalStabilityRegression.lean:522:0: 'Tests.EndogenousOperationalStabilityRegression.actualLeftActionUsesDiscovery' does not depend on any axioms
info: Tests/EndogenousOperationalStabilityRegression.lean:523:0: 'Tests.EndogenousOperationalStabilityRegression.actualRightActionIsRetained' does not depend on any axioms
info: Tests/EndogenousOperationalStabilityRegression.lean:524:0: 'Tests.EndogenousOperationalStabilityRegression.actualLeftActionPreservesCriterion' does not depend on any axioms
info: Tests/EndogenousOperationalStabilityRegression.lean:525:0: 'Tests.EndogenousOperationalStabilityRegression.fullReductionIsEstablishedConstitutiveStep' does not depend on any axioms
info: Tests/EndogenousOperationalStabilityRegression.lean:526:0: 'Tests.EndogenousOperationalStabilityRegression.acceptedLeftPayloadUsesDiscovery' does not depend on any axioms
info: Tests/EndogenousOperationalStabilityRegression.lean:527:0: 'Tests.EndogenousOperationalStabilityRegression.absorbedSiblingRemainsViableAndDistinct' does not depend on any axioms
info: Tests/EndogenousOperationalStabilityRegression.lean:528:0: 'Tests.EndogenousOperationalStabilityRegression.retainedSiblingRemainsViable' does not depend on any axioms
info: Tests/EndogenousOperationalStabilityRegression.lean:529:0: 'Tests.EndogenousOperationalStabilityRegression.executedApplicationUsesReturnedRelation' does not depend on any axioms
info: Tests/EndogenousOperationalStabilityRegression.lean:530:0: 'Tests.EndogenousOperationalStabilityRegression.executedOutputFeedsNextState' does not depend on any axioms
info: Tests/EndogenousOperationalStabilityRegression.lean:531:0: 'Tests.EndogenousOperationalStabilityRegression.publicStructuralCarrierCompleteZero' does not depend on any axioms
info: Tests/EndogenousOperationalStabilityRegression.lean:532:0: 'Tests.EndogenousOperationalStabilityRegression.publicStructuralCarrierNoDuplicatesZero' does not depend on any axioms
info: Tests/EndogenousOperationalStabilityRegression.lean:533:0: 'Tests.EndogenousOperationalStabilityRegression.publicPendingCarrierCompleteZero' does not depend on any axioms
info: Tests/EndogenousOperationalStabilityRegression.lean:534:0: 'Tests.EndogenousOperationalStabilityRegression.publicPendingCarrierNoDuplicatesZero' does not depend on any axioms
info: Tests/EndogenousOperationalStabilityRegression.lean:535:0: 'Tests.EndogenousOperationalStabilityRegression.publicOperationalCarrierCompleteZero' does not depend on any axioms
info: Tests/EndogenousOperationalStabilityRegression.lean:536:0: 'Tests.EndogenousOperationalStabilityRegression.publicOperationalCarrierNoDuplicatesZero' does not depend on any axioms
info: Tests/EndogenousOperationalStabilityRegression.lean:537:0: 'Tests.EndogenousOperationalStabilityRegression.actualStageTraceComesFromFrontiers' does not depend on any axioms
info: Tests/EndogenousOperationalStabilityRegression.lean:538:0: 'Tests.EndogenousOperationalStabilityRegression.actualStageTraceIsFrontierProjection' does not depend on any axioms
info: Tests/EndogenousOperationalStabilityRegression.lean:539:0: 'Tests.EndogenousOperationalStabilityRegression.executedSystemHasNonFactorizingTotalActions' does not depend on any axioms
info: Tests/EndogenousOperationalStabilityRegression.lean:540:0: 'Tests.EndogenousOperationalStabilityRegression.comparisonMatchesActualExecutedObservation' does not depend on any axioms
info: Tests/EndogenousOperationalStabilityRegression.lean:541:0: 'Tests.EndogenousOperationalStabilityRegression.projectedObservedActionIsExecuted' does not depend on any axioms
info: Tests/EndogenousOperationalStabilityRegression.lean:542:0: 'Tests.EndogenousOperationalStabilityRegression.projectedTraceIsExecuted' does not depend on any axioms
info: Tests/EndogenousOperationalStabilityRegression.lean:543:0: 'Tests.EndogenousOperationalStabilityRegression.executedViewIsDiscoveredProjection' does not depend on any axioms
info: Tests/EndogenousOperationalStabilityRegression.lean:544:0: 'Tests.EndogenousOperationalStabilityRegression.executedProjectedViewsAreEqual' does not depend on any axioms
info: Tests/EndogenousOperationalStabilityRegression.lean:545:0: 'Tests.EndogenousOperationalStabilityRegression.productionExecutedNonFactorizationHasAbstractType' does not depend on any axioms
info: Tests/EndogenousOperationalStabilityRegression.lean:546:0: 'Tests.EndogenousOperationalStabilityRegression.executedTotalActionDoesNotFactorThroughProjectedView' does not depend on any axioms
info: Tests/EndogenousOperationalStabilityRegression.lean:547:0: 'Tests.EndogenousOperationalStabilityRegression.wrongSingletonStillRejected' does not depend on any axioms
info: Tests/EndogenousOperationalStabilityRegression.lean:548:0: 'Tests.EndogenousOperationalStabilityRegression.separatorSameExecutedOutput' does not depend on any axioms
info: Tests/EndogenousOperationalStabilityRegression.lean:549:0: 'Tests.EndogenousOperationalStabilityRegression.separatorProjectedViewsEqual' does not depend on any axioms
info: Tests/EndogenousOperationalStabilityRegression.lean:550:0: 'Tests.EndogenousOperationalStabilityRegression.separatorDifferentTotalAction' does not depend on any axioms
info: Tests/EndogenousOperationalStabilityRegression.lean:551:0: 'Tests.EndogenousOperationalStabilityRegression.stateWidthViewCannotRecoverTotalAction' does not depend on any axioms
info: Tests/EndogenousOperationalStabilityRegression.lean:552:0: 'Tests.EndogenousOperationalStabilityRegression.ProjectionCollisionRegression.projection' does not depend on any axioms
info: Tests/EndogenousOperationalStabilityRegression.lean:553:0: 'Tests.EndogenousOperationalStabilityRegression.ProjectionCollisionRegression.action' does not depend on any axioms
info: Tests/EndogenousOperationalStabilityRegression.lean:554:0: 'Tests.EndogenousOperationalStabilityRegression.ProjectionCollisionRegression.sameProjection' does not depend on any axioms
info: Tests/EndogenousOperationalStabilityRegression.lean:555:0: 'Tests.EndogenousOperationalStabilityRegression.ProjectionCollisionRegression.differentAction' does not depend on any axioms
info: Tests/EndogenousOperationalStabilityRegression.lean:556:0: 'Tests.EndogenousOperationalStabilityRegression.ProjectionCollisionRegression.collision' does not depend on any axioms
info: Tests/EndogenousOperationalStabilityRegression.lean:557:0: 'Tests.EndogenousOperationalStabilityRegression.ProjectionCollisionRegression.actionDoesNotFactorThroughPropositionallyEqualProjection' does not depend on any axioms
ℹ [132/142] Replayed Tests.ConstitutiveExecutionRegression
info: Tests/ConstitutiveExecutionRegression.lean:935:0: 'ConstitutiveSearch.EndogenousDecomposition.regression_full_step_includes_opening' does not depend on any axioms
info: Tests/ConstitutiveExecutionRegression.lean:936:0: 'ConstitutiveSearch.EndogenousDecomposition.regression_every_action_changes_produced_assignment' does not depend on any axioms
info: Tests/ConstitutiveExecutionRegression.lean:937:0: 'ConstitutiveSearch.EndogenousDecomposition.regression_instrumented_family' does not depend on any axioms
info: Tests/ConstitutiveExecutionRegression.lean:938:0: 'ConstitutiveSearch.EndogenousDecomposition.regression_integrated_measured_family' does not depend on any axioms
info: Tests/ConstitutiveExecutionRegression.lean:939:0: 'ConstitutiveSearch.EndogenousDecomposition.regression_projection_measured_bound' does not depend on any axioms
info: Tests/ConstitutiveExecutionRegression.lean:940:0: 'ConstitutiveSearch.EndogenousDecomposition.regression_measured_synthesis_same_run' does not depend on any axioms
info: Tests/ConstitutiveExecutionRegression.lean:941:0: 'ConstitutiveSearch.EndogenousDecomposition.regression_projection_accounting_included' does not depend on any axioms
info: Tests/ConstitutiveExecutionRegression.lean:942:0: 'ConstitutiveSearch.EndogenousDecomposition.regression_measured_production_strict' does not depend on any axioms
info: Tests/ConstitutiveExecutionRegression.lean:943:0: 'ConstitutiveSearch.EndogenousDecomposition.regression_measured_accounting_not_inflatable' does not depend on any axioms
info: Tests/ConstitutiveExecutionRegression.lean:944:0: 'ConstitutiveSearch.EndogenousDecomposition.regression_main_measured_phases_polynomial' does not depend on any axioms
info: Tests/ConstitutiveExecutionRegression.lean:945:0: 'ConstitutiveSearch.EndogenousDecomposition.regression_total_instrumented_work_polynomial' does not depend on any axioms
info: Tests/ConstitutiveExecutionRegression.lean:946:0: 'ConstitutiveSearch.EndogenousDecomposition.regression_phase_ownership_unique' does not depend on any axioms
info: Tests/ConstitutiveExecutionRegression.lean:947:0: 'ConstitutiveSearch.EndogenousDecomposition.regression_observed_variable_from_stored_schedule' does not depend on any axioms
info: Tests/ConstitutiveExecutionRegression.lean:948:0: 'ConstitutiveSearch.EndogenousDecomposition.regression_observed_variable_traversal_charged' does not depend on any axioms
info: Tests/ConstitutiveExecutionRegression.lean:949:0: 'ConstitutiveSearch.EndogenousDecomposition.regression_production_consumes_initialized_endpoint' does not depend on any axioms
info: Tests/ConstitutiveExecutionRegression.lean:950:0: 'ConstitutiveSearch.EndogenousDecomposition.regression_generated_history_from_counted_producer' does not depend on any axioms
info: Tests/ConstitutiveExecutionRegression.lean:951:0: 'ConstitutiveSearch.EndogenousDecomposition.regression_initialization_calls_charged' does not depend on any axioms
info: Tests/ConstitutiveExecutionRegression.lean:952:0: 'ConstitutiveSearch.EndogenousDecomposition.regression_production_calls_charged' does not depend on any axioms
info: Tests/ConstitutiveExecutionRegression.lean:953:0: 'ConstitutiveSearch.EndogenousDecomposition.regression_production_material_emitted' does not depend on any axioms
info: Tests/ConstitutiveExecutionRegression.lean:954:0: 'ConstitutiveSearch.EndogenousDecomposition.regression_stage_generation_stats_from_producer' does not depend on any axioms
info: Tests/ConstitutiveExecutionRegression.lean:955:0: 'ConstitutiveSearch.EndogenousDecomposition.regression_measured_search_input_polynomial' does not depend on any axioms
info: Tests/ConstitutiveExecutionRegression.lean:956:0: 'ConstitutiveSearch.EndogenousDecomposition.regression_generic_traversal_returns_stored_discoveries' does not depend on any axioms
info: Tests/ConstitutiveExecutionRegression.lean:957:0: 'ConstitutiveSearch.EndogenousDecomposition.regression_execution_retains_generated_history' does not depend on any axioms
info: Tests/ConstitutiveExecutionRegression.lean:958:0: 'ConstitutiveSearch.EndogenousDecomposition.regression_empty_clause_extraction_is_charged' does not depend on any axioms
info: Tests/ConstitutiveExecutionRegression.lean:959:0: 'ConstitutiveSearch.EndogenousDecomposition.regression_discovery_measured_input_bound' does not depend on any axioms
info: Tests/ConstitutiveExecutionRegression.lean:960:0: 'ConstitutiveSearch.EndogenousDecomposition.regression_integrated_discovery_measured_bound' does not depend on any axioms
info: Tests/ConstitutiveExecutionRegression.lean:961:0: 'ConstitutiveSearch.EndogenousDecomposition.regression_integrated_validation_execution_measured_bound' does not depend on any axioms
info: Tests/ConstitutiveExecutionRegression.lean:962:0: 'ConstitutiveSearch.EndogenousDecomposition.regression_projection_consumes_executed_stage' does not depend on any axioms
info: Tests/ConstitutiveExecutionRegression.lean:963:0: 'ConstitutiveSearch.EndogenousDecomposition.regression_integrated_projection_refines_section31' does not depend on any axioms
info: Tests/ConstitutiveExecutionRegression.lean:964:0: 'ConstitutiveSearch.EndogenousDecomposition.regression_integrated_projection_codeAtoms' does not depend on any axioms
info: Tests/ConstitutiveExecutionRegression.lean:965:0: 'ConstitutiveSearch.EndogenousDecomposition.regression_section6_operational_succession' does not depend on any axioms
info: Tests/ConstitutiveExecutionRegression.lean:966:0: 'ConstitutiveSearch.EndogenousDecomposition.regression_projection_positive_reads_main_action' does not depend on any axioms
info: Tests/ConstitutiveExecutionRegression.lean:967:0: 'ConstitutiveSearch.EndogenousDecomposition.regression_integrated_projection_not_factors' does not depend on any axioms
info: Tests/ConstitutiveExecutionRegression.lean:968:0: 'ConstitutiveSearch.EndogenousDecomposition.regression_generic_exploration_full_data' does not depend on any axioms
info: Tests/ConstitutiveExecutionRegression.lean:969:0: 'ConstitutiveSearch.EndogenousDecomposition.regression_all_executed_stages_refine_generic' does not depend on any axioms
info: Tests/ConstitutiveExecutionRegression.lean:970:0: 'ConstitutiveSearch.EndogenousDecomposition.regression_execution_consumes_measured_schedule' does not depend on any axioms
info: Tests/ConstitutiveExecutionRegression.lean:971:0: 'ConstitutiveSearch.EndogenousDecomposition.regression_terminal_consumes_measured_reads' does not depend on any axioms
info: Tests/ConstitutiveExecutionRegression.lean:972:0: 'ConstitutiveSearch.EndogenousDecomposition.regression_transported_read_not_free' does not depend on any axioms
info: Tests/ConstitutiveExecutionRegression.lean:973:0: 'ConstitutiveSearch.EndogenousDecomposition.regression_terminal_reader_bound' does not depend on any axioms
info: Tests/ConstitutiveExecutionRegression.lean:974:0: 'ConstitutiveSearch.EndogenousDecomposition.regression_input_cannot_replace_applied_output' does not depend on any axioms
info: Tests/ConstitutiveExecutionRegression.lean:975:0: 'ConstitutiveSearch.EndogenousDecomposition.regression_wrong_source_assignment_rejected' does not depend on any axioms
info: Tests/ConstitutiveExecutionRegression.lean:976:0: 'ConstitutiveSearch.EndogenousDecomposition.regression_generation_alone_does_not_supply_relation' does not depend on any axioms
info: Tests/ConstitutiveExecutionRegression.lean:977:0: 'ConstitutiveSearch.EndogenousDecomposition.regression_returned_codes_compile_from_local_paths' does not depend on any axioms
info: Tests/ConstitutiveExecutionRegression.lean:978:0: 'ConstitutiveSearch.EndogenousDecomposition.regression_terminal_readout_is_preserved' does not depend on any axioms
info: Tests/ConstitutiveExecutionRegression.lean:979:0: 'ConstitutiveSearch.EndogenousDecomposition.regression_measured_comparison_not_list_size' does not depend on any axioms
info: Tests/ConstitutiveExecutionRegression.lean:980:0: 'ConstitutiveSearch.EndogenousDecomposition.regression_measured_discovery_is_reference_discovery' does not depend on any axioms
info: Tests/ConstitutiveExecutionRegression.lean:981:0: 'ConstitutiveSearch.EndogenousDecomposition.regression_no_history_comparison_after_formula_failure' does not depend on any axioms
info: Tests/ConstitutiveExecutionRegression.lean:982:0: 'ConstitutiveSearch.EndogenousDecomposition.regression_generated_target_not_injected' does not depend on any axioms
info: Tests/ConstitutiveExecutionRegression.lean:983:0: 'ConstitutiveSearch.EndogenousDecomposition.external_target_cannot_construct_typed_run' does not depend on any axioms
info: Tests/ConstitutiveExecutionRegression.lean:984:0: 'ConstitutiveSearch.EndogenousDecomposition.regression_successive_operational_indices_differ' does not depend on any axioms
info: Tests/ConstitutiveExecutionRegression.lean:985:0: 'ConstitutiveSearch.EndogenousDecomposition.regression_relation_substitution_rejected' does not depend on any axioms
info: Tests/ConstitutiveExecutionRegression.lean:986:0: 'ConstitutiveSearch.EndogenousDecomposition.regression_code_is_applied' does not depend on any axioms
info: Tests/ConstitutiveExecutionRegression.lean:987:0: 'ConstitutiveSearch.EndogenousDecomposition.regression_code_application_is_instrumented' does not depend on any axioms
info: Tests/ConstitutiveExecutionRegression.lean:988:0: 'ConstitutiveSearch.EndogenousDecomposition.regression_application_fields_from_recursive_run' does not depend on any axioms
info: Tests/ConstitutiveExecutionRegression.lean:989:0: 'ConstitutiveSearch.EndogenousDecomposition.regression_application_stats_are_run_emitted' does not depend on any axioms
info: Tests/ConstitutiveExecutionRegression.lean:990:0: 'ConstitutiveSearch.EndogenousDecomposition.regression_applied_code_preserves_acceptance' does not depend on any axioms
info: Tests/ConstitutiveExecutionRegression.lean:991:0: 'ConstitutiveSearch.EndogenousDecomposition.regression_concrete_source_is_accepted' does not depend on any axioms
info: Tests/ConstitutiveExecutionRegression.lean:992:0: 'ConstitutiveSearch.EndogenousDecomposition.regression_concrete_output_is_accepted' does not depend on any axioms
info: Tests/ConstitutiveExecutionRegression.lean:993:0: 'ConstitutiveSearch.EndogenousDecomposition.regression_selected_variable_is_discovered' does not depend on any axioms
info: Tests/ConstitutiveExecutionRegression.lean:994:0: 'ConstitutiveSearch.EndogenousDecomposition.regression_discovery_not_constant' does not depend on any axioms
info: Tests/ConstitutiveExecutionRegression.lean:995:0: 'ConstitutiveSearch.EndogenousDecomposition.regression_no_factorization_by_input_and_projection' does not depend on any axioms
info: Tests/ConstitutiveExecutionRegression.lean:996:0: 'ConstitutiveSearch.EndogenousDecomposition.regression_witnesses_share_input' does not depend on any axioms
info: Tests/ConstitutiveExecutionRegression.lean:997:0: 'ConstitutiveSearch.EndogenousDecomposition.regression_index_not_spectator' does not depend on any axioms
info: Tests/ConstitutiveExecutionRegression.lean:998:0: 'ConstitutiveSearch.EndogenousDecomposition.regression_instrumented_work_grows' does not depend on any axioms
info: Tests/ConstitutiveExecutionRegression.lean:999:0: 'ConstitutiveSearch.EndogenousDecomposition.regression_tested_candidates_are_charged' does not depend on any axioms
info: Tests/ConstitutiveExecutionRegression.lean:1000:0: 'ConstitutiveSearch.EndogenousDecomposition.regression_cost_is_run_derived' does not depend on any axioms
info: Tests/ConstitutiveExecutionRegression.lean:1001:0: 'ConstitutiveSearch.EndogenousDecomposition.regression_structural_profile_is_run_derived' does not depend on any axioms
info: Tests/ConstitutiveExecutionRegression.lean:1002:0: 'ConstitutiveSearch.EndogenousDecomposition.regression_no_global_closure' does not depend on any axioms
info: Tests/ConstitutiveExecutionRegression.lean:1003:0: 'ConstitutiveSearch.EndogenousDecomposition.regression_provenance_erasure_is_observable' does not depend on any axioms
info: Tests/ConstitutiveExecutionRegression.lean:1004:0: 'ConstitutiveSearch.EndogenousDecomposition.regression_terminal_is_trace_derived' does not depend on any axioms
info: Tests/ConstitutiveExecutionRegression.lean:1005:0: 'ConstitutiveSearch.EndogenousDecomposition.regression_decision_reads_executed_bits' does not depend on any axioms
info: Tests/ConstitutiveExecutionRegression.lean:1006:0: 'ConstitutiveSearch.EndogenousDecomposition.regression_generated_history_is_consumed' does not depend on any axioms
info: Tests/ConstitutiveExecutionRegression.lean:1007:0: 'ConstitutiveSearch.EndogenousDecomposition.regression_encoded_input_size' does not depend on any axioms
info: Tests/ConstitutiveExecutionRegression.lean:1008:0: 'ConstitutiveSearch.EndogenousDecomposition.regression_relation_has_discovery_provenance' does not depend on any axioms
info: Tests/ConstitutiveExecutionRegression.lean:1009:0: 'ConstitutiveSearch.EndogenousDecomposition.regression_phase_accounting_is_canonical' does not depend on any axioms
info: Tests/ConstitutiveExecutionRegression.lean:1010:0: 'ConstitutiveSearch.EndogenousDecomposition.regression_terminal_visits_are_executed' does not depend on any axioms
info: Tests/ConstitutiveExecutionRegression.lean:1011:0: 'ConstitutiveSearch.EndogenousDecomposition.regression_formula_comparison_surface_grows' does not depend on any axioms
info: Tests/ConstitutiveExecutionRegression.lean:1012:0: 'ConstitutiveSearch.EndogenousDecomposition.regression_detailed_discovery_work_is_exact' does not depend on any axioms
info: Tests/ConstitutiveExecutionRegression.lean:1013:0: 'ConstitutiveSearch.EndogenousDecomposition.regression_relation_queries_are_charged' does not depend on any axioms
info: Tests/ConstitutiveExecutionRegression.lean:1014:0: 'ConstitutiveSearch.EndogenousDecomposition.regression_extracted_candidates_are_run_emitted' does not depend on any axioms
info: Tests/ConstitutiveExecutionRegression.lean:1015:0: 'ConstitutiveSearch.EndogenousDecomposition.regression_validated_atoms_are_run_emitted' does not depend on any axioms
info: Tests/ConstitutiveExecutionRegression.lean:1016:0: 'ConstitutiveSearch.EndogenousDecomposition.regression_section7_accounting_is_in_final_family' does not depend on any axioms
info: Tests/ConstitutiveExecutionRegression.lean:1017:0: 'ConstitutiveSearch.EndogenousDecomposition.regression_accounting_exact_in_final_per_input' does not depend on any axioms
info: Tests/ConstitutiveExecutionRegression.lean:1018:0: 'ConstitutiveSearch.EndogenousDecomposition.regression_concrete_interface_discovers' does not depend on any axioms
info: Tests/ConstitutiveExecutionRegression.lean:1019:0: 'ConstitutiveSearch.EndogenousDecomposition.regression_projection_experiment_uses_constituted_index' does not depend on any axioms
info: Tests/ConstitutiveExecutionRegression.lean:1020:0: 'ConstitutiveSearch.EndogenousDecomposition.regression_generation_accounting_is_exact' does not depend on any axioms
info: Tests/ConstitutiveExecutionRegression.lean:1021:0: 'ConstitutiveSearch.EndogenousDecomposition.regression_failure_aware_traversal_is_exact' does not depend on any axioms
info: Tests/ConstitutiveExecutionRegression.lean:1022:0: 'ConstitutiveSearch.EndogenousDecomposition.regression_all_structural_correspondences' does not depend on any axioms
info: Tests/ConstitutiveExecutionRegression.lean:1023:0: 'ConstitutiveSearch.EndogenousDecomposition.regression_public_history_is_causal' does not depend on any axioms
info: Tests/ConstitutiveExecutionRegression.lean:1024:0: 'ConstitutiveSearch.EndogenousDecomposition.regression_causal_history_matches_reference_after_execution' does not depend on any axioms
info: Tests/ConstitutiveExecutionRegression.lean:1025:0: 'ConstitutiveSearch.EndogenousDecomposition.regression_stage_is_constructed_from_returned_discovery' does not depend on any axioms
info: Tests/ConstitutiveExecutionRegression.lean:1026:0: 'ConstitutiveSearch.EndogenousDecomposition.regression_provenance_filter_matches_prior_history_filter' does not depend on any axioms
info: Tests/ConstitutiveExecutionRegression.lean:1027:0: 'ConstitutiveSearch.EndogenousDecomposition.regression_feedback_next_contains_executed_output_and_decision_history' does not depend on any axioms
info: Tests/ConstitutiveExecutionRegression.lean:1028:0: 'ConstitutiveSearch.EndogenousDecomposition.regression_feedback_provenance_from_scheduled_operation' does not depend on any axioms
info: Tests/ConstitutiveExecutionRegression.lean:1029:0: 'ConstitutiveSearch.EndogenousDecomposition.regression_next_discovery_consumes_produced_provenance' does not depend on any axioms
info: Tests/ConstitutiveExecutionRegression.lean:1030:0: 'ConstitutiveSearch.EndogenousDecomposition.regression_feedback_search_seed_from_produced_state' does not depend on any axioms
info: Tests/ConstitutiveExecutionRegression.lean:1031:0: 'ConstitutiveSearch.EndogenousDecomposition.regression_next_discovery_consumes_retained_search_seed' does not depend on any axioms
info: Tests/ConstitutiveExecutionRegression.lean:1032:0: 'ConstitutiveSearch.EndogenousDecomposition.regression_next_operational_state_consumes_generated_target' does not depend on any axioms
info: Tests/ConstitutiveExecutionRegression.lean:1033:0: 'ConstitutiveSearch.EndogenousDecomposition.regression_old_input_cannot_replace_feedback_output' does not depend on any axioms
info: Tests/ConstitutiveExecutionRegression.lean:1034:0: 'ConstitutiveSearch.EndogenousDecomposition.regression_other_decision_history_changes_next_discovery' does not depend on any axioms
info: Tests/ConstitutiveExecutionRegression.lean:1035:0: 'ConstitutiveSearch.EndogenousDecomposition.regression_same_depth_projection_different_next_discovery' does not depend on any axioms
info: Tests/ConstitutiveExecutionRegression.lean:1036:0: 'ConstitutiveSearch.EndogenousDecomposition.regression_next_discovery_not_depth_factor' does not depend on any axioms
info: Tests/ConstitutiveExecutionRegression.lean:1037:0: 'ConstitutiveSearch.EndogenousDecomposition.regression_feedback_relation_is_from_transmitted_run' does not depend on any axioms
info: Tests/ConstitutiveExecutionRegression.lean:1038:0: 'ConstitutiveSearch.EndogenousDecomposition.regression_feedback_code_is_from_discovered_relation' does not depend on any axioms
info: Tests/ConstitutiveExecutionRegression.lean:1039:0: 'ConstitutiveSearch.EndogenousDecomposition.regression_feedback_failure_produces_nothing' does not depend on any axioms
info: Tests/ConstitutiveExecutionRegression.lean:1040:0: 'ConstitutiveSearch.EndogenousDecomposition.regression_failed_discovery_constructs_no_stage' does not depend on any axioms
info: Tests/ConstitutiveExecutionRegression.lean:1041:0: 'ConstitutiveSearch.EndogenousDecomposition.regression_failed_discovery_has_no_positive_history' does not depend on any axioms
info: Tests/ConstitutiveExecutionRegression.lean:1042:0: 'ConstitutiveSearch.EndogenousDecomposition.regression_authoritative_attempts_strict' does not depend on any axioms
info: Tests/ConstitutiveExecutionRegression.lean:1043:0: 'ConstitutiveSearch.EndogenousDecomposition.regression_blocked_state_is_constructed_from_child' does not depend on any axioms
info: Tests/ConstitutiveExecutionRegression.lean:1044:0: 'ConstitutiveSearch.EndogenousDecomposition.regression_separator_states_share_executed_origin' does not depend on any axioms
info: Tests/ConstitutiveExecutionRegression.lean:1045:0: 'ConstitutiveSearch.EndogenousDecomposition.regression_separator_states_are_complete_and_distinct' does not depend on any axioms
info: Tests/ConstitutiveExecutionRegression.lean:1046:0: 'ConstitutiveSearch.EndogenousDecomposition.regression_feedback_inspects_no_global_composition' does not depend on any axioms
info: Tests/ConstitutiveExecutionRegression.lean:1047:0: 'ConstitutiveSearch.EndogenousDecomposition.regression_prior_integrated_results_remain_available' does not depend on any axioms
info: Tests/ConstitutiveExecutionRegression.lean:1048:0: 'ConstitutiveSearch.EndogenousDecomposition.regression_feedback_accounting_is_canonical' does not depend on any axioms
info: Tests/ConstitutiveExecutionRegression.lean:1049:0: 'ConstitutiveSearch.EndogenousDecomposition.regression_public_run_is_single_pass' does not depend on any axioms
info: Tests/ConstitutiveExecutionRegression.lean:1050:0: 'ConstitutiveSearch.EndogenousDecomposition.regression_reachable_history_changes_candidate_trace' does not depend on any axioms
info: Tests/ConstitutiveExecutionRegression.lean:1051:0: 'ConstitutiveSearch.EndogenousDecomposition.regression_filtering_cost_is_owned_once' does not depend on any axioms
ℹ [133/142] Replayed Tests.RelationalExtensiveIffRegression
info: Tests/RelationalExtensiveIffRegression.lean:478:0: 'RelationalPerimeter.Tests.RelationalExtensiveIffRegression.classLevelTarget' does not depend on any axioms
info: Tests/RelationalExtensiveIffRegression.lean:479:0: 'RelationalPerimeter.Tests.RelationalExtensiveIffRegression.classLevelLiteralTarget' does not depend on any axioms
info: Tests/RelationalExtensiveIffRegression.lean:480:0: 'RelationalPerimeter.Tests.RelationalExtensiveIffRegression.classLevelCapacityTarget' does not depend on any axioms
info: Tests/RelationalExtensiveIffRegression.lean:481:0: 'RelationalPerimeter.Tests.RelationalExtensiveIffRegression.independentBinaryMemberIsUnbounded' does not depend on any axioms
info: Tests/RelationalExtensiveIffRegression.lean:482:0: 'RelationalPerimeter.Tests.RelationalExtensiveIffRegression.generalClassIsNotOnlyBinary' does not depend on any axioms
info: Tests/RelationalExtensiveIffRegression.lean:483:0: 'RelationalPerimeter.Tests.RelationalExtensiveIffRegression.publicBinaryMemberHasExactSourceWidth' does not depend on any axioms
info: Tests/RelationalExtensiveIffRegression.lean:484:0: 'RelationalPerimeter.Tests.RelationalExtensiveIffRegression.publicGeneralCarrierIsRelationallyConstituted' does not depend on any axioms
info: Tests/RelationalExtensiveIffRegression.lean:485:0: 'RelationalPerimeter.Tests.RelationalExtensiveIffRegression.publicOpeningTransportIsAuthoritative' does not depend on any axioms
info: Tests/RelationalExtensiveIffRegression.lean:486:0: 'RelationalPerimeter.Tests.RelationalExtensiveIffRegression.publicProfileTransportIsGeneralTransport' does not depend on any axioms
info: Tests/RelationalExtensiveIffRegression.lean:487:0: 'RelationalPerimeter.Tests.RelationalExtensiveIffRegression.publicClassCarrierIsExecutedCarrier' does not depend on any axioms
info: Tests/RelationalExtensiveIffRegression.lean:488:0: 'RelationalPerimeter.Tests.RelationalExtensiveIffRegression.publicTarget' does not depend on any axioms
info: Tests/RelationalExtensiveIffRegression.lean:489:0: 'RelationalPerimeter.Tests.RelationalExtensiveIffRegression.publicLiteralTarget' does not depend on any axioms
info: Tests/RelationalExtensiveIffRegression.lean:490:0: 'RelationalPerimeter.Tests.RelationalExtensiveIffRegression.publicSeparateRegimeHasExponentialWidth' does not depend on any axioms
info: Tests/RelationalExtensiveIffRegression.lean:491:0: 'RelationalPerimeter.Tests.RelationalExtensiveIffRegression.publicSeparateRegimeConserves' does not depend on any axioms
info: Tests/RelationalExtensiveIffRegression.lean:492:0: 'RelationalPerimeter.Tests.RelationalExtensiveIffRegression.stageDecompositionIsPrefixLocal' does not depend on any axioms
info: Tests/RelationalExtensiveIffRegression.lean:493:0: 'RelationalPerimeter.Tests.RelationalExtensiveIffRegression.publicCertificateUsesCanonicalStagewiseDecomposition' does not depend on any axioms
info: Tests/RelationalExtensiveIffRegression.lean:494:0: 'RelationalPerimeter.Tests.RelationalExtensiveIffRegression.publicFusedExecutionErasesExactly' does not depend on any axioms
info: Tests/RelationalExtensiveIffRegression.lean:495:0: 'RelationalPerimeter.Tests.RelationalExtensiveIffRegression.publicFusedCausalRunIsAuthoritative' does not depend on any axioms
info: Tests/RelationalExtensiveIffRegression.lean:496:0: 'RelationalPerimeter.Tests.RelationalExtensiveIffRegression.publicFusedRolesAreAuthoritative' does not depend on any axioms
info: Tests/RelationalExtensiveIffRegression.lean:497:0: 'RelationalPerimeter.Tests.RelationalExtensiveIffRegression.publicExactTargetIsClosed' does not depend on any axioms
info: Tests/RelationalExtensiveIffRegression.lean:498:0: 'RelationalPerimeter.Tests.RelationalExtensiveIffRegression.publicNormalizationIsCanonical' does not depend on any axioms
info: Tests/RelationalExtensiveIffRegression.lean:499:0: 'RelationalPerimeter.Tests.RelationalExtensiveIffRegression.publicOperationalRegimeIsComputedImage' does not depend on any axioms
info: Tests/RelationalExtensiveIffRegression.lean:500:0: 'RelationalPerimeter.Tests.RelationalExtensiveIffRegression.publicOperationalRegimeIsExactRealization' does not depend on any axioms
info: Tests/RelationalExtensiveIffRegression.lean:501:0: 'RelationalPerimeter.Tests.RelationalExtensiveIffRegression.publicExecutedProfilesRemainDistinct' does not depend on any axioms
info: Tests/RelationalExtensiveIffRegression.lean:502:0: 'RelationalPerimeter.Tests.RelationalExtensiveIffRegression.publicExecutedProfilesAreCoDetermined' does not depend on any axioms
info: Tests/RelationalExtensiveIffRegression.lean:503:0: 'RelationalPerimeter.Tests.RelationalExtensiveIffRegression.publicExecutedDistinctProfilesCarryTogether' does not depend on any axioms
info: Tests/RelationalExtensiveIffRegression.lean:504:0: 'RelationalPerimeter.Tests.RelationalExtensiveIffRegression.publicExecutedTargetHasExactTrace' does not depend on any axioms
info: Tests/RelationalExtensiveIffRegression.lean:505:0: 'RelationalPerimeter.Tests.RelationalExtensiveIffRegression.publicExecutedTargetIsExact' does not depend on any axioms
info: Tests/RelationalExtensiveIffRegression.lean:506:0: 'RelationalPerimeter.Tests.RelationalExtensiveIffRegression.publicExecutedProducedTargetFrontierIsExact' does not depend on any axioms
info: Tests/RelationalExtensiveIffRegression.lean:507:0: 'RelationalPerimeter.Tests.RelationalExtensiveIffRegression.publicExecutedWidthComesFromProducedTargetImage' does not depend on any axioms
info: Tests/RelationalExtensiveIffRegression.lean:508:0: 'RelationalPerimeter.Tests.RelationalExtensiveIffRegression.publicExecutedCarryFibresAreProducedTargetFibres' does not depend on any axioms
info: Tests/RelationalExtensiveIffRegression.lean:509:0: 'RelationalPerimeter.Tests.RelationalExtensiveIffRegression.publicExecutedCarryValueIsProducedTarget' does not depend on any axioms
info: Tests/RelationalExtensiveIffRegression.lean:510:0: 'RelationalPerimeter.Tests.RelationalExtensiveIffRegression.publicExecutedCarryFibresAreOperationalCodetermination' does not depend on any axioms
info: Tests/RelationalExtensiveIffRegression.lean:511:0: 'RelationalPerimeter.Tests.RelationalExtensiveIffRegression.publicExecutedRegimeUsesSameConstitutedCarrier' does not depend on any axioms
info: Tests/RelationalExtensiveIffRegression.lean:512:0: 'RelationalPerimeter.Tests.RelationalExtensiveIffRegression.publicExecutedWidthIsOne' does not depend on any axioms
info: Tests/RelationalExtensiveIffRegression.lean:513:0: 'RelationalPerimeter.Tests.RelationalExtensiveIffRegression.publicExecutedReductionRejectsSeparateObligationStatus' does not depend on any axioms
info: Tests/RelationalExtensiveIffRegression.lean:514:0: 'RelationalPerimeter.Tests.RelationalExtensiveIffRegression.compiledActionIsMaterial' does not depend on any axioms
info: Tests/RelationalExtensiveIffRegression.lean:515:0: 'RelationalPerimeter.Tests.RelationalExtensiveIffRegression.transformedOccurrenceUsesDiscoveredAction' does not depend on any axioms
info: Tests/RelationalExtensiveIffRegression.lean:516:0: 'RelationalPerimeter.Tests.RelationalExtensiveIffRegression.transformedTargetIsExecutedAction' does not depend on any axioms
info: Tests/RelationalExtensiveIffRegression.lean:517:0: 'RelationalPerimeter.Tests.RelationalExtensiveIffRegression.reductionCarriesArbitraryContinuationPreservation' does not depend on any axioms
info: Tests/RelationalExtensiveIffRegression.lean:518:0: 'RelationalPerimeter.Tests.RelationalExtensiveIffRegression.reductionKeepsOccurrencesDistinct' does not depend on any axioms
info: Tests/RelationalExtensiveIffRegression.lean:519:0: 'RelationalPerimeter.Tests.RelationalExtensiveIffRegression.transformedDecisionTargetIsExecutedAction' does not depend on any axioms
info: Tests/RelationalExtensiveIffRegression.lean:520:0: 'RelationalPerimeter.Tests.RelationalExtensiveIffRegression.transformedDecisionHasExecutedActionIndex' does not depend on any axioms
info: Tests/RelationalExtensiveIffRegression.lean:521:0: 'RelationalPerimeter.Tests.RelationalExtensiveIffRegression.exactPrefixLocalProducerType' does not depend on any axioms
info: Tests/RelationalExtensiveIffRegression.lean:522:0: 'RelationalPerimeter.Tests.RelationalExtensiveIffRegression.prefixLocalProductionCarriesExactPriorContext' does not depend on any axioms
info: Tests/RelationalExtensiveIffRegression.lean:523:0: 'RelationalPerimeter.Tests.RelationalExtensiveIffRegression.publicNormalizationConsumesConstitutiveChain' does not depend on any axioms
info: Tests/RelationalExtensiveIffRegression.lean:524:0: 'RelationalPerimeter.Tests.RelationalExtensiveIffRegression.normalizationResultIsChainElimination' does not depend on any axioms
info: Tests/RelationalExtensiveIffRegression.lean:525:0: 'RelationalPerimeter.Tests.RelationalExtensiveIffRegression.publicNormalizationChainIsCausallyExact' does not depend on any axioms
info: Tests/RelationalExtensiveIffRegression.lean:526:0: 'RelationalPerimeter.Tests.RelationalExtensiveIffRegression.publicGroupingRetainsPreservation' does not depend on any axioms
info: Tests/RelationalExtensiveIffRegression.lean:527:0: 'RelationalPerimeter.Tests.RelationalExtensiveIffRegression.publicGroupingRetainsOccurrenceSeparation' does not depend on any axioms
info: Tests/RelationalExtensiveIffRegression.lean:528:0: 'RelationalPerimeter.Tests.RelationalExtensiveIffRegression.publicExactTargetGroupingAuthorization' does not depend on any axioms
info: Tests/RelationalExtensiveIffRegression.lean:529:0: 'RelationalPerimeter.Tests.RelationalExtensiveIffRegression.publicClassIffUsesAuthoritativeExecutedCarrier' does not depend on any axioms
info: Tests/RelationalExtensiveIffRegression.lean:530:0: 'RelationalPerimeter.Tests.RelationalExtensiveIffRegression.publicRegimeIsExactNormalizationProjection' does not depend on any axioms
ℹ [134/142] Replayed Tests.ComputationalPhenomenonRegression
info: Tests/ComputationalPhenomenonRegression.lean:193:0: 'RelationalPerimeter.Tests.ComputationalPhenomenon.seed_is_read_of_producedState' does not depend on any axioms
info: Tests/ComputationalPhenomenonRegression.lean:194:0: 'RelationalPerimeter.Tests.ComputationalPhenomenon.next_searchSeed_is_produced_seed' does not depend on any axioms
info: Tests/ComputationalPhenomenonRegression.lean:195:0: 'RelationalPerimeter.Tests.ComputationalPhenomenon.and_decision_reads_output' does not depend on any axioms
info: Tests/ComputationalPhenomenonRegression.lean:196:0: 'RelationalPerimeter.Tests.ComputationalPhenomenon.extraction_runs_on_seeded_root' does not depend on any axioms
info: Tests/ComputationalPhenomenonRegression.lean:197:0: 'RelationalPerimeter.Tests.ComputationalPhenomenon.discovery_bundle_from_transmitted_seed' does not depend on any axioms
info: Tests/ComputationalPhenomenonRegression.lean:198:0: 'RelationalPerimeter.Tests.ComputationalPhenomenon.production_seed_not_constant_across_stages' does not depend on any axioms
info: Tests/ComputationalPhenomenonRegression.lean:199:0: 'RelationalPerimeter.Tests.ComputationalPhenomenon.execution_initial_state_consumes_initialization' does not depend on any axioms
info: Tests/ComputationalPhenomenonRegression.lean:200:0: 'RelationalPerimeter.Tests.ComputationalPhenomenon.same_reading_different_constitution' does not depend on any axioms
info: Tests/ComputationalPhenomenonRegression.lean:201:0: 'RelationalPerimeter.Tests.ComputationalPhenomenon.separator_states_share_projectable_data' does not depend on any axioms
info: Tests/ComputationalPhenomenonRegression.lean:202:0: 'RelationalPerimeter.Tests.ComputationalPhenomenon.separator_states_differ' does not depend on any axioms
info: Tests/ComputationalPhenomenonRegression.lean:203:0: 'RelationalPerimeter.Tests.ComputationalPhenomenon.failure_branch_constructs_nothing' does not depend on any axioms
info: Tests/ComputationalPhenomenonRegression.lean:204:0: 'RelationalPerimeter.Tests.ComputationalPhenomenon.failure_branch_has_no_descendant_history' does not depend on any axioms
info: Tests/ComputationalPhenomenonRegression.lean:205:0: 'RelationalPerimeter.Tests.ComputationalPhenomenon.authoritative_attempt_counter_grows' does not depend on any axioms
info: Tests/ComputationalPhenomenonRegression.lean:206:0: 'RelationalPerimeter.Tests.ComputationalPhenomenon.or_children_structurally_distinct' does not depend on any axioms
info: Tests/ComputationalPhenomenonRegression.lean:207:0: 'RelationalPerimeter.Tests.ComputationalPhenomenon.absorbed_alternative_viability_transported' does not depend on any axioms
info: Tests/ComputationalPhenomenonRegression.lean:208:0: 'RelationalPerimeter.Tests.ComputationalPhenomenon.opening_then_absorption_preserves_frontier_viability' does not depend on any axioms
info: Tests/ComputationalPhenomenonRegression.lean:209:0: 'RelationalPerimeter.Tests.ComputationalPhenomenon.full_step_output_independent_of_acceptance' does not depend on any axioms
info: Tests/ComputationalPhenomenonRegression.lean:210:0: 'ConstitutiveSearch.EndogenousDecomposition.executeConstitutiveExecutionHistory' does not depend on any axioms
info: Tests/ComputationalPhenomenonRegression.lean:211:0: 'ConstitutiveSearch.EndogenousDecomposition.executeConstitutiveResolution' does not depend on any axioms
info: Tests/ComputationalPhenomenonRegression.lean:212:0: 'ConstitutiveSearch.EndogenousDecomposition.nextDiscovery_not_factors' does not depend on any axioms
ℹ [135/142] Replayed Tests.SemanticImageRegression
info: Tests/SemanticImageRegression.lean:55:0: 'SemanticImageRegression.faithful' does not depend on any axioms
info: Tests/SemanticImageRegression.lean:56:0: 'SemanticImageRegression.faithfulSpecification' does not depend on any axioms
info: Tests/SemanticImageRegression.lean:57:0: 'SemanticImageRegression.prescribed' does not depend on any axioms
info: Tests/SemanticImageRegression.lean:58:0: 'SemanticImageRegression.sameCanonicalOutputs' does not depend on any axioms
info: Tests/SemanticImageRegression.lean:59:0: 'SemanticImageRegression.prescribedLosesPreservation' does not depend on any axioms
info: Tests/SemanticImageRegression.lean:60:0: 'SemanticImageRegression.missingConstitution' does not depend on any axioms
info: Tests/SemanticImageRegression.lean:61:0: 'SemanticImageRegression.missingConstitutionHasNoSpecification' does not depend on any axioms
info: Tests/SemanticImageRegression.lean:62:0: 'SemanticImageRegression.arbitraryPayloadPreserved' does not depend on any axioms
info: Tests/SemanticImageRegression.lean:63:0: 'SemanticImageRegression.viabilityIsPreservedAndReflected' does not depend on any axioms
ℹ [136/142] Replayed Tests.ConstitutiveObjectiveRegression
info: Tests/ConstitutiveObjectiveRegression.lean:66:0: 'ConstitutiveObjectiveRegression.universalPreservation' does not depend on any axioms
info: Tests/ConstitutiveObjectiveRegression.lean:67:0: 'ConstitutiveObjectiveRegression.preservationAndReflection' does not depend on any axioms
info: Tests/ConstitutiveObjectiveRegression.lean:68:0: 'ConstitutiveObjectiveRegression.distinctProfilesGrouped' does not depend on any axioms
info: Tests/ConstitutiveObjectiveRegression.lean:69:0: 'ConstitutiveObjectiveRegression.exactWidths' does not depend on any axioms
info: Tests/ConstitutiveObjectiveRegression.lean:70:0: 'ConstitutiveObjectiveRegression.fullWidthExactlyInjective' does not depend on any axioms
info: Tests/ConstitutiveObjectiveRegression.lean:71:0: 'ConstitutiveObjectiveRegression.horizonDoesNotChooseHead' does not depend on any axioms
ℹ [137/142] Replayed Tests.RealizedConstitutionRegression
info: Tests/RealizedConstitutionRegression.lean:87:0: 'RealizedConstitutionRegression.flipStage' does not depend on any axioms
info: Tests/RealizedConstitutionRegression.lean:88:0: 'RealizedConstitutionRegression.flip_roundTrip' does not depend on any axioms
info: Tests/RealizedConstitutionRegression.lean:89:0: 'RealizedConstitutionRegression.witnesses_exact' does not depend on any axioms
ℹ [138/142] Replayed Tests.EndogenousWidthBridgeRegression
info: Tests/EndogenousWidthBridgeRegression.lean:64:0: 'EndogenousWidthBridgeRegression.fullBridge' does not depend on any axioms
info: Tests/EndogenousWidthBridgeRegression.lean:65:0: 'EndogenousWidthBridgeRegression.existingEndogeneity' does not depend on any axioms
info: Tests/EndogenousWidthBridgeRegression.lean:66:0: 'EndogenousWidthBridgeRegression.allSourcesViable' does not depend on any axioms
info: Tests/EndogenousWidthBridgeRegression.lean:67:0: 'EndogenousWidthBridgeRegression.allSourcesHaveTheirTrace' does not depend on any axioms
info: Tests/EndogenousWidthBridgeRegression.lean:68:0: 'EndogenousWidthBridgeRegression.widthReadings' does not depend on any axioms
info: Tests/EndogenousWidthBridgeRegression.lean:69:0: 'EndogenousWidthBridgeRegression.arbitraryBinaryMember' does not depend on any axioms
info: Tests/EndogenousWidthBridgeRegression.lean:70:0: 'EndogenousWidthBridgeRegression.fullWidthNotForced' does not depend on any axioms
ℹ [139/142] Replayed Tests.ConstitutiveNormalizerSuccinctnessRegression
info: Tests/ConstitutiveNormalizerSuccinctnessRegression.lean:204:0: 'Tests.ConstitutiveNormalizerSuccinctnessRegression.certificateZero' does not depend on any axioms
info: Tests/ConstitutiveNormalizerSuccinctnessRegression.lean:205:0: 'Tests.ConstitutiveNormalizerSuccinctnessRegression.publicStageCountZero' does not depend on any axioms
info: Tests/ConstitutiveNormalizerSuccinctnessRegression.lean:206:0: 'Tests.ConstitutiveNormalizerSuccinctnessRegression.publicStructuralCaseCountZero' does not depend on any axioms
info: Tests/ConstitutiveNormalizerSuccinctnessRegression.lean:207:0: 'Tests.ConstitutiveNormalizerSuccinctnessRegression.publicPendingCaseCountZero' does not depend on any axioms
info: Tests/ConstitutiveNormalizerSuccinctnessRegression.lean:208:0: 'Tests.ConstitutiveNormalizerSuccinctnessRegression.publicRetainedCaseCountZero' does not depend on any axioms
info: Tests/ConstitutiveNormalizerSuccinctnessRegression.lean:209:0: 'Tests.ConstitutiveNormalizerSuccinctnessRegression.publicStructuralProfilesComplete' does not depend on any axioms
info: Tests/ConstitutiveNormalizerSuccinctnessRegression.lean:210:0: 'Tests.ConstitutiveNormalizerSuccinctnessRegression.publicStructuralProfilesNoDuplicates' does not depend on any axioms
info: Tests/ConstitutiveNormalizerSuccinctnessRegression.lean:211:0: 'Tests.ConstitutiveNormalizerSuccinctnessRegression.publicPendingProfilesComplete' does not depend on any axioms
info: Tests/ConstitutiveNormalizerSuccinctnessRegression.lean:212:0: 'Tests.ConstitutiveNormalizerSuccinctnessRegression.publicPendingProfilesNoDuplicates' does not depend on any axioms
info: Tests/ConstitutiveNormalizerSuccinctnessRegression.lean:213:0: 'Tests.ConstitutiveNormalizerSuccinctnessRegression.publicAcceptedPayload' does not depend on any axioms
info: Tests/ConstitutiveNormalizerSuccinctnessRegression.lean:214:0: 'Tests.ConstitutiveNormalizerSuccinctnessRegression.publicProgramIsAuthoritative' does not depend on any axioms
info: Tests/ConstitutiveNormalizerSuccinctnessRegression.lean:215:0: 'Tests.ConstitutiveNormalizerSuccinctnessRegression.genericIndependentAddressingBound' does not depend on any axioms
info: Tests/ConstitutiveNormalizerSuccinctnessRegression.lean:216:0: 'Tests.ConstitutiveNormalizerSuccinctnessRegression.canonicalInstructionStoresReturnedCode' does not depend on any axioms
info: Tests/ConstitutiveNormalizerSuccinctnessRegression.lean:217:0: 'Tests.ConstitutiveNormalizerSuccinctnessRegression.scheduledSourceUsesTheSameDiscovery' does not depend on any axioms
info: Tests/ConstitutiveNormalizerSuccinctnessRegression.lean:218:0: 'Tests.ConstitutiveNormalizerSuccinctnessRegression.scheduledTargetUsesTheSameDiscovery' does not depend on any axioms
info: Tests/ConstitutiveNormalizerSuccinctnessRegression.lean:219:0: 'Tests.ConstitutiveNormalizerSuccinctnessRegression.leftInterpreterComputesTheStoredCode' does not depend on any axioms
info: Tests/ConstitutiveNormalizerSuccinctnessRegression.lean:220:0: 'Tests.ConstitutiveNormalizerSuccinctnessRegression.rightInterpreterRetainsItsPayload' does not depend on any axioms
info: Tests/ConstitutiveNormalizerSuccinctnessRegression.lean:221:0: 'Tests.ConstitutiveNormalizerSuccinctnessRegression.publicProgramInterpretsEveryProfile' does not depend on any axioms
info: Tests/ConstitutiveNormalizerSuccinctnessRegression.lean:222:0: 'Tests.ConstitutiveNormalizerSuccinctnessRegression.publicProgramReturnsExactExecutedCodes' does not depend on any axioms
info: Tests/ConstitutiveNormalizerSuccinctnessRegression.lean:223:0: 'Tests.ConstitutiveNormalizerSuccinctnessRegression.publicProgramAtomCountIsLinear' does not depend on any axioms
info: Tests/ConstitutiveNormalizerSuccinctnessRegression.lean:224:0: 'Tests.ConstitutiveNormalizerSuccinctnessRegression.publicRawProgramAtomCountIsLinear' does not depend on any axioms
info: Tests/ConstitutiveNormalizerSuccinctnessRegression.lean:225:0: 'Tests.ConstitutiveNormalizerSuccinctnessRegression.rawAndErasedProgramMetricsAgree' does not depend on any axioms
info: Tests/ConstitutiveNormalizerSuccinctnessRegression.lean:226:0: 'Tests.ConstitutiveNormalizerSuccinctnessRegression.independentAddressingCannotUseFewerSlots' does not depend on any axioms
info: Tests/ConstitutiveNormalizerSuccinctnessRegression.lean:227:0: 'Tests.ConstitutiveNormalizerSuccinctnessRegression.derivedWidthReadoutRemainsBounded' does not depend on any axioms
info: Tests/ConstitutiveNormalizerSuccinctnessRegression.lean:228:0: 'Tests.ConstitutiveNormalizerSuccinctnessRegression.publicInstrumentedWorkBoundRemainsSeparate' does not depend on any axioms
info: Tests/ConstitutiveNormalizerSuccinctnessRegression.lean:229:0: 'Tests.ConstitutiveNormalizerSuccinctnessRegression.priorNonfactorizationResultRemainsAvailable' does not depend on any axioms
ℹ [140/142] Replayed Tests.ConstitutiveComplexityHierarchyRegression
info: Tests/ConstitutiveComplexityHierarchyRegression.lean:224:0: 'RelationalPerimeter.Tests.ConstitutiveComplexityHierarchyRegression.programInstructionCount' does not depend on any axioms
info: Tests/ConstitutiveComplexityHierarchyRegression.lean:225:0: 'RelationalPerimeter.Tests.ConstitutiveComplexityHierarchyRegression.programComesFromExecutedRoles' does not depend on any axioms
info: Tests/ConstitutiveComplexityHierarchyRegression.lean:226:0: 'RelationalPerimeter.Tests.ConstitutiveComplexityHierarchyRegression.extensiveCarrierIsProgramExpansion' does not depend on any axioms
info: Tests/ConstitutiveComplexityHierarchyRegression.lean:227:0: 'RelationalPerimeter.Tests.ConstitutiveComplexityHierarchyRegression.programExpansionCardinality' does not depend on any axioms
info: Tests/ConstitutiveComplexityHierarchyRegression.lean:228:0: 'RelationalPerimeter.Tests.ConstitutiveComplexityHierarchyRegression.programExpansionComplete' does not depend on any axioms
info: Tests/ConstitutiveComplexityHierarchyRegression.lean:229:0: 'RelationalPerimeter.Tests.ConstitutiveComplexityHierarchyRegression.programExpansionNoDuplicates' does not depend on any axioms
info: Tests/ConstitutiveComplexityHierarchyRegression.lean:230:0: 'RelationalPerimeter.Tests.ConstitutiveComplexityHierarchyRegression.everyProgramProfileAccepted' does not depend on any axioms
info: Tests/ConstitutiveComplexityHierarchyRegression.lean:231:0: 'RelationalPerimeter.Tests.ConstitutiveComplexityHierarchyRegression.everyInstructionDoublesTailExpansion' does not depend on any axioms
info: Tests/ConstitutiveComplexityHierarchyRegression.lean:232:0: 'RelationalPerimeter.Tests.ConstitutiveComplexityHierarchyRegression.headAlternativesAreIndexedByStoredInstruction' does not depend on any axioms
info: Tests/ConstitutiveComplexityHierarchyRegression.lean:233:0: 'RelationalPerimeter.Tests.ConstitutiveComplexityHierarchyRegression.programProfilesRequireExponentialSlots' does not depend on any axioms
info: Tests/ConstitutiveComplexityHierarchyRegression.lean:234:0: 'RelationalPerimeter.Tests.ConstitutiveComplexityHierarchyRegression.programInstructionCountEqualsCodeSize' does not depend on any axioms
info: Tests/ConstitutiveComplexityHierarchyRegression.lean:235:0: 'RelationalPerimeter.Tests.ConstitutiveComplexityHierarchyRegression.programCodeSize' does not depend on any axioms
info: Tests/ConstitutiveComplexityHierarchyRegression.lean:236:0: 'RelationalPerimeter.Tests.ConstitutiveComplexityHierarchyRegression.programReturnsExecutedCodes' does not depend on any axioms
info: Tests/ConstitutiveComplexityHierarchyRegression.lean:237:0: 'RelationalPerimeter.Tests.ConstitutiveComplexityHierarchyRegression.programInterpretsItsExpansion' does not depend on any axioms
info: Tests/ConstitutiveComplexityHierarchyRegression.lean:238:0: 'RelationalPerimeter.Tests.ConstitutiveComplexityHierarchyRegression.everyProgramStepConsumesStoredInstruction' does not depend on any axioms
info: Tests/ConstitutiveComplexityHierarchyRegression.lean:239:0: 'RelationalPerimeter.Tests.ConstitutiveComplexityHierarchyRegression.rawInterpreterSeparatesDifferentInstructionActions' does not depend on any axioms
info: Tests/ConstitutiveComplexityHierarchyRegression.lean:240:0: 'RelationalPerimeter.Tests.ConstitutiveComplexityHierarchyRegression.authoritativeInstructionProjectsToExecutedView' does not depend on any axioms
info: Tests/ConstitutiveComplexityHierarchyRegression.lean:241:0: 'RelationalPerimeter.Tests.ConstitutiveComplexityHierarchyRegression.authoritativeInstructionHasTypedProjectionCollision' does not depend on any axioms
info: Tests/ConstitutiveComplexityHierarchyRegression.lean:242:0: 'RelationalPerimeter.Tests.ConstitutiveComplexityHierarchyRegression.projectedViewDoesNotDetermineAuthoritativeAction' does not depend on any axioms
info: Tests/ConstitutiveComplexityHierarchyRegression.lean:243:0: 'RelationalPerimeter.Tests.ConstitutiveComplexityHierarchyRegression.instrumentedWorkRemainsSeparate' does not depend on any axioms
ℹ [141/142] Replayed Tests.PublicRootImport
info: Tests/PublicRootImport.lean:46:0: 'RelationalPerimeter.Tests.PublicRootImport.publicEvidence' does not depend on any axioms
info: Tests/PublicRootImport.lean:47:0: 'RelationalPerimeter.Tests.PublicRootImport.publicFamily' does not depend on any axioms
info: Tests/PublicRootImport.lean:48:0: 'RelationalPerimeter.Tests.PublicRootImport.publicSuccinctnessEvidence' does not depend on any axioms
info: Tests/PublicRootImport.lean:49:0: 'RelationalPerimeter.Tests.PublicRootImport.publicIndependentAddressingBound' does not depend on any axioms
info: Tests/PublicRootImport.lean:50:0: 'RelationalPerimeter.Tests.PublicRootImport.publicNormalizerProgramSize' does not depend on any axioms
info: Tests/PublicRootImport.lean:51:0: 'RelationalPerimeter.Tests.PublicRootImport.publicNormalizerMetricAgreement' does not depend on any axioms
Build completed successfully (142 jobs).
Verified 140 Lean files: build, constructivity, audit blocks, import boundaries, and migration boundaries are clean.
