"originalModule","originalLine","originalName","targetName","kind","agreement"
"ExactTypeTransport","12","ExactTypeTransport","RelationalFoundations.ExactTransport","structure","transparent alias; canonical field notation in migrated consumers"
"ExactTypeTransport","22","ExactTypeTransport.reflexive","RelationalFoundations.ExactTransport.reflexive","def","transparent alias; canonical field notation in migrated consumers"
"ExactTypeTransport","29","ExactTypeTransport.ofEquality","RelationalFoundations.ExactTransport.ofEquality","def","transparent alias; canonical field notation in migrated consumers"
"ExactTypeTransport","36","ExactTypeTransport.reverse","RelationalFoundations.ExactTransport.reverse","def","transparent alias; canonical field notation in migrated consumers"
"ExactTypeTransport","47","ExactTypeTransport.compose","RelationalFoundations.ExactTransport.compose","def","transparent alias; canonical field notation in migrated consumers"
"ExactTypeTransport","70","ExactTypeTransport.sumUnit","RelationalFoundations.ExactTransport.sumUnit","def","transparent alias; canonical field notation in migrated consumers"
"ExactTypeTransport","101","ExactTypeTransport.backward_eq_of_forward_eq","RelationalFoundations.ExactTransport.backward_eq_of_forward_eq","theorem","transparent alias; canonical field notation in migrated consumers"
"SegmentedResidualRole","24","SegmentedResidualRole.ContractibleRole","RelationalFoundations.Residual.ContractibleRole","structure","export alias to same constructive definitions"
"SegmentedResidualRole","32","SegmentedResidualRole.ExactInternalRealization","RelationalFoundations.Residual.ExactInternalRealization","structure","export alias to same constructive definitions"
"SegmentedResidualRole","48","SegmentedResidualRole.FaithfulExtension","RelationalFoundations.Residual.FaithfulExtension","structure","export alias to same constructive definitions"
"SegmentedResidualRole","75","SegmentedResidualRole.ResidualUniquenessKernel","RelationalFoundations.Residual.ResidualUniquenessKernel","structure","export alias to same constructive definitions"
"SegmentedResidualRole","99","SegmentedResidualRole.PositiveNewPart","RelationalFoundations.Residual.PositiveNewPart","structure","export alias to same constructive definitions"
"SegmentedResidualRole","106","SegmentedResidualRole.ResidualDeterminationCore","RelationalFoundations.Residual.ResidualDeterminationCore","structure","export alias to same constructive definitions"
"SegmentedResidualRole","120","SegmentedResidualRole.ResidualDeterminationCore.label_is_residual","RelationalFoundations.Residual.ResidualDeterminationCore.label_is_residual","theorem","export alias to same constructive definitions"
"SegmentedResidualRole","136","SegmentedResidualRole.ResidualDeterminationCore.occurrences_unique","RelationalFoundations.Residual.ResidualDeterminationCore.occurrences_unique","theorem","export alias to same constructive definitions"
"SegmentedResidualRole","155","SegmentedResidualRole.CoreUniqueResidualOccurrence","RelationalFoundations.Residual.CoreUniqueResidualOccurrence","structure","export alias to same constructive definitions"
"SegmentedResidualRole","167","SegmentedResidualRole.positiveCore_hasUniqueResidualOccurrence","RelationalFoundations.Residual.positiveCore_hasUniqueResidualOccurrence","def","export alias to same constructive definitions"
"SegmentedResidualRole","182","SegmentedResidualRole.FaithfulExtension.toResidualUniquenessKernel","RelationalFoundations.Residual.FaithfulExtension.toResidualUniquenessKernel","def","export alias to same constructive definitions"
"SegmentedResidualRole","209","SegmentedResidualRole.ResidualUniquenessKernel.newOccurrence_cannotReuseInternalRole","RelationalFoundations.Residual.ResidualUniquenessKernel.newOccurrence_cannotReuseInternalRole","theorem","export alias to same constructive definitions"
"SegmentedResidualRole","234","SegmentedResidualRole.ResidualUniquenessKernel.toDeterminationCore","RelationalFoundations.Residual.ResidualUniquenessKernel.toDeterminationCore","def","export alias to same constructive definitions"
"SegmentedResidualRole","258","SegmentedResidualRole.ResidualUniquenessKernel.newOccurrence_label_is_residual","RelationalFoundations.Residual.ResidualUniquenessKernel.newOccurrence_label_is_residual","theorem","export alias to same constructive definitions"
"SegmentedResidualRole","274","SegmentedResidualRole.ResidualUniquenessKernel.newOccurrences_unique","RelationalFoundations.Residual.ResidualUniquenessKernel.newOccurrences_unique","theorem","export alias to same constructive definitions"
"SegmentedResidualRole","292","SegmentedResidualRole.FaithfulExtension.newOccurrence_cannotReuseInternalRole","RelationalFoundations.Residual.FaithfulExtension.newOccurrence_cannotReuseInternalRole","theorem","export alias to same constructive definitions"
"SegmentedResidualRole","312","SegmentedResidualRole.FaithfulExtension.newOccurrence_label_is_residual","RelationalFoundations.Residual.FaithfulExtension.newOccurrence_label_is_residual","theorem","export alias to same constructive definitions"
"SegmentedResidualRole","329","SegmentedResidualRole.FaithfulExtension.newOccurrences_unique","RelationalFoundations.Residual.FaithfulExtension.newOccurrences_unique","theorem","export alias to same constructive definitions"
"SegmentedResidualRole","348","SegmentedResidualRole.KernelUniqueResidualOccurrence","RelationalFoundations.Residual.KernelUniqueResidualOccurrence","structure","export alias to same constructive definitions"
"SegmentedResidualRole","366","SegmentedResidualRole.CoreUniqueResidualOccurrence.toKernel","RelationalFoundations.Residual.CoreUniqueResidualOccurrence.toKernel","def","export alias to same constructive definitions"
"SegmentedResidualRole","383","SegmentedResidualRole.positiveKernel_hasUniqueResidualOccurrence","RelationalFoundations.Residual.positiveKernel_hasUniqueResidualOccurrence","def","export alias to same constructive definitions"
"SegmentedResidualRole","402","SegmentedResidualRole.OldLabelsInternal","RelationalFoundations.Residual.OldLabelsInternal","def","export alias to same constructive definitions"
"SegmentedResidualRole","418","SegmentedResidualRole.ExactInternalCompletion","RelationalFoundations.Residual.ExactInternalCompletion","structure","export alias to same constructive definitions"
"SegmentedResidualRole","436","SegmentedResidualRole.ExactReconstructionConditions","RelationalFoundations.Residual.ExactReconstructionConditions","structure","export alias to same constructive definitions"
"SegmentedResidualRole","451","SegmentedResidualRole.ExactReconstructionConditions.toExactInternalCompletion","RelationalFoundations.Residual.ExactReconstructionConditions.toExactInternalCompletion","def","export alias to same constructive definitions"
"SegmentedResidualRole","481","SegmentedResidualRole.ExactInternalCompletion.toExactInternalRealization","RelationalFoundations.Residual.ExactInternalCompletion.toExactInternalRealization","def","export alias to same constructive definitions"
"SegmentedResidualRole","498","SegmentedResidualRole.ExactInternalCompletion.toReconstructionConditions","RelationalFoundations.Residual.ExactInternalCompletion.toReconstructionConditions","def","export alias to same constructive definitions"
"SegmentedResidualRole","543","SegmentedResidualRole.ExactInternalCompletion.occurrenceToRole_pointwise_unique","RelationalFoundations.Residual.ExactInternalCompletion.occurrenceToRole_pointwise_unique","theorem","export alias to same constructive definitions"
"SegmentedResidualRole","564","SegmentedResidualRole.ResidualUniquenessKernel.oldLabelsInternal_of_positive","RelationalFoundations.Residual.ResidualUniquenessKernel.oldLabelsInternal_of_positive","def","export alias to same constructive definitions"
"SegmentedResidualRole","595","SegmentedResidualRole.ResidualUniquenessKernel.toExactInternalCompletion_of_positive","RelationalFoundations.Residual.ResidualUniquenessKernel.toExactInternalCompletion_of_positive","def","export alias to same constructive definitions"
"SegmentedResidualRole","616","SegmentedResidualRole.FaithfulExtension.internalCompletion","RelationalFoundations.Residual.FaithfulExtension.internalCompletion","def","export alias to same constructive definitions"
"SegmentedResidualRole","632","SegmentedResidualRole.FaithfulExtension.embedOld_injective","RelationalFoundations.Residual.FaithfulExtension.embedOld_injective","theorem","export alias to same constructive definitions"
"SegmentedResidualRole","646","SegmentedResidualRole.FaithfulExtension.reconstructInternalCompletion","RelationalFoundations.Residual.FaithfulExtension.reconstructInternalCompletion","def","export alias to same constructive definitions"
"SegmentedResidualRole","662","SegmentedResidualRole.FaithfulExtension.reconstructed_roleToOccurrence_eq","RelationalFoundations.Residual.FaithfulExtension.reconstructed_roleToOccurrence_eq","theorem","export alias to same constructive definitions"
"SegmentedResidualRole","679","SegmentedResidualRole.FaithfulExtension.reconstructed_roleToOccurrence_agrees","RelationalFoundations.Residual.FaithfulExtension.reconstructed_roleToOccurrence_agrees","theorem","export alias to same constructive definitions"
"SegmentedResidualRole","697","SegmentedResidualRole.FaithfulExtension.reconstructed_occurrenceToRole_agrees","RelationalFoundations.Residual.FaithfulExtension.reconstructed_occurrenceToRole_agrees","theorem","export alias to same constructive definitions"
"SegmentedResidualRole","720","SegmentedResidualRole.UniqueResidualOccurrence","RelationalFoundations.Residual.UniqueResidualOccurrence","structure","export alias to same constructive definitions"
"SegmentedResidualRole","737","SegmentedResidualRole.CoreUniqueResidualOccurrence.toRich","RelationalFoundations.Residual.CoreUniqueResidualOccurrence.toRich","def","export alias to same constructive definitions"
"SegmentedResidualRole","755","SegmentedResidualRole.positiveExtension_hasUniqueResidualOccurrence","RelationalFoundations.Residual.positiveExtension_hasUniqueResidualOccurrence","def","export alias to same constructive definitions"
"SegmentedResidualRole","772","SegmentedResidualRole.positiveExtension_result_occurrence","RelationalFoundations.Residual.positiveExtension_result_occurrence","theorem","export alias to same constructive definitions"
"AbstractSegmentedTurning","33","AbstractSegmentedTurning.BoundaryGenerator","RelationalFoundations.Diagnostics.BoundaryGenerator","structure","export alias; same candidate and implementation quantifiers"
"AbstractSegmentedTurning","44","AbstractSegmentedTurning.BoundaryGenerator.continuation_ne_boundary","RelationalFoundations.Diagnostics.BoundaryGenerator.continuation_ne_boundary","theorem","export alias; same candidate and implementation quantifiers"
"AbstractSegmentedTurning","60","AbstractSegmentedTurning.ExactRegimeClassification","RelationalFoundations.Diagnostics.ExactRegimeClassification","structure","export alias; same candidate and implementation quantifiers"
"AbstractSegmentedTurning","73","AbstractSegmentedTurning.RegimeExit","RelationalFoundations.Diagnostics.RegimeExit","structure","export alias; same candidate and implementation quantifiers"
"AbstractSegmentedTurning","84","AbstractSegmentedTurning.RegimeExit.mapFaithful","RelationalFoundations.Diagnostics.RegimeExit.mapFaithful","def","export alias; same candidate and implementation quantifiers"
"AbstractSegmentedTurning","97","AbstractSegmentedTurning.RegimeExit.restrictRegime","RelationalFoundations.Diagnostics.RegimeExit.restrictRegime","def","export alias; same candidate and implementation quantifiers"
"AbstractSegmentedTurning","112","AbstractSegmentedTurning.RegimeExit.refutesFaithfulToRegime","RelationalFoundations.Diagnostics.RegimeExit.refutesFaithfulToRegime","theorem","export alias; same candidate and implementation quantifiers"
"AbstractSegmentedTurning","121","AbstractSegmentedTurning.RegimeExit.mapFaithful_id","RelationalFoundations.Diagnostics.RegimeExit.mapFaithful_id","theorem","export alias; same candidate and implementation quantifiers"
"AbstractSegmentedTurning","129","AbstractSegmentedTurning.RegimeExit.mapFaithful_comp","RelationalFoundations.Diagnostics.RegimeExit.mapFaithful_comp","theorem","export alias; same candidate and implementation quantifiers"
"AbstractSegmentedTurning","143","AbstractSegmentedTurning.RegimeExit.restrictRegime_id","RelationalFoundations.Diagnostics.RegimeExit.restrictRegime_id","theorem","export alias; same candidate and implementation quantifiers"
"AbstractSegmentedTurning","151","AbstractSegmentedTurning.RegimeExit.restrictRegime_comp","RelationalFoundations.Diagnostics.RegimeExit.restrictRegime_comp","theorem","export alias; same candidate and implementation quantifiers"
"AbstractSegmentedTurning","165","AbstractSegmentedTurning.RegimeExit.mapFaithful_restrictRegime","RelationalFoundations.Diagnostics.RegimeExit.mapFaithful_restrictRegime","theorem","export alias; same candidate and implementation quantifiers"
"AbstractSegmentedTurning","184","AbstractSegmentedTurning.UniformRegimeExit","RelationalFoundations.Diagnostics.UniformRegimeExit","abbrev","export alias; same candidate and implementation quantifiers"
"AbstractSegmentedTurning","198","AbstractSegmentedTurning.UniformRegimeExit.atImplementation","RelationalFoundations.Diagnostics.UniformRegimeExit.atImplementation","def","export alias; same candidate and implementation quantifiers"
"AbstractSegmentedTurning","211","AbstractSegmentedTurning.UniformRegimeExit.reindexImplementation","RelationalFoundations.Diagnostics.UniformRegimeExit.reindexImplementation","def","export alias; same candidate and implementation quantifiers"
"AbstractSegmentedTurning","228","AbstractSegmentedTurning.UniformRegimeExit.reindex_id","RelationalFoundations.Diagnostics.UniformRegimeExit.reindex_id","theorem","export alias; same candidate and implementation quantifiers"
"AbstractSegmentedTurning","237","AbstractSegmentedTurning.UniformRegimeExit.reindex_comp","RelationalFoundations.Diagnostics.UniformRegimeExit.reindex_comp","theorem","export alias; same candidate and implementation quantifiers"
"AbstractSegmentedTurning","251","AbstractSegmentedTurning.UniformRegimeExit.reindex_at","RelationalFoundations.Diagnostics.UniformRegimeExit.reindex_at","theorem","export alias; same candidate and implementation quantifiers"
"AbstractSegmentedTurning","268","AbstractSegmentedTurning.CoreSegmentedBoundary","RelationalFoundations.Diagnostics.CoreSegmentedBoundary","structure","export alias; same candidate and implementation quantifiers"
"AbstractSegmentedTurning","283","AbstractSegmentedTurning.SegmentedBoundary","RelationalFoundations.Diagnostics.SegmentedBoundary","structure","export alias; same candidate and implementation quantifiers"
"AbstractSegmentedTurning","302","AbstractSegmentedTurning.SegmentedBoundary.toCoreBoundary","RelationalFoundations.Diagnostics.SegmentedBoundary.toCoreBoundary","def","export alias; same candidate and implementation quantifiers"
"AbstractSegmentedTurning","330","AbstractSegmentedTurning.ObstructedRegime","RelationalFoundations.Diagnostics.ObstructedRegime","structure","export alias; same candidate and implementation quantifiers"
"AbstractSegmentedTurning","352","AbstractSegmentedTurning.ObstructedRegime.exactClassification","RelationalFoundations.Diagnostics.ObstructedRegime.exactClassification","def","export alias; same candidate and implementation quantifiers"
"AbstractSegmentedTurning","370","AbstractSegmentedTurning.ObstructedRegime.continuation_outside_regime","RelationalFoundations.Diagnostics.ObstructedRegime.continuation_outside_regime","theorem","export alias; same candidate and implementation quantifiers"
"AbstractSegmentedTurning","380","AbstractSegmentedTurning.ObstructedRegime.no_strict_regime_extension","RelationalFoundations.Diagnostics.ObstructedRegime.no_strict_regime_extension","theorem","export alias; same candidate and implementation quantifiers"
"AbstractSegmentedTurning","397","AbstractSegmentedTurning.CoreTurningConclusion","RelationalFoundations.Diagnostics.CoreTurningConclusion","structure","export alias; same candidate and implementation quantifiers"
"AbstractSegmentedTurning","428","AbstractSegmentedTurning.coreTurning","RelationalFoundations.Diagnostics.coreTurning","def","export alias; same candidate and implementation quantifiers"
"AbstractSegmentedTurning","451","AbstractSegmentedTurning.TurningConclusion","RelationalFoundations.Diagnostics.TurningConclusion","structure","export alias; same candidate and implementation quantifiers"
"AbstractSegmentedTurning","485","AbstractSegmentedTurning.abstractTurning","RelationalFoundations.Diagnostics.abstractTurning","def","export alias; same candidate and implementation quantifiers"
"AbstractSegmentedTurning","526","AbstractSegmentedTurning.CorePositiveResidualBoundary","RelationalFoundations.Diagnostics.CorePositiveResidualBoundary","structure","export alias; same candidate and implementation quantifiers"
"AbstractSegmentedTurning","545","AbstractSegmentedTurning.CorePositiveResidualBoundary.uniqueResidualOccurrence","RelationalFoundations.Diagnostics.CorePositiveResidualBoundary.uniqueResidualOccurrence","def","export alias; same candidate and implementation quantifiers"
"AbstractSegmentedTurning","564","AbstractSegmentedTurning.PositiveResidualBoundary","RelationalFoundations.Diagnostics.PositiveResidualBoundary","structure","export alias; same candidate and implementation quantifiers"
"AbstractSegmentedTurning","586","AbstractSegmentedTurning.PositiveResidualBoundary.toCoreBoundary","RelationalFoundations.Diagnostics.PositiveResidualBoundary.toCoreBoundary","def","export alias; same candidate and implementation quantifiers"
"AbstractSegmentedTurning","617","AbstractSegmentedTurning.PositiveResidualBoundary.uniqueResidualOccurrence","RelationalFoundations.Diagnostics.PositiveResidualBoundary.uniqueResidualOccurrence","def","export alias; same candidate and implementation quantifiers"
"AbstractSegmentedTurning","644","AbstractSegmentedTurning.CoreCoupledObstructedRegime","RelationalFoundations.Diagnostics.CoreCoupledObstructedRegime","structure","export alias; same candidate and implementation quantifiers"
"AbstractSegmentedTurning","681","AbstractSegmentedTurning.CoreCoupledObstructedRegime.exactClassification","RelationalFoundations.Diagnostics.CoreCoupledObstructedRegime.exactClassification","def","export alias; same candidate and implementation quantifiers"
"AbstractSegmentedTurning","709","AbstractSegmentedTurning.CoreCoupledObstructedRegime.toObstructedRegime","RelationalFoundations.Diagnostics.CoreCoupledObstructedRegime.toObstructedRegime","def","export alias; same candidate and implementation quantifiers"
"AbstractSegmentedTurning","737","AbstractSegmentedTurning.CoreCoupledObstructedRegime.admittedPositiveBoundary_rejected","RelationalFoundations.Diagnostics.CoreCoupledObstructedRegime.admittedPositiveBoundary_rejected","theorem","export alias; same candidate and implementation quantifiers"
"AbstractSegmentedTurning","760","AbstractSegmentedTurning.CoreCoupledObstructedRegime.continuation_outside_regime","RelationalFoundations.Diagnostics.CoreCoupledObstructedRegime.continuation_outside_regime","theorem","export alias; same candidate and implementation quantifiers"
"AbstractSegmentedTurning","777","AbstractSegmentedTurning.CoreCoupledObstructedRegime.no_strict_regime_extension","RelationalFoundations.Diagnostics.CoreCoupledObstructedRegime.no_strict_regime_extension","theorem","export alias; same candidate and implementation quantifiers"
"AbstractSegmentedTurning","799","AbstractSegmentedTurning.CoreCoupledTurningConclusion","RelationalFoundations.Diagnostics.CoreCoupledTurningConclusion","structure","export alias; same candidate and implementation quantifiers"
"AbstractSegmentedTurning","831","AbstractSegmentedTurning.coreCoupledTurning","RelationalFoundations.Diagnostics.coreCoupledTurning","def","export alias; same candidate and implementation quantifiers"
"AbstractSegmentedTurning","853","AbstractSegmentedTurning.CoupledObstructedRegime","RelationalFoundations.Diagnostics.CoupledObstructedRegime","structure","export alias; same candidate and implementation quantifiers"
"AbstractSegmentedTurning","897","AbstractSegmentedTurning.CoupledObstructedRegime.exactClassification","RelationalFoundations.Diagnostics.CoupledObstructedRegime.exactClassification","def","export alias; same candidate and implementation quantifiers"
"AbstractSegmentedTurning","931","AbstractSegmentedTurning.CoupledObstructedRegime.toObstructedRegime","RelationalFoundations.Diagnostics.CoupledObstructedRegime.toObstructedRegime","def","export alias; same candidate and implementation quantifiers"
"AbstractSegmentedTurning","966","AbstractSegmentedTurning.CoupledObstructedRegime.admittedPositiveBoundary_rejected","RelationalFoundations.Diagnostics.CoupledObstructedRegime.admittedPositiveBoundary_rejected","theorem","export alias; same candidate and implementation quantifiers"
"AbstractSegmentedTurning","996","AbstractSegmentedTurning.CoupledObstructedRegime.continuation_outside_regime","RelationalFoundations.Diagnostics.CoupledObstructedRegime.continuation_outside_regime","theorem","export alias; same candidate and implementation quantifiers"
"AbstractSegmentedTurning","1019","AbstractSegmentedTurning.CoupledObstructedRegime.no_strict_regime_extension","RelationalFoundations.Diagnostics.CoupledObstructedRegime.no_strict_regime_extension","theorem","export alias; same candidate and implementation quantifiers"
"AbstractSegmentedTurning","1051","AbstractSegmentedTurning.CoupledObstructedRegime.toCoreCoupled","RelationalFoundations.Diagnostics.CoupledObstructedRegime.toCoreCoupled","def","export alias; same candidate and implementation quantifiers"
"AbstractSegmentedTurning","1097","AbstractSegmentedTurning.CoupledTurningConclusion","RelationalFoundations.Diagnostics.CoupledTurningConclusion","structure","export alias; same candidate and implementation quantifiers"
"AbstractSegmentedTurning","1136","AbstractSegmentedTurning.coupledTurning","RelationalFoundations.Diagnostics.coupledTurning","def","export alias; same candidate and implementation quantifiers"
"StrongPerimetralTurning","15","StrongPerimetralTurning.LocalNode","StrongPerimetralTurning.LocalNode","structure","definition relocated; exact public statement retained"
"StrongPerimetralTurning","27","StrongPerimetralTurning.PerimeterSpine","StrongPerimetralTurning.PerimeterSpine","inductive","definition relocated; exact public statement retained"
"StrongPerimetralTurning","46","StrongPerimetralTurning.PerimeterSpine.startNode","StrongPerimetralTurning.PerimeterSpine.startNode","def","definition relocated; exact public statement retained"
"StrongPerimetralTurning","57","StrongPerimetralTurning.PerimeterSpine.finalNode","StrongPerimetralTurning.PerimeterSpine.finalNode","def","definition relocated; exact public statement retained"
"StrongPerimetralTurning","71","StrongPerimetralTurning.NonClosingPosition","StrongPerimetralTurning.NonClosingPosition","inductive","definition relocated; exact public statement retained"
"StrongPerimetralTurning","96","StrongPerimetralTurning.NonClosingPrecedes","StrongPerimetralTurning.NonClosingPrecedes","inductive","definition relocated; exact public statement retained"
"StrongPerimetralTurning","133","StrongPerimetralTurning.NonClosingNext","StrongPerimetralTurning.NonClosingNext","inductive","definition relocated; exact public statement retained"
"StrongPerimetralTurning","168","StrongPerimetralTurning.NonClosingPrecedes.ne","StrongPerimetralTurning.NonClosingPrecedes.ne","theorem","definition relocated; exact public statement retained"
"StrongPerimetralTurning","190","StrongPerimetralTurning.NonClosingNext.toPrecedes","StrongPerimetralTurning.NonClosingNext.toPrecedes","theorem","definition relocated; exact public statement retained"
"StrongPerimetralTurning","209","StrongPerimetralTurning.CircularPresentation","StrongPerimetralTurning.CircularPresentation","structure","definition relocated; exact public statement retained"
"StrongPerimetralTurning","241","StrongPerimetralTurning.CircularPresentation.rejectTotalLoop","StrongPerimetralTurning.CircularPresentation.rejectTotalLoop","def","definition relocated; exact public statement retained"
"StrongPerimetralTurning","247","StrongPerimetralTurning.CircularPresentation.endpointsSeparated","StrongPerimetralTurning.CircularPresentation.endpointsSeparated","def","definition relocated; exact public statement retained"
"StrongPerimetralTurning","256","StrongPerimetralTurning.PositiveClosureObstruction","StrongPerimetralTurning.PositiveClosureObstruction","structure","definition relocated; exact public statement retained"
"StrongPerimetralTurning","262","StrongPerimetralTurning.CircularPresentation.positiveClosureObstruction","StrongPerimetralTurning.CircularPresentation.positiveClosureObstruction","def","definition relocated; exact public statement retained"
"StrongPerimetralTurning","267","StrongPerimetralTurning.FinalRequirement","StrongPerimetralTurning.FinalRequirement","inductive","definition relocated; exact public statement retained"
"StrongPerimetralTurning","270","StrongPerimetralTurning.finalRequirementContractible","StrongPerimetralTurning.finalRequirementContractible","def","definition relocated; exact public statement retained"
"StrongPerimetralTurning","278","StrongPerimetralTurning.FinalJunctionCompatibility","StrongPerimetralTurning.FinalJunctionCompatibility","def","definition relocated; exact public statement retained"
"StrongPerimetralTurning","285","StrongPerimetralTurning.RawJunctionWithSeparatedEndpoints","StrongPerimetralTurning.RawJunctionWithSeparatedEndpoints","structure","definition relocated; exact public statement retained"
"StrongPerimetralTurning","290","StrongPerimetralTurning.CircularRequirement","StrongPerimetralTurning.CircularRequirement","def","definition relocated; exact public statement retained"
"StrongPerimetralTurning","293","StrongPerimetralTurning.ExplicitTotalization","StrongPerimetralTurning.ExplicitTotalization","structure","definition relocated; exact public statement retained"
"StrongPerimetralTurning","300","StrongPerimetralTurning.ImplicitTotalization","StrongPerimetralTurning.ImplicitTotalization","structure","definition relocated; exact public statement retained"
"StrongPerimetralTurning","313","StrongPerimetralTurning.ExplicitContractionKernel","StrongPerimetralTurning.ExplicitContractionKernel","structure","definition relocated; exact public statement retained"
"StrongPerimetralTurning","319","StrongPerimetralTurning.ImplicitContractionKernel","StrongPerimetralTurning.ImplicitContractionKernel","structure","definition relocated; exact public statement retained"
"StrongPerimetralTurning","328","StrongPerimetralTurning.ExplicitTotalization.toContractionKernel","StrongPerimetralTurning.ExplicitTotalization.toContractionKernel","def","definition relocated; exact public statement retained"
"StrongPerimetralTurning","341","StrongPerimetralTurning.ImplicitTotalization.toContractionKernel","StrongPerimetralTurning.ImplicitTotalization.toContractionKernel","def","definition relocated; exact public statement retained"
"StrongPerimetralTurning","355","StrongPerimetralTurning.ContractedClosureDifference","StrongPerimetralTurning.ContractedClosureDifference","structure","definition relocated; exact public statement retained"
"StrongPerimetralTurning","363","StrongPerimetralTurning.ContractedClosureDifference.initialProvenance","StrongPerimetralTurning.ContractedClosureDifference.initialProvenance","def","definition relocated; exact public statement retained"
"StrongPerimetralTurning","370","StrongPerimetralTurning.ContractedClosureDifference.initialPoleContraction","StrongPerimetralTurning.ContractedClosureDifference.initialPoleContraction","def","definition relocated; exact public statement retained"
"StrongPerimetralTurning","379","StrongPerimetralTurning.ContractedClosureDifference.endpointContraction","StrongPerimetralTurning.ContractedClosureDifference.endpointContraction","def","definition relocated; exact public statement retained"
"StrongPerimetralTurning","386","StrongPerimetralTurning.ContractedClosureDifference.toTotalLoop","StrongPerimetralTurning.ContractedClosureDifference.toTotalLoop","def","definition relocated; exact public statement retained"
"StrongPerimetralTurning","391","StrongPerimetralTurning.ContractedClosureDifference.reject","StrongPerimetralTurning.ContractedClosureDifference.reject","def","definition relocated; exact public statement retained"
"StrongPerimetralTurning","400","StrongPerimetralTurning.explicitKernelContractsClosureDifference","StrongPerimetralTurning.explicitKernelContractsClosureDifference","def","definition relocated; exact public statement retained"
"StrongPerimetralTurning","413","StrongPerimetralTurning.implicitKernelContractsClosureDifference","StrongPerimetralTurning.implicitKernelContractsClosureDifference","def","definition relocated; exact public statement retained"
"StrongPerimetralTurning","427","StrongPerimetralTurning.explicitContractionKernelRejected","StrongPerimetralTurning.explicitContractionKernelRejected","def","definition relocated; exact public statement retained"
"StrongPerimetralTurning","431","StrongPerimetralTurning.implicitContractionKernelRejected","StrongPerimetralTurning.implicitContractionKernelRejected","def","definition relocated; exact public statement retained"
"StrongPerimetralTurning","435","StrongPerimetralTurning.explicitTotalizationContractsClosureDifference","StrongPerimetralTurning.explicitTotalizationContractsClosureDifference","def","definition relocated; exact public statement retained"
"StrongPerimetralTurning","441","StrongPerimetralTurning.implicitTotalizationContractsClosureDifference","StrongPerimetralTurning.implicitTotalizationContractsClosureDifference","def","definition relocated; exact public statement retained"
"StrongPerimetralTurning","447","StrongPerimetralTurning.explicitTotalizationRejected","StrongPerimetralTurning.explicitTotalizationRejected","def","definition relocated; exact public statement retained"
"StrongPerimetralTurning","452","StrongPerimetralTurning.implicitTotalizationRejected","StrongPerimetralTurning.implicitTotalizationRejected","def","definition relocated; exact public statement retained"
"StrongPerimetralTurning","459","StrongPerimetralTurning.FreeTail","StrongPerimetralTurning.FreeTail","inductive","definition relocated; exact public statement retained"
"StrongPerimetralTurning","463","StrongPerimetralTurning.PerimeterCursor","StrongPerimetralTurning.PerimeterCursor","inductive","definition relocated; exact public statement retained"
"StrongPerimetralTurning","470","StrongPerimetralTurning.advanceCursor","StrongPerimetralTurning.advanceCursor","def","definition relocated; exact public statement retained"
"StrongPerimetralTurning","476","StrongPerimetralTurning.CursorAdvance","StrongPerimetralTurning.CursorAdvance","inductive","definition relocated; exact public statement retained"
"StrongPerimetralTurning","494","StrongPerimetralTurning.PositiveCursorAdvance","StrongPerimetralTurning.PositiveCursorAdvance","inductive","definition relocated; exact public statement retained"
"StrongPerimetralTurning","502","StrongPerimetralTurning.cursorAdvanceGraph","StrongPerimetralTurning.cursorAdvanceGraph","def","definition relocated; exact public statement retained"
"StrongPerimetralTurning","512","StrongPerimetralTurning.StructuralDepth","StrongPerimetralTurning.StructuralDepth","inductive","definition relocated; exact public statement retained"
"StrongPerimetralTurning","516","StrongPerimetralTurning.ProperStructuralDepth","StrongPerimetralTurning.ProperStructuralDepth","inductive","definition relocated; exact public statement retained"
"StrongPerimetralTurning","522","StrongPerimetralTurning.PositiveUnaryExtension","StrongPerimetralTurning.PositiveUnaryExtension","inductive","definition relocated; exact public statement retained"
"StrongPerimetralTurning","526","StrongPerimetralTurning.PositiveUnaryExtension.applyDepth","StrongPerimetralTurning.PositiveUnaryExtension.applyDepth","def","definition relocated; exact public statement retained"
"StrongPerimetralTurning","531","StrongPerimetralTurning.PositiveUnaryExtension.applyDepth_next","StrongPerimetralTurning.PositiveUnaryExtension.applyDepth_next","def","definition relocated; exact public statement retained"
"StrongPerimetralTurning","541","StrongPerimetralTurning.PositiveUnaryExtension.applyDepth_ne_self","StrongPerimetralTurning.PositiveUnaryExtension.applyDepth_ne_self","def","definition relocated; exact public statement retained"
"StrongPerimetralTurning","553","StrongPerimetralTurning.ProperStructuralDepth.toPositiveExtension","StrongPerimetralTurning.ProperStructuralDepth.toPositiveExtension","def","definition relocated; exact public statement retained"
"StrongPerimetralTurning","564","StrongPerimetralTurning.ProperStructuralDepth.trans","StrongPerimetralTurning.ProperStructuralDepth.trans","def","definition relocated; exact public statement retained"
"StrongPerimetralTurning","569","StrongPerimetralTurning.ProperStructuralDepth.irreflexive","StrongPerimetralTurning.ProperStructuralDepth.irreflexive","theorem","definition relocated; exact public statement retained"
"StrongPerimetralTurning","577","StrongPerimetralTurning.spineDepth","StrongPerimetralTurning.spineDepth","def","definition relocated; exact public statement retained"
"StrongPerimetralTurning","585","StrongPerimetralTurning.ProperSpineSuffix","StrongPerimetralTurning.ProperSpineSuffix","inductive","definition relocated; exact public statement retained"
"StrongPerimetralTurning","610","StrongPerimetralTurning.ProperSpineSuffix.toStructuralDepth","StrongPerimetralTurning.ProperSpineSuffix.toStructuralDepth","def","definition relocated; exact public statement retained"
"StrongPerimetralTurning","621","StrongPerimetralTurning.ProperSpineSuffix.trans","StrongPerimetralTurning.ProperSpineSuffix.trans","def","definition relocated; exact public statement retained"
"StrongPerimetralTurning","633","StrongPerimetralTurning.ProperSpineSuffix.irreflexive","StrongPerimetralTurning.ProperSpineSuffix.irreflexive","theorem","definition relocated; exact public statement retained"
"StrongPerimetralTurning","643","StrongPerimetralTurning.ProperFreeTail","StrongPerimetralTurning.ProperFreeTail","inductive","definition relocated; exact public statement retained"
"StrongPerimetralTurning","650","StrongPerimetralTurning.ProperFreeTail.applyTail","StrongPerimetralTurning.ProperFreeTail.applyTail","def","definition relocated; exact public statement retained"
"StrongPerimetralTurning","655","StrongPerimetralTurning.ProperFreeTail.applyTail_next","StrongPerimetralTurning.ProperFreeTail.applyTail_next","def","definition relocated; exact public statement retained"
"StrongPerimetralTurning","664","StrongPerimetralTurning.ProperFreeTail.applyTail_ne_self","StrongPerimetralTurning.ProperFreeTail.applyTail_ne_self","def","definition relocated; exact public statement retained"
"StrongPerimetralTurning","674","StrongPerimetralTurning.ProperFreeTail.toPositiveExtension","StrongPerimetralTurning.ProperFreeTail.toPositiveExtension","def","definition relocated; exact public statement retained"
"StrongPerimetralTurning","683","StrongPerimetralTurning.ProperFreeTail.trans","StrongPerimetralTurning.ProperFreeTail.trans","def","definition relocated; exact public statement retained"
"StrongPerimetralTurning","687","StrongPerimetralTurning.ProperFreeTail.irreflexive","StrongPerimetralTurning.ProperFreeTail.irreflexive","theorem","definition relocated; exact public statement retained"
"StrongPerimetralTurning","694","StrongPerimetralTurning.CursorFuture","StrongPerimetralTurning.CursorFuture","inductive","definition relocated; exact public statement retained"
"StrongPerimetralTurning","715","StrongPerimetralTurning.CursorFuture.Measure","StrongPerimetralTurning.CursorFuture.Measure","inductive","definition relocated; exact public statement retained"
"StrongPerimetralTurning","719","StrongPerimetralTurning.CursorFuture.measure","StrongPerimetralTurning.CursorFuture.measure","def","definition relocated; exact public statement retained"
"StrongPerimetralTurning","724","StrongPerimetralTurning.CursorFuture.ProperMeasure","StrongPerimetralTurning.CursorFuture.ProperMeasure","inductive","definition relocated; exact public statement retained"
"StrongPerimetralTurning","739","StrongPerimetralTurning.CursorFuture.ProperMeasure.irreflexive","StrongPerimetralTurning.CursorFuture.ProperMeasure.irreflexive","theorem","definition relocated; exact public statement retained"
"StrongPerimetralTurning","752","StrongPerimetralTurning.CursorFuture.toProperMeasure","StrongPerimetralTurning.CursorFuture.toProperMeasure","def","definition relocated; exact public statement retained"
"StrongPerimetralTurning","760","StrongPerimetralTurning.CursorFuture.trans","StrongPerimetralTurning.CursorFuture.trans","def","definition relocated; exact public statement retained"
"StrongPerimetralTurning","772","StrongPerimetralTurning.CursorFuture.irreflexive","StrongPerimetralTurning.CursorFuture.irreflexive","theorem","definition relocated; exact public statement retained"
"StrongPerimetralTurning","779","StrongPerimetralTurning.CursorAdvance.toFuture","StrongPerimetralTurning.CursorAdvance.toFuture","def","definition relocated; exact public statement retained"
"StrongPerimetralTurning","787","StrongPerimetralTurning.PositiveCursorAdvance.toFuture","StrongPerimetralTurning.PositiveCursorAdvance.toFuture","def","definition relocated; exact public statement retained"
"StrongPerimetralTurning","794","StrongPerimetralTurning.positiveCursorAdvance_irreflexive","StrongPerimetralTurning.positiveCursorAdvance_irreflexive","theorem","definition relocated; exact public statement retained"
"StrongPerimetralTurning","800","StrongPerimetralTurning.ReturnedExplicit","StrongPerimetralTurning.ReturnedExplicit","inductive","definition relocated; exact public statement retained"
"StrongPerimetralTurning","804","StrongPerimetralTurning.ReturnedImplicit","StrongPerimetralTurning.ReturnedImplicit","inductive","definition relocated; exact public statement retained"
"StrongPerimetralTurning","808","StrongPerimetralTurning.ReturnedCompatible","StrongPerimetralTurning.ReturnedCompatible","inductive","definition relocated; exact public statement retained"
"StrongPerimetralTurning","824","StrongPerimetralTurning.explicitAt","StrongPerimetralTurning.explicitAt","def","definition relocated; exact public statement retained"
"StrongPerimetralTurning","830","StrongPerimetralTurning.implicitAt","StrongPerimetralTurning.implicitAt","def","definition relocated; exact public statement retained"
"StrongPerimetralTurning","836","StrongPerimetralTurning.CompatibleExplicitation","StrongPerimetralTurning.CompatibleExplicitation","def","definition relocated; exact public statement retained"
"StrongPerimetralTurning","841","StrongPerimetralTurning.internalCompatibleAt","StrongPerimetralTurning.internalCompatibleAt","def","definition relocated; exact public statement retained"
"StrongPerimetralTurning","849","StrongPerimetralTurning.currentCompatibleExplicitation","StrongPerimetralTurning.currentCompatibleExplicitation","def","definition relocated; exact public statement retained"
"StrongPerimetralTurning","854","StrongPerimetralTurning.stepCompatibleAt","StrongPerimetralTurning.stepCompatibleAt","def","definition relocated; exact public statement retained"
"StrongPerimetralTurning","867","StrongPerimetralTurning.successorCompatibleExplicitation","StrongPerimetralTurning.successorCompatibleExplicitation","def","definition relocated; exact public statement retained"
"StrongPerimetralTurning","872","StrongPerimetralTurning.ReturnedDifference","StrongPerimetralTurning.ReturnedDifference","inductive","definition relocated; exact public statement retained"
"StrongPerimetralTurning","876","StrongPerimetralTurning.ReturnedProvenance","StrongPerimetralTurning.ReturnedProvenance","inductive","definition relocated; exact public statement retained"
"StrongPerimetralTurning","883","StrongPerimetralTurning.differenceAtCursor","StrongPerimetralTurning.differenceAtCursor","def","definition relocated; exact public statement retained"
"StrongPerimetralTurning","889","StrongPerimetralTurning.provenanceAtCursor","StrongPerimetralTurning.provenanceAtCursor","def","definition relocated; exact public statement retained"
"StrongPerimetralTurning","897","StrongPerimetralTurning.FreeKAtom","StrongPerimetralTurning.FreeKAtom","inductive","definition relocated; exact public statement retained"
"StrongPerimetralTurning","905","StrongPerimetralTurning.FreeKAlgebra","StrongPerimetralTurning.FreeKAlgebra","structure","definition relocated; exact public statement retained"
"StrongPerimetralTurning","914","StrongPerimetralTurning.FreeKAtom.fold","StrongPerimetralTurning.FreeKAtom.fold","def","definition relocated; exact public statement retained"
"StrongPerimetralTurning","928","StrongPerimetralTurning.BoundaryDifferenceCode","StrongPerimetralTurning.BoundaryDifferenceCode","inductive","definition relocated; exact public statement retained"
"StrongPerimetralTurning","944","StrongPerimetralTurning.BoundaryDifferenceCode.inheritedClosureObstruction","StrongPerimetralTurning.BoundaryDifferenceCode.inheritedClosureObstruction","def","definition relocated; exact public statement retained"
"StrongPerimetralTurning","954","StrongPerimetralTurning.FreeKCore","StrongPerimetralTurning.FreeKCore","structure","definition relocated; exact public statement retained"
"StrongPerimetralTurning","971","StrongPerimetralTurning.FreeConstitutionCore","StrongPerimetralTurning.FreeConstitutionCore","inductive","definition relocated; exact public statement retained"
"StrongPerimetralTurning","986","StrongPerimetralTurning.FreeConstitution","StrongPerimetralTurning.FreeConstitution","def","definition relocated; exact public statement retained"
"StrongPerimetralTurning","994","StrongPerimetralTurning.FreeConstitution.root","StrongPerimetralTurning.FreeConstitution.root","def","definition relocated; exact public statement retained"
"StrongPerimetralTurning","1000","StrongPerimetralTurning.BoundaryDifference","StrongPerimetralTurning.BoundaryDifference","inductive","definition relocated; exact public statement retained"
"StrongPerimetralTurning","1010","StrongPerimetralTurning.BoundaryDifference.initial","StrongPerimetralTurning.BoundaryDifference.initial","def","definition relocated; exact public statement retained"
"StrongPerimetralTurning","1016","StrongPerimetralTurning.FreeK","StrongPerimetralTurning.FreeK","structure","definition relocated; exact public statement retained"
"StrongPerimetralTurning","1025","StrongPerimetralTurning.FreeK.canonical","StrongPerimetralTurning.FreeK.canonical","def","definition relocated; exact public statement retained"
"StrongPerimetralTurning","1046","StrongPerimetralTurning.FreeConstitution.formed","StrongPerimetralTurning.FreeConstitution.formed","def","definition relocated; exact public statement retained"
"StrongPerimetralTurning","1058","StrongPerimetralTurning.FreeConstitution.formed_boundaryCode_exact","StrongPerimetralTurning.FreeConstitution.formed_boundaryCode_exact","theorem","definition relocated; exact public statement retained"
"StrongPerimetralTurning","1070","StrongPerimetralTurning.FreeConstitution.formed_core_exact","StrongPerimetralTurning.FreeConstitution.formed_core_exact","theorem","definition relocated; exact public statement retained"
"StrongPerimetralTurning","1080","StrongPerimetralTurning.FreeConstitution.root_inheritedClosureObstruction_exact","StrongPerimetralTurning.FreeConstitution.root_inheritedClosureObstruction_exact","theorem","definition relocated; exact public statement retained"
"StrongPerimetralTurning","1086","StrongPerimetralTurning.FreeConstitution.formed_inheritedClosureObstruction_exact","StrongPerimetralTurning.FreeConstitution.formed_inheritedClosureObstruction_exact","theorem","definition relocated; exact public statement retained"
"StrongPerimetralTurning","1097","StrongPerimetralTurning.FreeConstitution.formed_integratedClosureObstruction_exact","StrongPerimetralTurning.FreeConstitution.formed_integratedClosureObstruction_exact","theorem","definition relocated; exact public statement retained"
"StrongPerimetralTurning","1107","StrongPerimetralTurning.FreeConstitution.formed_integratedProvenance_exact","StrongPerimetralTurning.FreeConstitution.formed_integratedProvenance_exact","theorem","definition relocated; exact public statement retained"
"StrongPerimetralTurning","1118","StrongPerimetralTurning.BoundaryDifference.afterFormation","StrongPerimetralTurning.BoundaryDifference.afterFormation","def","definition relocated; exact public statement retained"
"StrongPerimetralTurning","1128","StrongPerimetralTurning.FreeK.formationTerm","StrongPerimetralTurning.FreeK.formationTerm","def","definition relocated; exact public statement retained"
"StrongPerimetralTurning","1136","StrongPerimetralTurning.FreeK.formationTerm_is_successor","StrongPerimetralTurning.FreeK.formationTerm_is_successor","theorem","definition relocated; exact public statement retained"
"StrongPerimetralTurning","1146","StrongPerimetralTurning.FreeConstitutionSpace","StrongPerimetralTurning.FreeConstitutionSpace","def","definition relocated; exact public statement retained"
"StrongPerimetralTurning","1149","StrongPerimetralTurning.FormationRecord","StrongPerimetralTurning.FormationRecord","inductive","definition relocated; exact public statement retained"
"StrongPerimetralTurning","1167","StrongPerimetralTurning.PositiveConstitution","StrongPerimetralTurning.PositiveConstitution","def","definition relocated; exact public statement retained"
"StrongPerimetralTurning","1171","StrongPerimetralTurning.initialPositive","StrongPerimetralTurning.initialPositive","def","definition relocated; exact public statement retained"
"StrongPerimetralTurning","1174","StrongPerimetralTurning.explicitRead","StrongPerimetralTurning.explicitRead","def","definition relocated; exact public statement retained"
"StrongPerimetralTurning","1177","StrongPerimetralTurning.implicitRead","StrongPerimetralTurning.implicitRead","def","definition relocated; exact public statement retained"
"StrongPerimetralTurning","1180","StrongPerimetralTurning.boundaryDifferenceReadout","StrongPerimetralTurning.boundaryDifferenceReadout","def","definition relocated; exact public statement retained"
"StrongPerimetralTurning","1187","StrongPerimetralTurning.boundaryProvenanceReadout","StrongPerimetralTurning.boundaryProvenanceReadout","def","definition relocated; exact public statement retained"
"StrongPerimetralTurning","1200","StrongPerimetralTurning.HistoricalProvenanceRecord","StrongPerimetralTurning.HistoricalProvenanceRecord","inductive","definition relocated; exact public statement retained"
"StrongPerimetralTurning","1221","StrongPerimetralTurning.HistoricalProvenanceRecord.recordedDifference","StrongPerimetralTurning.HistoricalProvenanceRecord.recordedDifference","def","definition relocated; exact public statement retained"
"StrongPerimetralTurning","1230","StrongPerimetralTurning.HistoricalProvenanceRecord.recordedProvenance","StrongPerimetralTurning.HistoricalProvenanceRecord.recordedProvenance","def","definition relocated; exact public statement retained"
"StrongPerimetralTurning","1242","StrongPerimetralTurning.HistoricalProvenanceRecord.recordedProvenance_is_origin","StrongPerimetralTurning.HistoricalProvenanceRecord.recordedProvenance_is_origin","theorem","definition relocated; exact public statement retained"
"StrongPerimetralTurning","1259","StrongPerimetralTurning.canonicalFreeLayer","StrongPerimetralTurning.canonicalFreeLayer","def","definition relocated; exact public statement retained"
"StrongPerimetralTurning","1266","StrongPerimetralTurning.successorFormationTerm","StrongPerimetralTurning.successorFormationTerm","def","definition relocated; exact public statement retained"
"StrongPerimetralTurning","1271","StrongPerimetralTurning.formationSyntax","StrongPerimetralTurning.formationSyntax","def","definition relocated; exact public statement retained"
"StrongPerimetralTurning","1276","StrongPerimetralTurning.FreeLayerApplication","StrongPerimetralTurning.FreeLayerApplication","structure","definition relocated; exact public statement retained"
"StrongPerimetralTurning","1289","StrongPerimetralTurning.FreeLayerApplication.realize_eq_fold","StrongPerimetralTurning.FreeLayerApplication.realize_eq_fold","theorem","definition relocated; exact public statement retained"
"StrongPerimetralTurning","1301","StrongPerimetralTurning.canonicalFreeLayerApplication","StrongPerimetralTurning.canonicalFreeLayerApplication","def","definition relocated; exact public statement retained"
"StrongPerimetralTurning","1324","StrongPerimetralTurning.formationEliminator","StrongPerimetralTurning.formationEliminator","def","definition relocated; exact public statement retained"
"StrongPerimetralTurning","1331","StrongPerimetralTurning.formationEliminator_is_free_fold","StrongPerimetralTurning.formationEliminator_is_free_fold","theorem","definition relocated; exact public statement retained"
"StrongPerimetralTurning","1340","StrongPerimetralTurning.canonicalFormationEliminator_exact","StrongPerimetralTurning.canonicalFormationEliminator_exact","theorem","definition relocated; exact public statement retained"
"StrongPerimetralTurning","1348","StrongPerimetralTurning.canonicalFreeLayer_is_free_elimination","StrongPerimetralTurning.canonicalFreeLayer_is_free_elimination","theorem","definition relocated; exact public statement retained"
"StrongPerimetralTurning","1357","StrongPerimetralTurning.constitutionOf","StrongPerimetralTurning.constitutionOf","def","definition relocated; exact public statement retained"
"StrongPerimetralTurning","1363","StrongPerimetralTurning.boundaryDifferenceOf","StrongPerimetralTurning.boundaryDifferenceOf","def","definition relocated; exact public statement retained"
"StrongPerimetralTurning","1369","StrongPerimetralTurning.canonicalTarget","StrongPerimetralTurning.canonicalTarget","def","definition relocated; exact public statement retained"
"StrongPerimetralTurning","1374","StrongPerimetralTurning.canonicalTarget_inheritedClosureObstruction_exact","StrongPerimetralTurning.canonicalTarget_inheritedClosureObstruction_exact","theorem","definition relocated; exact public statement retained"
"StrongPerimetralTurning","1381","StrongPerimetralTurning.IntegratedDifferenceRecord","StrongPerimetralTurning.IntegratedDifferenceRecord","structure","definition relocated; exact public statement retained"
"StrongPerimetralTurning","1390","StrongPerimetralTurning.Integrates","StrongPerimetralTurning.Integrates","def","definition relocated; exact public statement retained"
"StrongPerimetralTurning","1397","StrongPerimetralTurning.HistoricalProvenanceRecord.ofIntegration","StrongPerimetralTurning.HistoricalProvenanceRecord.ofIntegration","def","definition relocated; exact public statement retained"
"StrongPerimetralTurning","1411","StrongPerimetralTurning.PreservesProvenance","StrongPerimetralTurning.PreservesProvenance","structure","definition relocated; exact public statement retained"
"StrongPerimetralTurning","1419","StrongPerimetralTurning.PreservesProvenance.inscribedInTarget","StrongPerimetralTurning.PreservesProvenance.inscribedInTarget","def","definition relocated; exact public statement retained"
"StrongPerimetralTurning","1427","StrongPerimetralTurning.PreservesProvenance.exactProvenance","StrongPerimetralTurning.PreservesProvenance.exactProvenance","def","definition relocated; exact public statement retained"
"StrongPerimetralTurning","1434","StrongPerimetralTurning.PreservesProvenance.exactProvenance_is_origin","StrongPerimetralTurning.PreservesProvenance.exactProvenance_is_origin","theorem","definition relocated; exact public statement retained"
"StrongPerimetralTurning","1444","StrongPerimetralTurning.canonicalPreservesProvenance","StrongPerimetralTurning.canonicalPreservesProvenance","def","definition relocated; exact public statement retained"
"StrongPerimetralTurning","1453","StrongPerimetralTurning.canonicalSourceProvenanceInscribed","StrongPerimetralTurning.canonicalSourceProvenanceInscribed","def","definition relocated; exact public statement retained"
"StrongPerimetralTurning","1460","StrongPerimetralTurning.RecoveredImmediateOrigin","StrongPerimetralTurning.RecoveredImmediateOrigin","structure","definition relocated; exact public statement retained"
"StrongPerimetralTurning","1467","StrongPerimetralTurning.recoverImmediateOriginFromFormation","StrongPerimetralTurning.recoverImmediateOriginFromFormation","def","definition relocated; exact public statement retained"
"StrongPerimetralTurning","1483","StrongPerimetralTurning.RecoveredImmediateOrigin.provenance","StrongPerimetralTurning.RecoveredImmediateOrigin.provenance","def","definition relocated; exact public statement retained"
"StrongPerimetralTurning","1491","StrongPerimetralTurning.ContinuesDifference","StrongPerimetralTurning.ContinuesDifference","structure","definition relocated; exact public statement retained"
"StrongPerimetralTurning","1497","StrongPerimetralTurning.preserveRecordIntoCanonicalTarget","StrongPerimetralTurning.preserveRecordIntoCanonicalTarget","def","definition relocated; exact public statement retained"
"StrongPerimetralTurning","1508","StrongPerimetralTurning.currentRecordInCanonicalTarget","StrongPerimetralTurning.currentRecordInCanonicalTarget","def","definition relocated; exact public statement retained"
"StrongPerimetralTurning","1517","StrongPerimetralTurning.FreshBoundaryDifference","StrongPerimetralTurning.FreshBoundaryDifference","structure","definition relocated; exact public statement retained"
"StrongPerimetralTurning","1531","StrongPerimetralTurning.IntegratesClosureObstruction","StrongPerimetralTurning.IntegratesClosureObstruction","structure","definition relocated; exact public statement retained"
"StrongPerimetralTurning","1541","StrongPerimetralTurning.CanonicalGeneratedLaws","StrongPerimetralTurning.CanonicalGeneratedLaws","structure","definition relocated; exact public statement retained"
"StrongPerimetralTurning","1555","StrongPerimetralTurning.GeneratedStep","StrongPerimetralTurning.GeneratedStep","structure","definition relocated; exact public statement retained"
"StrongPerimetralTurning","1563","StrongPerimetralTurning.GeneratedStep.compatibility","StrongPerimetralTurning.GeneratedStep.compatibility","def","definition relocated; exact public statement retained"
"StrongPerimetralTurning","1571","StrongPerimetralTurning.GeneratedStep.compatibilityWitnessExact","StrongPerimetralTurning.GeneratedStep.compatibilityWitnessExact","theorem","definition relocated; exact public statement retained"
"StrongPerimetralTurning","1579","StrongPerimetralTurning.GeneratedStep.rejectsAlternativeCompatibility","StrongPerimetralTurning.GeneratedStep.rejectsAlternativeCompatibility","theorem","definition relocated; exact public statement retained"
"StrongPerimetralTurning","1592","StrongPerimetralTurning.GeneratedStep.integratesCurrentDifference","StrongPerimetralTurning.GeneratedStep.integratesCurrentDifference","def","definition relocated; exact public statement retained"
"StrongPerimetralTurning","1598","StrongPerimetralTurning.GeneratedStep.preservesProvenance","StrongPerimetralTurning.GeneratedStep.preservesProvenance","def","definition relocated; exact public statement retained"
"StrongPerimetralTurning","1606","StrongPerimetralTurning.GeneratedStep.provenanceWitnessExact","StrongPerimetralTurning.GeneratedStep.provenanceWitnessExact","theorem","definition relocated; exact public statement retained"
"StrongPerimetralTurning","1614","StrongPerimetralTurning.GeneratedStep.sourceProvenanceInscribedInTarget","StrongPerimetralTurning.GeneratedStep.sourceProvenanceInscribedInTarget","def","definition relocated; exact public statement retained"
"StrongPerimetralTurning","1621","StrongPerimetralTurning.GeneratedStep.currentFormationRecord","StrongPerimetralTurning.GeneratedStep.currentFormationRecord","def","definition relocated; exact public statement retained"
"StrongPerimetralTurning","1629","StrongPerimetralTurning.GeneratedStep.currentFormationRecord_is_current","StrongPerimetralTurning.GeneratedStep.currentFormationRecord_is_current","theorem","definition relocated; exact public statement retained"
"StrongPerimetralTurning","1639","StrongPerimetralTurning.GeneratedStep.rejectsAlternativeProvenance","StrongPerimetralTurning.GeneratedStep.rejectsAlternativeProvenance","theorem","definition relocated; exact public statement retained"
"StrongPerimetralTurning","1652","StrongPerimetralTurning.GeneratedStep.continuesDifference","StrongPerimetralTurning.GeneratedStep.continuesDifference","def","definition relocated; exact public statement retained"
"StrongPerimetralTurning","1658","StrongPerimetralTurning.GeneratedStep.integratesClosureObstruction","StrongPerimetralTurning.GeneratedStep.integratesClosureObstruction","def","definition relocated; exact public statement retained"
"StrongPerimetralTurning","1665","StrongPerimetralTurning.GeneratedStep.inheritedClosureObstructionExact","StrongPerimetralTurning.GeneratedStep.inheritedClosureObstructionExact","theorem","definition relocated; exact public statement retained"
"StrongPerimetralTurning","1674","StrongPerimetralTurning.GeneratedStep.freshBoundaryDifference","StrongPerimetralTurning.GeneratedStep.freshBoundaryDifference","def","definition relocated; exact public statement retained"
"StrongPerimetralTurning","1682","StrongPerimetralTurning.generatedStepOfFreeK","StrongPerimetralTurning.generatedStepOfFreeK","def","definition relocated; exact public statement retained"
"StrongPerimetralTurning","1703","StrongPerimetralTurning.generate","StrongPerimetralTurning.generate","def","definition relocated; exact public statement retained"
"StrongPerimetralTurning","1711","StrongPerimetralTurning.History","RelationalFoundations.History","inductive","export alias; actual relational step preserved"
"StrongPerimetralTurning","1719","StrongPerimetralTurning.History.append","RelationalFoundations.History.append","def","export alias; actual relational step preserved"
"StrongPerimetralTurning","1728","StrongPerimetralTurning.History.appendRootExact","RelationalFoundations.History.appendRootExact","def","export alias; actual relational step preserved"
"StrongPerimetralTurning","1736","StrongPerimetralTurning.History.appendExtendExact","RelationalFoundations.History.appendExtendExact","def","export alias; actual relational step preserved"
"StrongPerimetralTurning","1747","StrongPerimetralTurning.History.append_root","RelationalFoundations.History.append_root","theorem","export alias; actual relational step preserved"
"StrongPerimetralTurning","1754","StrongPerimetralTurning.History.root_append","RelationalFoundations.History.root_append","theorem","export alias; actual relational step preserved"
"StrongPerimetralTurning","1766","StrongPerimetralTurning.History.append_associative","RelationalFoundations.History.append_associative","theorem","export alias; actual relational step preserved"
"StrongPerimetralTurning","1782","StrongPerimetralTurning.History.Occurrence","RelationalFoundations.History.Occurrence","inductive","export alias; actual relational step preserved"
"StrongPerimetralTurning","1804","StrongPerimetralTurning.History.OccurrenceReadout","RelationalFoundations.History.OccurrenceReadout","abbrev","export alias; actual relational step preserved"
"StrongPerimetralTurning","1814","StrongPerimetralTurning.History.OccurrencePrecedes","RelationalFoundations.History.OccurrencePrecedes","inductive","export alias; actual relational step preserved"
"StrongPerimetralTurning","1844","StrongPerimetralTurning.History.OccurrenceNext","RelationalFoundations.History.OccurrenceNext","inductive","export alias; actual relational step preserved"
"StrongPerimetralTurning","1874","StrongPerimetralTurning.History.OccurrenceNext.toPrecedes","RelationalFoundations.History.OccurrenceNext.toPrecedes","theorem","export alias; actual relational step preserved"
"StrongPerimetralTurning","1891","StrongPerimetralTurning.History.OccurrencePrecedes.ne","RelationalFoundations.History.OccurrencePrecedes.ne","theorem","export alias; actual relational step preserved"
"StrongPerimetralTurning","1906","StrongPerimetralTurning.History.OccurrencePrecedes.trichotomy","RelationalFoundations.History.OccurrencePrecedes.trichotomy","theorem","export alias; actual relational step preserved"
"StrongPerimetralTurning","1936","StrongPerimetralTurning.History.ExactlyOne","RelationalFoundations.History.ExactlyOne","inductive","export alias; actual relational step preserved"
"StrongPerimetralTurning","1944","StrongPerimetralTurning.History.LocatedStep","RelationalFoundations.History.LocatedStep","structure","export alias; actual relational step preserved"
"StrongPerimetralTurning","1951","StrongPerimetralTurning.History.Occurrence.locatedStep","RelationalFoundations.History.Occurrence.locatedStep","def","export alias; actual relational step preserved"
"StrongPerimetralTurning","1960","StrongPerimetralTurning.History.Occurrence.gapAt","RelationalFoundations.History.Occurrence.gapAt","def","export alias; actual relational step preserved"
"StrongPerimetralTurning","1971","StrongPerimetralTurning.History.ExactlyOne.step","RelationalFoundations.History.ExactlyOne.step","def","export alias; actual relational step preserved"
"StrongPerimetralTurning","1980","StrongPerimetralTurning.History.ExactlyOne.canonicalOccurrence","RelationalFoundations.History.ExactlyOne.canonicalOccurrence","def","export alias; actual relational step preserved"
"StrongPerimetralTurning","1989","StrongPerimetralTurning.History.ExactlyOne.occurrence_unique","RelationalFoundations.History.ExactlyOne.occurrence_unique","theorem","export alias; actual relational step preserved"
"StrongPerimetralTurning","2003","StrongPerimetralTurning.History.ExactlyOne.locatedStep_source","RelationalFoundations.History.ExactlyOne.locatedStep_source","theorem","export alias; actual relational step preserved"
"StrongPerimetralTurning","2017","StrongPerimetralTurning.History.ExactlyOne.locatedStep_target","RelationalFoundations.History.ExactlyOne.locatedStep_target","theorem","export alias; actual relational step preserved"
"StrongPerimetralTurning","2033","StrongPerimetralTurning.History.embedLeftOccurrence","RelationalFoundations.History.embedLeftOccurrence","def","export alias; actual relational step preserved"
"StrongPerimetralTurning","2046","StrongPerimetralTurning.History.embedLeftOccurrence_injective","RelationalFoundations.History.embedLeftOccurrence_injective","theorem","export alias; actual relational step preserved"
"StrongPerimetralTurning","2063","StrongPerimetralTurning.History.embedRightOccurrence","RelationalFoundations.History.embedRightOccurrence","def","export alias; actual relational step preserved"
"StrongPerimetralTurning","2075","StrongPerimetralTurning.History.leftRightDisjoint","RelationalFoundations.History.leftRightDisjoint","theorem","export alias; actual relational step preserved"
"StrongPerimetralTurning","2093","StrongPerimetralTurning.History.splitAppendOccurrenceAux","RelationalFoundations.History.splitAppendOccurrenceAux","def","export alias; actual relational step preserved"
"StrongPerimetralTurning","2111","StrongPerimetralTurning.History.splitAppendOccurrence","RelationalFoundations.History.splitAppendOccurrence","def","export alias; actual relational step preserved"
"StrongPerimetralTurning","2121","StrongPerimetralTurning.History.classifyAppendOccurrence","RelationalFoundations.History.classifyAppendOccurrence","def","export alias; actual relational step preserved"
"StrongPerimetralTurning","2146","StrongPerimetralTurning.History.embedRightOccurrence_injective","RelationalFoundations.History.embedRightOccurrence_injective","theorem","export alias; actual relational step preserved"
"StrongPerimetralTurning","2169","StrongPerimetralTurning.History.locatedStep_embedLeft","RelationalFoundations.History.locatedStep_embedLeft","theorem","export alias; actual relational step preserved"
"StrongPerimetralTurning","2183","StrongPerimetralTurning.History.locatedStep_embedRight","RelationalFoundations.History.locatedStep_embedRight","theorem","export alias; actual relational step preserved"
"StrongPerimetralTurning","2196","StrongPerimetralTurning.History.Vertex","RelationalFoundations.History.Vertex","inductive","export alias; actual relational step preserved"
"StrongPerimetralTurning","2204","StrongPerimetralTurning.History.initialVertex","RelationalFoundations.History.initialVertex","def","export alias; actual relational step preserved"
"StrongPerimetralTurning","2213","StrongPerimetralTurning.History.finalVertex","RelationalFoundations.History.finalVertex","def","export alias; actual relational step preserved"
"StrongPerimetralTurning","2222","StrongPerimetralTurning.History.vertexAppendLeft","RelationalFoundations.History.vertexAppendLeft","def","export alias; actual relational step preserved"
"StrongPerimetralTurning","2235","StrongPerimetralTurning.History.vertexAppendRight","RelationalFoundations.History.vertexAppendRight","def","export alias; actual relational step preserved"
"StrongPerimetralTurning","2250","StrongPerimetralTurning.History.vertex_append_left","RelationalFoundations.History.vertex_append_left","def","export alias; actual relational step preserved"
"StrongPerimetralTurning","2252","StrongPerimetralTurning.History.vertex_append_right","RelationalFoundations.History.vertex_append_right","def","export alias; actual relational step preserved"
"StrongPerimetralTurning","2254","StrongPerimetralTurning.History.Positive","RelationalFoundations.History.Positive","structure","export alias; actual relational step preserved"
"StrongPerimetralTurning","2262","StrongPerimetralTurning.History.Positive.toHistory","RelationalFoundations.History.Positive.toHistory","def","export alias; actual relational step preserved"
"StrongPerimetralTurning","2269","StrongPerimetralTurning.History.Positive.lastOccurrence","RelationalFoundations.History.Positive.lastOccurrence","def","export alias; actual relational step preserved"
"StrongPerimetralTurning","2276","StrongPerimetralTurning.History.View","RelationalFoundations.History.View","inductive","export alias; actual relational step preserved"
"StrongPerimetralTurning","2283","StrongPerimetralTurning.History.view","RelationalFoundations.History.view","def","export alias; actual relational step preserved"
"StrongPerimetralTurning","2293","StrongPerimetralTurning.History.rootOrPositive","RelationalFoundations.History.rootOrPositive","def","export alias; actual relational step preserved"
"StrongPerimetralTurning","2307","StrongPerimetralTurning.History.appendRootOrPositive","RelationalFoundations.History.appendRootOrPositive","def","export alias; actual relational step preserved"
"StrongPerimetralTurning","2324","StrongPerimetralTurning.GeneratedHistory","StrongPerimetralTurning.GeneratedHistory","abbrev","definition relocated; exact public statement retained"
"StrongPerimetralTurning","2329","StrongPerimetralTurning.generatedHistory_preservesClosureObstruction","StrongPerimetralTurning.generatedHistory_preservesClosureObstruction","theorem","definition relocated; exact public statement retained"
"StrongPerimetralTurning","2340","StrongPerimetralTurning.RootedGeneratedHistory","RelationalFoundations.RootedConstruction","structure","specialization of generic construction to rich generated states"
"StrongPerimetralTurning","2350","StrongPerimetralTurning.NormativeAdequacy","StrongPerimetralTurning.NormativeAdequacy","structure","definition relocated; exact public statement retained"
"StrongPerimetralTurning","2365","StrongPerimetralTurning.AdequateAlong","StrongPerimetralTurning.AdequateAlong","abbrev","definition relocated; exact public statement retained"
"StrongPerimetralTurning","2377","StrongPerimetralTurning.SpecRelativeHistoryExit","StrongPerimetralTurning.SpecRelativeHistoryExit","structure","definition relocated; exact public statement retained"
"StrongPerimetralTurning","2388","StrongPerimetralTurning.RootedGeneratedHistory.terminalClosureObstruction","StrongPerimetralTurning.RootedGeneratedHistory.terminalClosureObstruction","def","definition relocated; exact public statement retained"
"StrongPerimetralTurning","2393","StrongPerimetralTurning.RootedGeneratedHistory.terminalClosureObstruction_is_initial","StrongPerimetralTurning.RootedGeneratedHistory.terminalClosureObstruction_is_initial","theorem","definition relocated; exact public statement retained"
"StrongPerimetralTurning","2400","StrongPerimetralTurning.rootedGeneratedHistory_ext","StrongPerimetralTurning.rootedGeneratedHistory_ext","theorem","definition relocated; exact public statement retained"
"StrongPerimetralTurning","2414","StrongPerimetralTurning.rootedHistoryRoot","StrongPerimetralTurning.rootedHistoryRoot","def","definition relocated; exact public statement retained"
"StrongPerimetralTurning","2417","StrongPerimetralTurning.appendRooted","StrongPerimetralTurning.appendRooted","def","definition relocated; exact public statement retained"
"StrongPerimetralTurning","2425","StrongPerimetralTurning.appendGenerated","StrongPerimetralTurning.appendGenerated","def","definition relocated; exact public statement retained"
"StrongPerimetralTurning","2434","StrongPerimetralTurning.preserveHistoricalProvenanceIntoCanonicalTarget","StrongPerimetralTurning.preserveHistoricalProvenanceIntoCanonicalTarget","def","definition relocated; exact public statement retained"
"StrongPerimetralTurning","2445","StrongPerimetralTurning.preserveHistoricalProvenanceAlongStep","StrongPerimetralTurning.preserveHistoricalProvenanceAlongStep","def","definition relocated; exact public statement retained"
"StrongPerimetralTurning","2455","StrongPerimetralTurning.preserveHistoricalProvenanceAlongHistory","StrongPerimetralTurning.preserveHistoricalProvenanceAlongHistory","def","definition relocated; exact public statement retained"
"StrongPerimetralTurning","2466","StrongPerimetralTurning.preserveFormationRecordAlongStep","StrongPerimetralTurning.preserveFormationRecordAlongStep","def","definition relocated; exact public statement retained"
"StrongPerimetralTurning","2478","StrongPerimetralTurning.preserveFormationRecordAlongHistory","StrongPerimetralTurning.preserveFormationRecordAlongHistory","def","definition relocated; exact public statement retained"
"StrongPerimetralTurning","2488","StrongPerimetralTurning.current_ne_preserved","StrongPerimetralTurning.current_ne_preserved","theorem","definition relocated; exact public statement retained"
"StrongPerimetralTurning","2501","StrongPerimetralTurning.FreshFormationRecord","StrongPerimetralTurning.FreshFormationRecord","inductive","definition relocated; exact public statement retained"
"StrongPerimetralTurning","2514","StrongPerimetralTurning.FreshFormationRecord.predecessor","StrongPerimetralTurning.FreshFormationRecord.predecessor","def","definition relocated; exact public statement retained"
"StrongPerimetralTurning","2520","StrongPerimetralTurning.FreshFormationRecord.priorHistory","StrongPerimetralTurning.FreshFormationRecord.priorHistory","def","definition relocated; exact public statement retained"
"StrongPerimetralTurning","2528","StrongPerimetralTurning.FreshFormationRecord.freshRecord","StrongPerimetralTurning.FreshFormationRecord.freshRecord","def","definition relocated; exact public statement retained"
"StrongPerimetralTurning","2536","StrongPerimetralTurning.FreshFormationRecord.lastStep","StrongPerimetralTurning.FreshFormationRecord.lastStep","def","definition relocated; exact public statement retained"
"StrongPerimetralTurning","2544","StrongPerimetralTurning.FreshFormationRecord.notFromPredecessor","StrongPerimetralTurning.FreshFormationRecord.notFromPredecessor","theorem","definition relocated; exact public statement retained"
"StrongPerimetralTurning","2556","StrongPerimetralTurning.FreshFormationRecord.notFromSource","StrongPerimetralTurning.FreshFormationRecord.notFromSource","theorem","definition relocated; exact public statement retained"
"StrongPerimetralTurning","2568","StrongPerimetralTurning.positiveGeneratedHistory_hasFreshFormation","StrongPerimetralTurning.positiveGeneratedHistory_hasFreshFormation","def","definition relocated; exact public statement retained"
"StrongPerimetralTurning","2575","StrongPerimetralTurning.rootedHistoryEq","StrongPerimetralTurning.rootedHistoryEq","theorem","definition relocated; exact public statement retained"
"StrongPerimetralTurning","2589","StrongPerimetralTurning.ConstitutivePrefix","StrongPerimetralTurning.ConstitutivePrefix","structure","definition relocated; exact public statement retained"
"StrongPerimetralTurning","2596","StrongPerimetralTurning.StrictConstitutivePrefix","StrongPerimetralTurning.StrictConstitutivePrefix","structure","definition relocated; exact public statement retained"
"StrongPerimetralTurning","2604","StrongPerimetralTurning.prefixReflexive","StrongPerimetralTurning.prefixReflexive","def","definition relocated; exact public statement retained"
"StrongPerimetralTurning","2609","StrongPerimetralTurning.prefixTransitive","StrongPerimetralTurning.prefixTransitive","def","definition relocated; exact public statement retained"
"StrongPerimetralTurning","2619","StrongPerimetralTurning.generatedStepCursorAdvance","StrongPerimetralTurning.generatedStepCursorAdvance","def","definition relocated; exact public statement retained"
"StrongPerimetralTurning","2627","StrongPerimetralTurning.CursorReach","StrongPerimetralTurning.CursorReach","inductive","definition relocated; exact public statement retained"
"StrongPerimetralTurning","2635","StrongPerimetralTurning.CursorReach.followedByStep","StrongPerimetralTurning.CursorReach.followedByStep","def","definition relocated; exact public statement retained"
"StrongPerimetralTurning","2644","StrongPerimetralTurning.CursorReach.trans","StrongPerimetralTurning.CursorReach.trans","def","definition relocated; exact public statement retained"
"StrongPerimetralTurning","2653","StrongPerimetralTurning.CursorFuture.transReach","StrongPerimetralTurning.CursorFuture.transReach","def","definition relocated; exact public statement retained"
"StrongPerimetralTurning","2662","StrongPerimetralTurning.generatedHistoryCursorReach","StrongPerimetralTurning.generatedHistoryCursorReach","def","definition relocated; exact public statement retained"
"StrongPerimetralTurning","2671","StrongPerimetralTurning.occurrenceSource_to_historyEndpoint_future","StrongPerimetralTurning.occurrenceSource_to_historyEndpoint_future","def","definition relocated; exact public statement retained"
"StrongPerimetralTurning","2684","StrongPerimetralTurning.occurrenceTarget_to_historyEndpoint_reach","StrongPerimetralTurning.occurrenceTarget_to_historyEndpoint_reach","def","definition relocated; exact public statement retained"
"StrongPerimetralTurning","2718","StrongPerimetralTurning.History.OccurrencePrecedes.sourceCursorFuture","StrongPerimetralTurning.History.OccurrencePrecedes.sourceCursorFuture","theorem","definition relocated; exact public statement retained"
"StrongPerimetralTurning","2732","StrongPerimetralTurning.History.OccurrencePrecedes.next_or_positiveGap","StrongPerimetralTurning.History.OccurrencePrecedes.next_or_positiveGap","theorem","definition relocated; exact public statement retained"
"StrongPerimetralTurning","2751","StrongPerimetralTurning.positiveGeneratedHistory_cursorAdvance","StrongPerimetralTurning.positiveGeneratedHistory_cursorAdvance","def","definition relocated; exact public statement retained"
"StrongPerimetralTurning","2759","StrongPerimetralTurning.positiveGeneratedHistory_source_ne_target","StrongPerimetralTurning.positiveGeneratedHistory_source_ne_target","theorem","definition relocated; exact public statement retained"
"StrongPerimetralTurning","2776","StrongPerimetralTurning.generatedHistory_equalEndpoints_noOccurrence","StrongPerimetralTurning.generatedHistory_equalEndpoints_noOccurrence","theorem","definition relocated; exact public statement retained"
"StrongPerimetralTurning","2795","StrongPerimetralTurning.append_positive_ne","StrongPerimetralTurning.append_positive_ne","theorem","definition relocated; exact public statement retained"
"StrongPerimetralTurning","2807","StrongPerimetralTurning.strictPrefix_ne","StrongPerimetralTurning.strictPrefix_ne","theorem","definition relocated; exact public statement retained"
"StrongPerimetralTurning","2820","StrongPerimetralTurning.positiveAtRemaining","StrongPerimetralTurning.positiveAtRemaining","def","definition relocated; exact public statement retained"
"StrongPerimetralTurning","2829","StrongPerimetralTurning.deployRemaining","StrongPerimetralTurning.deployRemaining","def","definition relocated; exact public statement retained"
"StrongPerimetralTurning","2851","StrongPerimetralTurning.perimeterDeployment","StrongPerimetralTurning.perimeterDeployment","def","definition relocated; exact public statement retained"
"StrongPerimetralTurning","2856","StrongPerimetralTurning.perimeterEndpoint","StrongPerimetralTurning.perimeterEndpoint","def","definition relocated; exact public statement retained"
"StrongPerimetralTurning","2859","StrongPerimetralTurning.perimeterHistory","StrongPerimetralTurning.perimeterHistory","def","definition relocated; exact public statement retained"
"StrongPerimetralTurning","2863","StrongPerimetralTurning.deployRemaining_finalCursor","StrongPerimetralTurning.deployRemaining_finalCursor","theorem","definition relocated; exact public statement retained"
"StrongPerimetralTurning","2884","StrongPerimetralTurning.perimeterEndpoint_cursor_boundary","StrongPerimetralTurning.perimeterEndpoint_cursor_boundary","theorem","definition relocated; exact public statement retained"
"StrongPerimetralTurning","2891","StrongPerimetralTurning.generate_after_perimeter","StrongPerimetralTurning.generate_after_perimeter","def","definition relocated; exact public statement retained"
"StrongPerimetralTurning","2897","StrongPerimetralTurning.generate_after_perimeter_is_beyond","StrongPerimetralTurning.generate_after_perimeter_is_beyond","theorem","definition relocated; exact public statement retained"
"StrongPerimetralTurning","2904","StrongPerimetralTurning.oneStepAfterPerimeter","StrongPerimetralTurning.oneStepAfterPerimeter","def","definition relocated; exact public statement retained"
"StrongPerimetralTurning","2908","StrongPerimetralTurning.oneStepAfterPerimeterStrict","StrongPerimetralTurning.oneStepAfterPerimeterStrict","def","definition relocated; exact public statement retained"
"StrongPerimetralTurning","2918","StrongPerimetralTurning.oneStepAfterPerimeter_ne","StrongPerimetralTurning.oneStepAfterPerimeter_ne","theorem","definition relocated; exact public statement retained"
"StrongPerimetralTurning","2925","StrongPerimetralTurning.perimetralBoundaryGenerator","StrongPerimetralTurning.perimetralBoundaryGenerator","def","definition relocated; exact public statement retained"
"StrongPerimetralTurning","2935","StrongPerimetralTurning.GeneratedOnlyPath","StrongPerimetralTurning.GeneratedOnlyPath","inductive","definition relocated; exact public statement retained"
"StrongPerimetralTurning","2947","StrongPerimetralTurning.prependGeneratedOnly","StrongPerimetralTurning.prependGeneratedOnly","def","definition relocated; exact public statement retained"
"StrongPerimetralTurning","2959","StrongPerimetralTurning.deployRemaining_generatedOnly","StrongPerimetralTurning.deployRemaining_generatedOnly","def","definition relocated; exact public statement retained"
"StrongPerimetralTurning","2972","StrongPerimetralTurning.GeneratedOnlyByFreeConstruction","StrongPerimetralTurning.GeneratedOnlyByFreeConstruction","def","definition relocated; exact public statement retained"
"StrongPerimetralTurning","2977","StrongPerimetralTurning.perimeterDeployment_generatedOnly","StrongPerimetralTurning.perimeterDeployment_generatedOnly","def","definition relocated; exact public statement retained"
"StrongPerimetralTurning","2983","StrongPerimetralTurning.FreePartialPath","StrongPerimetralTurning.FreePartialPath","inductive","definition relocated; exact public statement retained"
"StrongPerimetralTurning","3019","StrongPerimetralTurning.FreePartialPath.rootedAt","StrongPerimetralTurning.FreePartialPath.rootedAt","def","definition relocated; exact public statement retained"
"StrongPerimetralTurning","3031","StrongPerimetralTurning.FreePartialPath.completedRooted","StrongPerimetralTurning.FreePartialPath.completedRooted","def","definition relocated; exact public statement retained"
"StrongPerimetralTurning","3044","StrongPerimetralTurning.FreePartialPath.completion","StrongPerimetralTurning.FreePartialPath.completion","theorem","definition relocated; exact public statement retained"
"StrongPerimetralTurning","3087","StrongPerimetralTurning.FreePartialPath.finish","StrongPerimetralTurning.FreePartialPath.finish","def","definition relocated; exact public statement retained"
"StrongPerimetralTurning","3125","StrongPerimetralTurning.FreePartialRealization","StrongPerimetralTurning.FreePartialRealization","inductive","definition relocated; exact public statement retained"
"StrongPerimetralTurning","3139","StrongPerimetralTurning.prefixFromCompletedRooted","StrongPerimetralTurning.prefixFromCompletedRooted","def","definition relocated; exact public statement retained"
"StrongPerimetralTurning","3152","StrongPerimetralTurning.partial_is_prefix_of_perimeter","StrongPerimetralTurning.partial_is_prefix_of_perimeter","def","definition relocated; exact public statement retained"
"StrongPerimetralTurning","3161","StrongPerimetralTurning.transportFreePartialRealization","StrongPerimetralTurning.transportFreePartialRealization","def","definition relocated; exact public statement retained"
"StrongPerimetralTurning","3172","StrongPerimetralTurning.perimeterPartialPath","StrongPerimetralTurning.perimeterPartialPath","def","definition relocated; exact public statement retained"
"StrongPerimetralTurning","3188","StrongPerimetralTurning.perimeterIsFreePartial","StrongPerimetralTurning.perimeterIsFreePartial","def","definition relocated; exact public statement retained"
"StrongPerimetralTurning","3192","StrongPerimetralTurning.deployPositionToOccurrence","StrongPerimetralTurning.deployPositionToOccurrence","def","definition relocated; exact public statement retained"
"StrongPerimetralTurning","3224","StrongPerimetralTurning.classifyDeploymentOccurrence","StrongPerimetralTurning.classifyDeploymentOccurrence","def","definition relocated; exact public statement retained"
"StrongPerimetralTurning","3251","StrongPerimetralTurning.decodeDeploymentOccurrence","StrongPerimetralTurning.decodeDeploymentOccurrence","def","definition relocated; exact public statement retained"
"StrongPerimetralTurning","3295","StrongPerimetralTurning.deployOccurrenceToPosition","StrongPerimetralTurning.deployOccurrenceToPosition","def","definition relocated; exact public statement retained"
"StrongPerimetralTurning","3307","StrongPerimetralTurning.deployOccurrence_position_roundTrip","StrongPerimetralTurning.deployOccurrence_position_roundTrip","theorem","definition relocated; exact public statement retained"
"StrongPerimetralTurning","3321","StrongPerimetralTurning.deployPositionToOccurrence_injective","StrongPerimetralTurning.deployPositionToOccurrence_injective","theorem","definition relocated; exact public statement retained"
"StrongPerimetralTurning","3361","StrongPerimetralTurning.deployPosition_occurrence_roundTrip","StrongPerimetralTurning.deployPosition_occurrence_roundTrip","theorem","definition relocated; exact public statement retained"
"StrongPerimetralTurning","3386","StrongPerimetralTurning.requirementToOccurrence","StrongPerimetralTurning.requirementToOccurrence","def","definition relocated; exact public statement retained"
"StrongPerimetralTurning","3393","StrongPerimetralTurning.occurrenceToRequirement","StrongPerimetralTurning.occurrenceToRequirement","def","definition relocated; exact public statement retained"
"StrongPerimetralTurning","3400","StrongPerimetralTurning.occurrenceToRequirement_toOccurrence","StrongPerimetralTurning.occurrenceToRequirement_toOccurrence","theorem","definition relocated; exact public statement retained"
"StrongPerimetralTurning","3408","StrongPerimetralTurning.requirementToOccurrence_toRequirement","StrongPerimetralTurning.requirementToOccurrence_toRequirement","theorem","definition relocated; exact public statement retained"
"StrongPerimetralTurning","3419","StrongPerimetralTurning.perimeterReadout","StrongPerimetralTurning.perimeterReadout","def","definition relocated; exact public statement retained"
"StrongPerimetralTurning","3426","StrongPerimetralTurning.occurrenceReadoutOfPerimeter","StrongPerimetralTurning.occurrenceReadoutOfPerimeter","def","definition relocated; exact public statement retained"
"StrongPerimetralTurning","3433","StrongPerimetralTurning.occurrenceReadoutOfPerimeter_perimeterReadout","StrongPerimetralTurning.occurrenceReadoutOfPerimeter_perimeterReadout","theorem","definition relocated; exact public statement retained"
"StrongPerimetralTurning","3445","StrongPerimetralTurning.perimeterReadout_occurrenceReadoutOfPerimeter","StrongPerimetralTurning.perimeterReadout_occurrenceReadoutOfPerimeter","theorem","definition relocated; exact public statement retained"
"StrongPerimetralTurning","3457","StrongPerimetralTurning.requirementToOccurrence_injective","StrongPerimetralTurning.requirementToOccurrence_injective","theorem","definition relocated; exact public statement retained"
"StrongPerimetralTurning","3465","StrongPerimetralTurning.positionSourceStateAux","StrongPerimetralTurning.positionSourceStateAux","def","definition relocated; exact public statement retained"
"StrongPerimetralTurning","3485","StrongPerimetralTurning.positionSourceState","StrongPerimetralTurning.positionSourceState","def","definition relocated; exact public statement retained"
"StrongPerimetralTurning","3495","StrongPerimetralTurning.positionTargetState","StrongPerimetralTurning.positionTargetState","def","definition relocated; exact public statement retained"
"StrongPerimetralTurning","3528","StrongPerimetralTurning.positionSourceCursorReach","StrongPerimetralTurning.positionSourceCursorReach","def","definition relocated; exact public statement retained"
"StrongPerimetralTurning","3540","StrongPerimetralTurning.positionLocatedStep","StrongPerimetralTurning.positionLocatedStep","def","definition relocated; exact public statement retained"
"StrongPerimetralTurning","3589","StrongPerimetralTurning.NonClosingNext.target_eq_source","StrongPerimetralTurning.NonClosingNext.target_eq_source","theorem","definition relocated; exact public statement retained"
"StrongPerimetralTurning","3613","StrongPerimetralTurning.deployPosition_locatedStep","StrongPerimetralTurning.deployPosition_locatedStep","theorem","definition relocated; exact public statement retained"
"StrongPerimetralTurning","3645","StrongPerimetralTurning.perimeterPositionSource","StrongPerimetralTurning.perimeterPositionSource","def","definition relocated; exact public statement retained"
"StrongPerimetralTurning","3651","StrongPerimetralTurning.perimeterPositionTarget","StrongPerimetralTurning.perimeterPositionTarget","def","definition relocated; exact public statement retained"
"StrongPerimetralTurning","3659","StrongPerimetralTurning.NonClosingPrecedes.sourceCursorFuture","StrongPerimetralTurning.NonClosingPrecedes.sourceCursorFuture","theorem","definition relocated; exact public statement retained"
"StrongPerimetralTurning","3671","StrongPerimetralTurning.ExactCompatibleTransport","StrongPerimetralTurning.ExactCompatibleTransport","abbrev","definition relocated; exact public statement retained"
"StrongPerimetralTurning","3673","StrongPerimetralTurning.ExactProvenanceTransport","StrongPerimetralTurning.ExactProvenanceTransport","abbrev","definition relocated; exact public statement retained"
"StrongPerimetralTurning","3966","StrongPerimetralTurning.rootedOccurrence_source_eq_of_cursor_eq","StrongPerimetralTurning.rootedOccurrence_source_eq_of_cursor_eq","theorem","definition relocated; exact public statement retained"
"StrongPerimetralTurning","4004","StrongPerimetralTurning.RequirementOccurrenceAgreement","StrongPerimetralTurning.RequirementOccurrenceAgreement","structure","definition relocated; exact public statement retained"
"StrongPerimetralTurning","4015","StrongPerimetralTurning.RequirementOccurrenceAgreement.transportOccurrence","StrongPerimetralTurning.RequirementOccurrenceAgreement.transportOccurrence","def","definition relocated; exact public statement retained"
"StrongPerimetralTurning","4063","StrongPerimetralTurning.RequirementOccurrenceAgreement.sourceStateExact","StrongPerimetralTurning.RequirementOccurrenceAgreement.sourceStateExact","def","definition relocated; exact public statement retained"
"StrongPerimetralTurning","4073","StrongPerimetralTurning.RequirementOccurrenceAgreement.locatedStepExact","StrongPerimetralTurning.RequirementOccurrenceAgreement.locatedStepExact","def","definition relocated; exact public statement retained"
"StrongPerimetralTurning","4087","StrongPerimetralTurning.RequirementOccurrenceAgreement.targetStateExact","StrongPerimetralTurning.RequirementOccurrenceAgreement.targetStateExact","def","definition relocated; exact public statement retained"
"StrongPerimetralTurning","4096","StrongPerimetralTurning.RequirementOccurrenceAgreement.targetCursorExact","StrongPerimetralTurning.RequirementOccurrenceAgreement.targetCursorExact","def","definition relocated; exact public statement retained"
"StrongPerimetralTurning","4106","StrongPerimetralTurning.RequirementOccurrenceAgreement.explicitReadoutExact","StrongPerimetralTurning.RequirementOccurrenceAgreement.explicitReadoutExact","def","definition relocated; exact public statement retained"
"StrongPerimetralTurning","4116","StrongPerimetralTurning.RequirementOccurrenceAgreement.implicitReadoutExact","StrongPerimetralTurning.RequirementOccurrenceAgreement.implicitReadoutExact","def","definition relocated; exact public statement retained"
"StrongPerimetralTurning","4126","StrongPerimetralTurning.RequirementOccurrenceAgreement.differenceReadoutExact","StrongPerimetralTurning.RequirementOccurrenceAgreement.differenceReadoutExact","def","definition relocated; exact public statement retained"
"StrongPerimetralTurning","4140","StrongPerimetralTurning.RequirementOccurrenceAgreement.stepExact","StrongPerimetralTurning.RequirementOccurrenceAgreement.stepExact","def","definition relocated; exact public statement retained"
"StrongPerimetralTurning","4151","StrongPerimetralTurning.RequirementOccurrenceAgreement.compatibilityTransport","StrongPerimetralTurning.RequirementOccurrenceAgreement.compatibilityTransport","def","definition relocated; exact public statement retained"
"StrongPerimetralTurning","4167","StrongPerimetralTurning.RequirementOccurrenceAgreement.compatibilityWitnessExact","StrongPerimetralTurning.RequirementOccurrenceAgreement.compatibilityWitnessExact","def","definition relocated; exact public statement retained"
"StrongPerimetralTurning","4180","StrongPerimetralTurning.RequirementOccurrenceAgreement.provenanceTransport","StrongPerimetralTurning.RequirementOccurrenceAgreement.provenanceTransport","def","definition relocated; exact public statement retained"
"StrongPerimetralTurning","4195","StrongPerimetralTurning.RequirementOccurrenceAgreement.provenanceWitnessExact","StrongPerimetralTurning.RequirementOccurrenceAgreement.provenanceWitnessExact","def","definition relocated; exact public statement retained"
"StrongPerimetralTurning","4212","StrongPerimetralTurning.canonicalRequirementAgreement","StrongPerimetralTurning.canonicalRequirementAgreement","def","definition relocated; exact public statement retained"
"StrongPerimetralTurning","4226","StrongPerimetralTurning.ExactNonClosingRealization","StrongPerimetralTurning.ExactNonClosingRealization","structure","definition relocated; exact public statement retained"
"StrongPerimetralTurning","4243","StrongPerimetralTurning.ExactNonClosingRealization.realize_injective","StrongPerimetralTurning.ExactNonClosingRealization.realize_injective","theorem","definition relocated; exact public statement retained"
"StrongPerimetralTurning","4287","StrongPerimetralTurning.ExactNonClosingRealization.preservesPrecedence","StrongPerimetralTurning.ExactNonClosingRealization.preservesPrecedence","theorem","definition relocated; exact public statement retained"
"StrongPerimetralTurning","4318","StrongPerimetralTurning.ExactNonClosingRealization.preservesNext","StrongPerimetralTurning.ExactNonClosingRealization.preservesNext","theorem","definition relocated; exact public statement retained"
"StrongPerimetralTurning","4350","StrongPerimetralTurning.ExactNonClosingRealization.embedPerimeterOccurrence","StrongPerimetralTurning.ExactNonClosingRealization.embedPerimeterOccurrence","def","definition relocated; exact public statement retained"
"StrongPerimetralTurning","4359","StrongPerimetralTurning.ExactNonClosingRealization.embedPerimeterOccurrence_locatedStep","StrongPerimetralTurning.ExactNonClosingRealization.embedPerimeterOccurrence_locatedStep","theorem","definition relocated; exact public statement retained"
"StrongPerimetralTurning","4378","StrongPerimetralTurning.ExactNonClosingRealization.embedPerimeterOccurrence_injective","StrongPerimetralTurning.ExactNonClosingRealization.embedPerimeterOccurrence_injective","theorem","definition relocated; exact public statement retained"
"StrongPerimetralTurning","4396","StrongPerimetralTurning.positiveStepThenHistory","StrongPerimetralTurning.positiveStepThenHistory","def","definition relocated; exact public statement retained"
"StrongPerimetralTurning","4411","StrongPerimetralTurning.deployRemaining_positive","StrongPerimetralTurning.deployRemaining_positive","def","definition relocated; exact public statement retained"
"StrongPerimetralTurning","4436","StrongPerimetralTurning.perimeterDeployment_positive","StrongPerimetralTurning.perimeterDeployment_positive","def","definition relocated; exact public statement retained"
"StrongPerimetralTurning","4446","StrongPerimetralTurning.History.Vertex.boundaryReadout","StrongPerimetralTurning.History.Vertex.boundaryReadout","def","definition relocated; exact public statement retained"
"StrongPerimetralTurning","4457","StrongPerimetralTurning.History.Vertex.initial_reads_left","StrongPerimetralTurning.History.Vertex.initial_reads_left","theorem","definition relocated; exact public statement retained"
"StrongPerimetralTurning","4469","StrongPerimetralTurning.History.Vertex.positive_final_reads_right","StrongPerimetralTurning.History.Vertex.positive_final_reads_right","theorem","definition relocated; exact public statement retained"
"StrongPerimetralTurning","4479","StrongPerimetralTurning.History.Vertex.positive_initial_ne_final","StrongPerimetralTurning.History.Vertex.positive_initial_ne_final","theorem","definition relocated; exact public statement retained"
"StrongPerimetralTurning","4489","StrongPerimetralTurning.History.Vertex.positive_final_reads_right_after_history_equality","StrongPerimetralTurning.History.Vertex.positive_final_reads_right_after_history_equality","theorem","definition relocated; exact public statement retained"
"StrongPerimetralTurning","4502","StrongPerimetralTurning.History.Vertex.positive_initial_ne_final_after_history_equality","StrongPerimetralTurning.History.Vertex.positive_initial_ne_final_after_history_equality","theorem","definition relocated; exact public statement retained"
"StrongPerimetralTurning","4515","StrongPerimetralTurning.ExactPerimeterRealization","StrongPerimetralTurning.ExactPerimeterRealization","structure","definition relocated; exact public statement retained"
"StrongPerimetralTurning","4540","StrongPerimetralTurning.perimeterRealization","StrongPerimetralTurning.perimeterRealization","def","definition relocated; exact public statement retained"
"StrongPerimetralTurning","4578","StrongPerimetralTurning.perimeterInternalRoleRealization","StrongPerimetralTurning.perimeterInternalRoleRealization","def","definition relocated; exact public statement retained"
"StrongPerimetralTurning","4590","StrongPerimetralTurning.transportOccurrence","StrongPerimetralTurning.transportOccurrence","def","definition relocated; exact public statement retained"
"StrongPerimetralTurning","4600","StrongPerimetralTurning.transportOccurrence_injective","StrongPerimetralTurning.transportOccurrence_injective","theorem","definition relocated; exact public statement retained"
"StrongPerimetralTurning","4611","StrongPerimetralTurning.locatedStep_transportOccurrence","StrongPerimetralTurning.locatedStep_transportOccurrence","theorem","definition relocated; exact public statement retained"
"StrongPerimetralTurning","4629","StrongPerimetralTurning.History.factorInitialGeneratedStep","StrongPerimetralTurning.History.factorInitialGeneratedStep","def","definition relocated; exact public statement retained"
"StrongPerimetralTurning","4669","StrongPerimetralTurning.History.extractRightOccurrenceAfterSingle","StrongPerimetralTurning.History.extractRightOccurrenceAfterSingle","def","definition relocated; exact public statement retained"
"StrongPerimetralTurning","4705","StrongPerimetralTurning.factorDeployRemainingFromExactOccurrences","StrongPerimetralTurning.factorDeployRemainingFromExactOccurrences","def","definition relocated; exact public statement retained"
"StrongPerimetralTurning","4845","StrongPerimetralTurning.PerimeterExtension","StrongPerimetralTurning.PerimeterExtension","structure","definition relocated; exact public statement retained"
"StrongPerimetralTurning","4857","StrongPerimetralTurning.ExactNonClosingRealization.toPerimeterExtension","StrongPerimetralTurning.ExactNonClosingRealization.toPerimeterExtension","def","definition relocated; exact public statement retained"
"StrongPerimetralTurning","4875","StrongPerimetralTurning.PerimeterExtension.oldOccurrence","StrongPerimetralTurning.PerimeterExtension.oldOccurrence","def","definition relocated; exact public statement retained"
"StrongPerimetralTurning","4885","StrongPerimetralTurning.PerimeterExtension.newOccurrence","StrongPerimetralTurning.PerimeterExtension.newOccurrence","def","definition relocated; exact public statement retained"
"StrongPerimetralTurning","4894","StrongPerimetralTurning.PerimeterExtension.oldOccurrenceAgreement","StrongPerimetralTurning.PerimeterExtension.oldOccurrenceAgreement","def","definition relocated; exact public statement retained"
"StrongPerimetralTurning","4911","StrongPerimetralTurning.PerimeterExtension.oldOccurrence_injective","StrongPerimetralTurning.PerimeterExtension.oldOccurrence_injective","theorem","definition relocated; exact public statement retained"
"StrongPerimetralTurning","4923","StrongPerimetralTurning.PerimeterExtension.toExactNonClosingRealization","StrongPerimetralTurning.PerimeterExtension.toExactNonClosingRealization","def","definition relocated; exact public statement retained"
"StrongPerimetralTurning","4931","StrongPerimetralTurning.PerimeterExtension.old_new_occurrences_disjoint","StrongPerimetralTurning.PerimeterExtension.old_new_occurrences_disjoint","theorem","definition relocated; exact public statement retained"
"StrongPerimetralTurning","4946","StrongPerimetralTurning.identityPerimeterExtension","StrongPerimetralTurning.identityPerimeterExtension","def","definition relocated; exact public statement retained"
"StrongPerimetralTurning","4951","StrongPerimetralTurning.oneStepAfterPerimeter_is_extension","StrongPerimetralTurning.oneStepAfterPerimeter_is_extension","def","definition relocated; exact public statement retained"
"StrongPerimetralTurning","4961","StrongPerimetralTurning.oneStepResidualDeterminationCore","StrongPerimetralTurning.oneStepResidualDeterminationCore","def","definition relocated; exact public statement retained"
"StrongPerimetralTurning","4985","StrongPerimetralTurning.oneStepCorePositive","StrongPerimetralTurning.oneStepCorePositive","def","definition relocated; exact public statement retained"
"StrongPerimetralTurning","4992","StrongPerimetralTurning.oneStepCoreResidualOccurrence","StrongPerimetralTurning.oneStepCoreResidualOccurrence","def","definition relocated; exact public statement retained"
"StrongPerimetralTurning","5000","StrongPerimetralTurning.oneStepCoreSegmentedBoundary","StrongPerimetralTurning.oneStepCoreSegmentedBoundary","def","definition relocated; exact public statement retained"
"StrongPerimetralTurning","5012","StrongPerimetralTurning.oneStepAfterPerimeter_nonClosingRealization","StrongPerimetralTurning.oneStepAfterPerimeter_nonClosingRealization","def","definition relocated; exact public statement retained"
"StrongPerimetralTurning","5022","StrongPerimetralTurning.CircularClosureMeaning","StrongPerimetralTurning.CircularClosureMeaning","abbrev","definition relocated; exact public statement retained"
"StrongPerimetralTurning","5029","StrongPerimetralTurning.perimeterDeployment_closureMeaning","StrongPerimetralTurning.perimeterDeployment_closureMeaning","def","definition relocated; exact public statement retained"
"StrongPerimetralTurning","5038","StrongPerimetralTurning.oneStepAfterPerimeter_notClosureMeaning","StrongPerimetralTurning.oneStepAfterPerimeter_notClosureMeaning","theorem","definition relocated; exact public statement retained"
"StrongPerimetralTurning","5046","StrongPerimetralTurning.CircularSpecificationSatisfaction","StrongPerimetralTurning.CircularSpecificationSatisfaction","structure","definition relocated; exact public statement retained"
"StrongPerimetralTurning","5053","StrongPerimetralTurning.perimeterDeployment_specificationSatisfaction","StrongPerimetralTurning.perimeterDeployment_specificationSatisfaction","def","definition relocated; exact public statement retained"
"StrongPerimetralTurning","5061","StrongPerimetralTurning.oneStepAfterPerimeter_notSpecificationSatisfaction","StrongPerimetralTurning.oneStepAfterPerimeter_notSpecificationSatisfaction","theorem","definition relocated; exact public statement retained"
"StrongPerimetralTurning","5072","StrongPerimetralTurning.CircularSpecificationSatisfaction.eq_perimeter","StrongPerimetralTurning.CircularSpecificationSatisfaction.eq_perimeter","theorem","definition relocated; exact public statement retained"
"StrongPerimetralTurning","5104","StrongPerimetralTurning.SemanticTrace","StrongPerimetralTurning.SemanticTrace","structure","definition relocated; exact public statement retained"
"StrongPerimetralTurning","5110","StrongPerimetralTurning.SemanticTrace.Occurrence","StrongPerimetralTurning.SemanticTrace.Occurrence","abbrev","definition relocated; exact public statement retained"
"StrongPerimetralTurning","5115","StrongPerimetralTurning.SemanticTrace.locatedStep","StrongPerimetralTurning.SemanticTrace.locatedStep","def","definition relocated; exact public statement retained"
"StrongPerimetralTurning","5127","StrongPerimetralTurning.LocatedRequirementAgreement","StrongPerimetralTurning.LocatedRequirementAgreement","structure","definition relocated; exact public statement retained"
"StrongPerimetralTurning","5139","StrongPerimetralTurning.SemanticExactNonClosingRealization","StrongPerimetralTurning.SemanticExactNonClosingRealization","structure","definition relocated; exact public statement retained"
"StrongPerimetralTurning","5154","StrongPerimetralTurning.SemanticOrderPreserved","StrongPerimetralTurning.SemanticOrderPreserved","def","definition relocated; exact public statement retained"
"StrongPerimetralTurning","5168","StrongPerimetralTurning.SemanticTrace.Between","StrongPerimetralTurning.SemanticTrace.Between","abbrev","definition relocated; exact public statement retained"
"StrongPerimetralTurning","5180","StrongPerimetralTurning.ExactSemanticBridgeSegment","StrongPerimetralTurning.ExactSemanticBridgeSegment","structure","definition relocated; exact public statement retained"
"StrongPerimetralTurning","5204","StrongPerimetralTurning.EffectiveConstitutiveBridge","StrongPerimetralTurning.EffectiveConstitutiveBridge","structure","definition relocated; exact public statement retained"
"StrongPerimetralTurning","5219","StrongPerimetralTurning.bridgeParticipation_between_empty_of_next","StrongPerimetralTurning.bridgeParticipation_between_empty_of_next","theorem","definition relocated; exact public statement retained"
"StrongPerimetralTurning","5262","StrongPerimetralTurning.effectiveBridge_between_empty_of_next","StrongPerimetralTurning.effectiveBridge_between_empty_of_next","theorem","definition relocated; exact public statement retained"
"StrongPerimetralTurning","5276","StrongPerimetralTurning.FaithfulPerimeterLabelling","StrongPerimetralTurning.FaithfulPerimeterLabelling","structure","definition relocated; exact public statement retained"
"StrongPerimetralTurning","5291","StrongPerimetralTurning.FaithfullyLabelledPerimeterExtension","StrongPerimetralTurning.FaithfullyLabelledPerimeterExtension","structure","definition relocated; exact public statement retained"
"StrongPerimetralTurning","5299","StrongPerimetralTurning.FaithfullyLabelledPerimeterExtension.continuation","StrongPerimetralTurning.FaithfullyLabelledPerimeterExtension.continuation","def","definition relocated; exact public statement retained"
"StrongPerimetralTurning","5306","StrongPerimetralTurning.FaithfullyLabelledPerimeterExtension.label","StrongPerimetralTurning.FaithfullyLabelledPerimeterExtension.label","def","definition relocated; exact public statement retained"
"StrongPerimetralTurning","5313","StrongPerimetralTurning.FaithfullyLabelledPerimeterExtension.oldOccurrence","StrongPerimetralTurning.FaithfullyLabelledPerimeterExtension.oldOccurrence","def","definition relocated; exact public statement retained"
"StrongPerimetralTurning","5321","StrongPerimetralTurning.FaithfullyLabelledPerimeterExtension.newOccurrence","StrongPerimetralTurning.FaithfullyLabelledPerimeterExtension.newOccurrence","def","definition relocated; exact public statement retained"
"StrongPerimetralTurning","5329","StrongPerimetralTurning.FaithfullyLabelledPerimeterExtension.preservesNonClosingLabels","StrongPerimetralTurning.FaithfullyLabelledPerimeterExtension.preservesNonClosingLabels","def","definition relocated; exact public statement retained"
"StrongPerimetralTurning","5337","StrongPerimetralTurning.FaithfullyLabelledPerimeterExtension.requirementFaithful","StrongPerimetralTurning.FaithfullyLabelledPerimeterExtension.requirementFaithful","def","definition relocated; exact public statement retained"
"StrongPerimetralTurning","5345","StrongPerimetralTurning.FaithfullyLabelledPerimeterExtension.old_new_occurrences_disjoint","StrongPerimetralTurning.FaithfullyLabelledPerimeterExtension.old_new_occurrences_disjoint","theorem","definition relocated; exact public statement retained"
"StrongPerimetralTurning","5356","StrongPerimetralTurning.FaithfullyLabelledPerimeterExtension.toSegmentedResidualExtension","StrongPerimetralTurning.FaithfullyLabelledPerimeterExtension.toSegmentedResidualExtension","def","definition relocated; exact public statement retained"
"StrongPerimetralTurning","5390","StrongPerimetralTurning.FaithfullyLabelledPerimeterExtension.segmentedResidualExtension_embedOld_injective","StrongPerimetralTurning.FaithfullyLabelledPerimeterExtension.segmentedResidualExtension_embedOld_injective","theorem","definition relocated; exact public statement retained"
"StrongPerimetralTurning","5401","StrongPerimetralTurning.FaithfullyLabelledPerimeterExtension.newOccurrence_cannotReuseNonClosingRequirement","StrongPerimetralTurning.FaithfullyLabelledPerimeterExtension.newOccurrence_cannotReuseNonClosingRequirement","theorem","definition relocated; exact public statement retained"
"StrongPerimetralTurning","5414","StrongPerimetralTurning.FaithfullyLabelledPerimeterExtension.newOccurrence_label_is_final","StrongPerimetralTurning.FaithfullyLabelledPerimeterExtension.newOccurrence_label_is_final","theorem","definition relocated; exact public statement retained"
"StrongPerimetralTurning","5424","StrongPerimetralTurning.FaithfullyLabelledPerimeterExtension.continuation_occurrences_unique","StrongPerimetralTurning.FaithfullyLabelledPerimeterExtension.continuation_occurrences_unique","theorem","definition relocated; exact public statement retained"
"StrongPerimetralTurning","5435","StrongPerimetralTurning.PositiveContinuation","StrongPerimetralTurning.PositiveContinuation","structure","definition relocated; exact public statement retained"
"StrongPerimetralTurning","5445","StrongPerimetralTurning.PositiveContinuation.toResidualPositive","StrongPerimetralTurning.PositiveContinuation.toResidualPositive","def","definition relocated; exact public statement retained"
"StrongPerimetralTurning","5460","StrongPerimetralTurning.FaithfullyLabelledPerimeterExtension.reconstructedInternalCompletion","StrongPerimetralTurning.FaithfullyLabelledPerimeterExtension.reconstructedInternalCompletion","def","definition relocated; exact public statement retained"
"StrongPerimetralTurning","5470","StrongPerimetralTurning.FaithfullyLabelledPerimeterExtension.reconstructed_roleToOccurrence_agrees","StrongPerimetralTurning.FaithfullyLabelledPerimeterExtension.reconstructed_roleToOccurrence_agrees","theorem","definition relocated; exact public statement retained"
"StrongPerimetralTurning","5483","StrongPerimetralTurning.FaithfullyLabelledPerimeterExtension.reconstructed_occurrenceToRole_agrees","StrongPerimetralTurning.FaithfullyLabelledPerimeterExtension.reconstructed_occurrenceToRole_agrees","theorem","definition relocated; exact public statement retained"
"StrongPerimetralTurning","5497","StrongPerimetralTurning.oneStepAfterPerimeter_positiveContinuation","StrongPerimetralTurning.oneStepAfterPerimeter_positiveContinuation","def","definition relocated; exact public statement retained"
"StrongPerimetralTurning","5506","StrongPerimetralTurning.History.exactlyOneOfPositiveAndUnique","StrongPerimetralTurning.History.exactlyOneOfPositiveAndUnique","def","definition relocated; exact public statement retained"
"StrongPerimetralTurning","5527","StrongPerimetralTurning.positiveContinuation_exactlyOne","StrongPerimetralTurning.positiveContinuation_exactlyOne","def","definition relocated; exact public statement retained"
"StrongPerimetralTurning","5545","StrongPerimetralTurning.rootContinuation_not_positive","StrongPerimetralTurning.rootContinuation_not_positive","theorem","definition relocated; exact public statement retained"
"StrongPerimetralTurning","5554","StrongPerimetralTurning.FinalBoundaryOccurrence","StrongPerimetralTurning.FinalBoundaryOccurrence","structure","definition relocated; exact public statement retained"
"StrongPerimetralTurning","5568","StrongPerimetralTurning.finalBoundaryOccurrence","StrongPerimetralTurning.finalBoundaryOccurrence","def","definition relocated; exact public statement retained"
"StrongPerimetralTurning","5585","StrongPerimetralTurning.FinalBoundaryOccurrence.historyOccurrence","StrongPerimetralTurning.FinalBoundaryOccurrence.historyOccurrence","def","definition relocated; exact public statement retained"
"StrongPerimetralTurning","5592","StrongPerimetralTurning.FinalBoundaryOccurrence.locatedStep","StrongPerimetralTurning.FinalBoundaryOccurrence.locatedStep","def","definition relocated; exact public statement retained"
"StrongPerimetralTurning","5599","StrongPerimetralTurning.FinalBoundaryOccurrence.source","StrongPerimetralTurning.FinalBoundaryOccurrence.source","def","definition relocated; exact public statement retained"
"StrongPerimetralTurning","5606","StrongPerimetralTurning.FinalBoundaryOccurrence.target","StrongPerimetralTurning.FinalBoundaryOccurrence.target","def","definition relocated; exact public statement retained"
"StrongPerimetralTurning","5613","StrongPerimetralTurning.FinalBoundaryOccurrence.step","StrongPerimetralTurning.FinalBoundaryOccurrence.step","def","definition relocated; exact public statement retained"
"StrongPerimetralTurning","5620","StrongPerimetralTurning.FinalBoundaryOccurrence.step_is_generatedStep","StrongPerimetralTurning.FinalBoundaryOccurrence.step_is_generatedStep","def","definition relocated; exact public statement retained"
"StrongPerimetralTurning","5627","StrongPerimetralTurning.FinalBoundaryOccurrence.continuationExactlyOne","StrongPerimetralTurning.FinalBoundaryOccurrence.continuationExactlyOne","def","definition relocated; exact public statement retained"
"StrongPerimetralTurning","5634","StrongPerimetralTurning.FinalBoundaryOccurrence.uniqueContinuationOccurrence","StrongPerimetralTurning.FinalBoundaryOccurrence.uniqueContinuationOccurrence","theorem","definition relocated; exact public statement retained"
"StrongPerimetralTurning","5643","StrongPerimetralTurning.FinalBoundaryOccurrence.source_is_perimeterEndpoint","StrongPerimetralTurning.FinalBoundaryOccurrence.source_is_perimeterEndpoint","theorem","definition relocated; exact public statement retained"
"StrongPerimetralTurning","5651","StrongPerimetralTurning.FinalBoundaryOccurrence.target_is_historyEndpoint","StrongPerimetralTurning.FinalBoundaryOccurrence.target_is_historyEndpoint","theorem","definition relocated; exact public statement retained"
"StrongPerimetralTurning","5659","StrongPerimetralTurning.FinalBoundaryOccurrence.target_is_canonicalTarget","StrongPerimetralTurning.FinalBoundaryOccurrence.target_is_canonicalTarget","theorem","definition relocated; exact public statement retained"
"StrongPerimetralTurning","5667","StrongPerimetralTurning.FinalBoundaryOccurrence.source_cursor_is_boundary","StrongPerimetralTurning.FinalBoundaryOccurrence.source_cursor_is_boundary","theorem","definition relocated; exact public statement retained"
"StrongPerimetralTurning","5675","StrongPerimetralTurning.FinalBoundaryOccurrence.target_cursor_is_beyond_first","StrongPerimetralTurning.FinalBoundaryOccurrence.target_cursor_is_beyond_first","theorem","definition relocated; exact public statement retained"
"StrongPerimetralTurning","5683","StrongPerimetralTurning.FinalBoundaryOccurrence.compatibility_is_leaveBoundary","StrongPerimetralTurning.FinalBoundaryOccurrence.compatibility_is_leaveBoundary","theorem","definition relocated; exact public statement retained"
"StrongPerimetralTurning","5700","StrongPerimetralTurning.FinalClosureInterpretation","StrongPerimetralTurning.FinalClosureInterpretation","structure","definition relocated; exact public statement retained"
"StrongPerimetralTurning","5732","StrongPerimetralTurning.finalClosureInterpretation","StrongPerimetralTurning.finalClosureInterpretation","def","definition relocated; exact public statement retained"
"StrongPerimetralTurning","5763","StrongPerimetralTurning.FinalClosureInterpretation.actualFreeStep","StrongPerimetralTurning.FinalClosureInterpretation.actualFreeStep","def","definition relocated; exact public statement retained"
"StrongPerimetralTurning","5771","StrongPerimetralTurning.FinalClosureInterpretation.invokedFinalJunction","StrongPerimetralTurning.FinalClosureInterpretation.invokedFinalJunction","def","definition relocated; exact public statement retained"
"StrongPerimetralTurning","5778","StrongPerimetralTurning.FinalClosureInterpretation.sourceObstructionIsInitial","StrongPerimetralTurning.FinalClosureInterpretation.sourceObstructionIsInitial","theorem","definition relocated; exact public statement retained"
"StrongPerimetralTurning","5786","StrongPerimetralTurning.FinalClosureInterpretation.actualFreeStep_source_is_terminalImplicit","StrongPerimetralTurning.FinalClosureInterpretation.actualFreeStep_source_is_terminalImplicit","theorem","definition relocated; exact public statement retained"
"StrongPerimetralTurning","5797","StrongPerimetralTurning.FinalClosureInterpretation.actualFreeStep_target_is_freeExplicit","StrongPerimetralTurning.FinalClosureInterpretation.actualFreeStep_target_is_freeExplicit","theorem","definition relocated; exact public statement retained"
"StrongPerimetralTurning","5807","StrongPerimetralTurning.FinalClosureInterpretation.invokedFinalJunction_source","StrongPerimetralTurning.FinalClosureInterpretation.invokedFinalJunction_source","def","definition relocated; exact public statement retained"
"StrongPerimetralTurning","5813","StrongPerimetralTurning.FinalClosureInterpretation.invokedFinalJunction_target","StrongPerimetralTurning.FinalClosureInterpretation.invokedFinalJunction_target","def","definition relocated; exact public statement retained"
"StrongPerimetralTurning","5819","StrongPerimetralTurning.FinalClosureInterpretation.invokedFinalJunction_source_is_terminalImplicit","StrongPerimetralTurning.FinalClosureInterpretation.invokedFinalJunction_source_is_terminalImplicit","theorem","definition relocated; exact public statement retained"
"StrongPerimetralTurning","5827","StrongPerimetralTurning.FinalClosureInterpretation.invokedFinalJunction_target_is_initialExplicit","StrongPerimetralTurning.FinalClosureInterpretation.invokedFinalJunction_target_is_initialExplicit","theorem","definition relocated; exact public statement retained"
"StrongPerimetralTurning","5837","StrongPerimetralTurning.ConstitutiveClosureAttachment","StrongPerimetralTurning.ConstitutiveClosureAttachment","structure","definition relocated; exact public statement retained"
"StrongPerimetralTurning","5854","StrongPerimetralTurning.ConstitutiveClosureAttachment.canonical","StrongPerimetralTurning.ConstitutiveClosureAttachment.canonical","def","definition relocated; exact public statement retained"
"StrongPerimetralTurning","5868","StrongPerimetralTurning.ConstitutiveClosureAttachment.formationRecordIsStepExact","StrongPerimetralTurning.ConstitutiveClosureAttachment.formationRecordIsStepExact","theorem","definition relocated; exact public statement retained"
"StrongPerimetralTurning","5878","StrongPerimetralTurning.ConstitutiveClosureAttachment.provenanceRecordIsStepExact","StrongPerimetralTurning.ConstitutiveClosureAttachment.provenanceRecordIsStepExact","theorem","definition relocated; exact public statement retained"
"StrongPerimetralTurning","5888","StrongPerimetralTurning.ConstitutiveClosureAttachment.obstructionIsInitial","StrongPerimetralTurning.ConstitutiveClosureAttachment.obstructionIsInitial","theorem","definition relocated; exact public statement retained"
"StrongPerimetralTurning","5899","StrongPerimetralTurning.BilateralClosureAttemptAt","StrongPerimetralTurning.BilateralClosureAttemptAt","structure","definition relocated; exact public statement retained"
"StrongPerimetralTurning","5909","StrongPerimetralTurning.BilateralClosureAttemptAt.explicitContraction","StrongPerimetralTurning.BilateralClosureAttemptAt.explicitContraction","def","definition relocated; exact public statement retained"
"StrongPerimetralTurning","5922","StrongPerimetralTurning.BilateralClosureAttemptAt.implicitContraction","StrongPerimetralTurning.BilateralClosureAttemptAt.implicitContraction","def","definition relocated; exact public statement retained"
"StrongPerimetralTurning","5935","StrongPerimetralTurning.BilateralClosureAttemptAt.Contractions","StrongPerimetralTurning.BilateralClosureAttemptAt.Contractions","structure","definition relocated; exact public statement retained"
"StrongPerimetralTurning","5945","StrongPerimetralTurning.BilateralClosureAttemptAt.contractions","StrongPerimetralTurning.BilateralClosureAttemptAt.contractions","def","definition relocated; exact public statement retained"
"StrongPerimetralTurning","5956","StrongPerimetralTurning.BilateralClosureAttemptAt.rejectExplicit","StrongPerimetralTurning.BilateralClosureAttemptAt.rejectExplicit","def","definition relocated; exact public statement retained"
"StrongPerimetralTurning","5964","StrongPerimetralTurning.BilateralClosureAttemptAt.rejectImplicit","StrongPerimetralTurning.BilateralClosureAttemptAt.rejectImplicit","def","definition relocated; exact public statement retained"
"StrongPerimetralTurning","5974","StrongPerimetralTurning.CircularRefinement","StrongPerimetralTurning.CircularRefinement","structure","definition relocated; exact public statement retained"
"StrongPerimetralTurning","5994","StrongPerimetralTurning.CircularRefinement.toLabelled","StrongPerimetralTurning.CircularRefinement.toLabelled","def","definition relocated; exact public statement retained"
"StrongPerimetralTurning","6002","StrongPerimetralTurning.CircularRefinement.continuation","StrongPerimetralTurning.CircularRefinement.continuation","def","definition relocated; exact public statement retained"
"StrongPerimetralTurning","6009","StrongPerimetralTurning.CircularRefinement.recompose","StrongPerimetralTurning.CircularRefinement.recompose","def","definition relocated; exact public statement retained"
"StrongPerimetralTurning","6017","StrongPerimetralTurning.CircularRefinement.label","StrongPerimetralTurning.CircularRefinement.label","def","definition relocated; exact public statement retained"
"StrongPerimetralTurning","6024","StrongPerimetralTurning.CircularRefinement.preservesNonClosingLabels","StrongPerimetralTurning.CircularRefinement.preservesNonClosingLabels","def","definition relocated; exact public statement retained"
"StrongPerimetralTurning","6033","StrongPerimetralTurning.CircularRefinement.requirementFaithful","StrongPerimetralTurning.CircularRefinement.requirementFaithful","def","definition relocated; exact public statement retained"
"StrongPerimetralTurning","6041","StrongPerimetralTurning.CircularRefinement.oldOccurrence","StrongPerimetralTurning.CircularRefinement.oldOccurrence","def","definition relocated; exact public statement retained"
"StrongPerimetralTurning","6049","StrongPerimetralTurning.CircularRefinement.newOccurrence","StrongPerimetralTurning.CircularRefinement.newOccurrence","def","definition relocated; exact public statement retained"
"StrongPerimetralTurning","6057","StrongPerimetralTurning.CircularRefinement.old_new_occurrences_disjoint","StrongPerimetralTurning.CircularRefinement.old_new_occurrences_disjoint","theorem","definition relocated; exact public statement retained"
"StrongPerimetralTurning","6067","StrongPerimetralTurning.CircularRefinement.newOccurrence_cannotReuseNonClosingRequirement","StrongPerimetralTurning.CircularRefinement.newOccurrence_cannotReuseNonClosingRequirement","theorem","definition relocated; exact public statement retained"
"StrongPerimetralTurning","6081","StrongPerimetralTurning.identityCircularRefinement","StrongPerimetralTurning.identityCircularRefinement","def","definition relocated; exact public statement retained"
"StrongPerimetralTurning","6118","StrongPerimetralTurning.CoreCircularResidualContext","StrongPerimetralTurning.CoreCircularResidualContext","structure","definition relocated; exact public statement retained"
"StrongPerimetralTurning","6124","StrongPerimetralTurning.coreCircularBoundaryType","StrongPerimetralTurning.coreCircularBoundaryType","def","definition relocated; exact public statement retained"
"StrongPerimetralTurning","6137","StrongPerimetralTurning.coreCircularPositiveResidualBoundary","StrongPerimetralTurning.coreCircularPositiveResidualBoundary","def","definition relocated; exact public statement retained"
"StrongPerimetralTurning","6162","StrongPerimetralTurning.CoreResidualClosureInterpretation","StrongPerimetralTurning.CoreResidualClosureInterpretation","structure","definition relocated; exact public statement retained"
"StrongPerimetralTurning","6175","StrongPerimetralTurning.coreInterpretResidual","StrongPerimetralTurning.coreInterpretResidual","def","definition relocated; exact public statement retained"
"StrongPerimetralTurning","6189","StrongPerimetralTurning.CoreResidualClosureAttempt","StrongPerimetralTurning.CoreResidualClosureAttempt","structure","definition relocated; exact public statement retained"
"StrongPerimetralTurning","6196","StrongPerimetralTurning.rejectCoreResidualClosureAttempt","StrongPerimetralTurning.rejectCoreResidualClosureAttempt","def","definition relocated; exact public statement retained"
"StrongPerimetralTurning","6205","StrongPerimetralTurning.CoreCircularPositiveBranch","StrongPerimetralTurning.CoreCircularPositiveBranch","def","definition relocated; exact public statement retained"
"StrongPerimetralTurning","6222","StrongPerimetralTurning.CoreCircularRefinement","StrongPerimetralTurning.CoreCircularRefinement","structure","definition relocated; exact public statement retained"
"StrongPerimetralTurning","6230","StrongPerimetralTurning.identityCoreCircularRefinement","StrongPerimetralTurning.identityCoreCircularRefinement","def","definition relocated; exact public statement retained"
"StrongPerimetralTurning","6236","StrongPerimetralTurning.CircularRefinement.toCoreCircularRefinement","StrongPerimetralTurning.CircularRefinement.toCoreCircularRefinement","def","definition relocated; exact public statement retained"
"StrongPerimetralTurning","6252","StrongPerimetralTurning.coreCircularRefinement_history_eq_perimeter","StrongPerimetralTurning.coreCircularRefinement_history_eq_perimeter","theorem","definition relocated; exact public statement retained"
"StrongPerimetralTurning","6273","StrongPerimetralTurning.circularRefinement_nonempty_iff_coreCircularRefinement_nonempty","StrongPerimetralTurning.circularRefinement_nonempty_iff_coreCircularRefinement_nonempty","theorem","definition relocated; exact public statement retained"
"StrongPerimetralTurning","6289","StrongPerimetralTurning.circularSpecification_complete","StrongPerimetralTurning.circularSpecification_complete","def","definition relocated; exact public statement retained"
"StrongPerimetralTurning","6300","StrongPerimetralTurning.oneStepFaithfulLabelling","StrongPerimetralTurning.oneStepFaithfulLabelling","def","definition relocated; exact public statement retained"
"StrongPerimetralTurning","6332","StrongPerimetralTurning.oneStepFaithfullyLabelledExtension","StrongPerimetralTurning.oneStepFaithfullyLabelledExtension","def","definition relocated; exact public statement retained"
"StrongPerimetralTurning","6340","StrongPerimetralTurning.oneStepSegmentedBoundary","StrongPerimetralTurning.oneStepSegmentedBoundary","def","definition relocated; exact public statement retained"
"StrongPerimetralTurning","6360","StrongPerimetralTurning.oneStepResidualPositive","StrongPerimetralTurning.oneStepResidualPositive","def","definition relocated; exact public statement retained"
"StrongPerimetralTurning","6371","StrongPerimetralTurning.oneStepResidualPositive_agrees_with_segmentedBoundary","StrongPerimetralTurning.oneStepResidualPositive_agrees_with_segmentedBoundary","theorem","definition relocated; exact public statement retained"
"StrongPerimetralTurning","6377","StrongPerimetralTurning.oneStepReconstructedInternalCompletion","StrongPerimetralTurning.oneStepReconstructedInternalCompletion","def","definition relocated; exact public statement retained"
"StrongPerimetralTurning","6385","StrongPerimetralTurning.oneStepReconstructedInternalRealization","StrongPerimetralTurning.oneStepReconstructedInternalRealization","def","definition relocated; exact public statement retained"
"StrongPerimetralTurning","6392","StrongPerimetralTurning.oneStepReconstructed_roleToOccurrence_agrees","StrongPerimetralTurning.oneStepReconstructed_roleToOccurrence_agrees","theorem","definition relocated; exact public statement retained"
"StrongPerimetralTurning","6401","StrongPerimetralTurning.oneStepReconstructed_occurrenceToRole_agrees","StrongPerimetralTurning.oneStepReconstructed_occurrenceToRole_agrees","theorem","definition relocated; exact public statement retained"
"StrongPerimetralTurning","6410","StrongPerimetralTurning.oneStepWeakResidualOccurrence","StrongPerimetralTurning.oneStepWeakResidualOccurrence","def","definition relocated; exact public statement retained"
"StrongPerimetralTurning","6420","StrongPerimetralTurning.oneStepPublicResidualOccurrence","StrongPerimetralTurning.oneStepPublicResidualOccurrence","def","definition relocated; exact public statement retained"
"StrongPerimetralTurning","6428","StrongPerimetralTurning.oneStepResidualOccurrence_agrees","StrongPerimetralTurning.oneStepResidualOccurrence_agrees","theorem","definition relocated; exact public statement retained"
"StrongPerimetralTurning","6434","StrongPerimetralTurning.oneStepWeakResidualOccurrence_label_is_final","StrongPerimetralTurning.oneStepWeakResidualOccurrence_label_is_final","theorem","definition relocated; exact public statement retained"
"StrongPerimetralTurning","6444","StrongPerimetralTurning.oneStepWeakResidualOccurrence_unique","StrongPerimetralTurning.oneStepWeakResidualOccurrence_unique","theorem","definition relocated; exact public statement retained"
"StrongPerimetralTurning","6451","StrongPerimetralTurning.FinalJunctionRealization","StrongPerimetralTurning.FinalJunctionRealization","structure","definition relocated; exact public statement retained"
"StrongPerimetralTurning","6459","StrongPerimetralTurning.FinalJunctionRealization.toBilateralContractions","StrongPerimetralTurning.FinalJunctionRealization.toBilateralContractions","def","definition relocated; exact public statement retained"
"StrongPerimetralTurning","6466","StrongPerimetralTurning.FinalJunctionRealization.toExplicitContractedClosureDifference","StrongPerimetralTurning.FinalJunctionRealization.toExplicitContractedClosureDifference","def","definition relocated; exact public statement retained"
"StrongPerimetralTurning","6473","StrongPerimetralTurning.FinalJunctionRealization.toImplicitContractedClosureDifference","StrongPerimetralTurning.FinalJunctionRealization.toImplicitContractedClosureDifference","def","definition relocated; exact public statement retained"
"StrongPerimetralTurning","6480","StrongPerimetralTurning.FinalJunctionRealization.toContractedClosureDifference","StrongPerimetralTurning.FinalJunctionRealization.toContractedClosureDifference","def","definition relocated; exact public statement retained"
"StrongPerimetralTurning","6487","StrongPerimetralTurning.FinalJunctionRealization.endpointEquality","StrongPerimetralTurning.FinalJunctionRealization.endpointEquality","def","definition relocated; exact public statement retained"
"StrongPerimetralTurning","6494","StrongPerimetralTurning.FinalJunctionRealization.toTotalLoop","StrongPerimetralTurning.FinalJunctionRealization.toTotalLoop","def","definition relocated; exact public statement retained"
"StrongPerimetralTurning","6502","StrongPerimetralTurning.FinalLoopRealization","StrongPerimetralTurning.FinalLoopRealization","structure","definition relocated; exact public statement retained"
"StrongPerimetralTurning","6507","StrongPerimetralTurning.FinalJunctionRealization.toFinalLoopRealization","StrongPerimetralTurning.FinalJunctionRealization.toFinalLoopRealization","def","definition relocated; exact public statement retained"
"StrongPerimetralTurning","6516","StrongPerimetralTurning.FinalLoopRealization.toTotalLoop","StrongPerimetralTurning.FinalLoopRealization.toTotalLoop","def","definition relocated; exact public statement retained"
"StrongPerimetralTurning","6522","StrongPerimetralTurning.FinalLoopRealization.toContractedClosureDifference","StrongPerimetralTurning.FinalLoopRealization.toContractedClosureDifference","def","definition relocated; exact public statement retained"
"StrongPerimetralTurning","6529","StrongPerimetralTurning.FinalLoopRealization.endpointEquality","StrongPerimetralTurning.FinalLoopRealization.endpointEquality","def","definition relocated; exact public statement retained"
"StrongPerimetralTurning","6538","StrongPerimetralTurning.FinalIdentification","StrongPerimetralTurning.FinalIdentification","structure","definition relocated; exact public statement retained"
"StrongPerimetralTurning","6545","StrongPerimetralTurning.FinalLoopRealization.toFinalIdentification","StrongPerimetralTurning.FinalLoopRealization.toFinalIdentification","def","definition relocated; exact public statement retained"
"StrongPerimetralTurning","6556","StrongPerimetralTurning.FinalIdentification.toTotalLoop","StrongPerimetralTurning.FinalIdentification.toTotalLoop","def","definition relocated; exact public statement retained"
"StrongPerimetralTurning","6562","StrongPerimetralTurning.FinalIdentification.toContractedClosureDifference","StrongPerimetralTurning.FinalIdentification.toContractedClosureDifference","def","definition relocated; exact public statement retained"
"StrongPerimetralTurning","6569","StrongPerimetralTurning.FinalIdentification.endpointEquality","StrongPerimetralTurning.FinalIdentification.endpointEquality","def","definition relocated; exact public statement retained"
"StrongPerimetralTurning","6578","StrongPerimetralTurning.refinementOutcome","StrongPerimetralTurning.refinementOutcome","def","definition relocated; exact public statement retained"
"StrongPerimetralTurning","6604","StrongPerimetralTurning.rejectFinalJunctionRealization","StrongPerimetralTurning.rejectFinalJunctionRealization","def","definition relocated; exact public statement retained"
"StrongPerimetralTurning","6610","StrongPerimetralTurning.rejectFinalJunctionRealizationImplicit","StrongPerimetralTurning.rejectFinalJunctionRealizationImplicit","def","definition relocated; exact public statement retained"
"StrongPerimetralTurning","6616","StrongPerimetralTurning.rejectFinalLoopRealization","StrongPerimetralTurning.rejectFinalLoopRealization","def","definition relocated; exact public statement retained"
"StrongPerimetralTurning","6622","StrongPerimetralTurning.rejectFinalIdentification","StrongPerimetralTurning.rejectFinalIdentification","def","definition relocated; exact public statement retained"
"StrongPerimetralTurning","6631","StrongPerimetralTurning.CircularResidualBoundaryContext","StrongPerimetralTurning.CircularResidualBoundaryContext","structure","definition relocated; exact public statement retained"
"StrongPerimetralTurning","6637","StrongPerimetralTurning.circularBoundaryNewOccurrence","StrongPerimetralTurning.circularBoundaryNewOccurrence","def","definition relocated; exact public statement retained"
"StrongPerimetralTurning","6643","StrongPerimetralTurning.circularBoundaryCombinedOccurrence","StrongPerimetralTurning.circularBoundaryCombinedOccurrence","def","definition relocated; exact public statement retained"
"StrongPerimetralTurning","6649","StrongPerimetralTurning.circularPositiveResidualBoundary","StrongPerimetralTurning.circularPositiveResidualBoundary","def","definition relocated; exact public statement retained"
"StrongPerimetralTurning","6681","StrongPerimetralTurning.analyzeCircularRefinementThroughResidual","StrongPerimetralTurning.analyzeCircularRefinementThroughResidual","def","definition relocated; exact public statement retained"
"StrongPerimetralTurning","6717","StrongPerimetralTurning.ResidualFinalClosureInterpretation","StrongPerimetralTurning.ResidualFinalClosureInterpretation","structure","definition relocated; exact public statement retained"
"StrongPerimetralTurning","6747","StrongPerimetralTurning.interpretCircularResidual","StrongPerimetralTurning.interpretCircularResidual","def","definition relocated; exact public statement retained"
"StrongPerimetralTurning","6784","StrongPerimetralTurning.ResidualBilateralClosureAttempt","StrongPerimetralTurning.ResidualBilateralClosureAttempt","structure","definition relocated; exact public statement retained"
"StrongPerimetralTurning","6790","StrongPerimetralTurning.rejectResidualBilateralClosureAttempt","StrongPerimetralTurning.rejectResidualBilateralClosureAttempt","theorem","definition relocated; exact public statement retained"
"StrongPerimetralTurning","6797","StrongPerimetralTurning.circularResidualBranch","StrongPerimetralTurning.circularResidualBranch","def","definition relocated; exact public statement retained"
"StrongPerimetralTurning","6824","StrongPerimetralTurning.analyzeCircularRegimeWithResidualAttempt","StrongPerimetralTurning.analyzeCircularRegimeWithResidualAttempt","def","definition relocated; exact public statement retained"
"StrongPerimetralTurning","6864","StrongPerimetralTurning.perimetralCoreCoupledRegime","StrongPerimetralTurning.perimetralCoreCoupledRegime","def","definition relocated; exact public statement retained"
"StrongPerimetralTurning","6905","StrongPerimetralTurning.perimetralCoreCoupledInterpretation_occurrence","StrongPerimetralTurning.perimetralCoreCoupledInterpretation_occurrence","theorem","definition relocated; exact public statement retained"
"StrongPerimetralTurning","6915","StrongPerimetralTurning.perimetralCoreObstructedRegime","StrongPerimetralTurning.perimetralCoreObstructedRegime","def","definition relocated; exact public statement retained"
"StrongPerimetralTurning","6921","StrongPerimetralTurning.perimetralCoupledRegime","StrongPerimetralTurning.perimetralCoupledRegime","def","definition relocated; exact public statement retained"
"StrongPerimetralTurning","6944","StrongPerimetralTurning.perimetralObstructedRegime","StrongPerimetralTurning.perimetralObstructedRegime","def","definition relocated; exact public statement retained"
"StrongPerimetralTurning","6950","StrongPerimetralTurning.oneStepCoreTurning","StrongPerimetralTurning.oneStepCoreTurning","def","definition relocated; exact public statement retained"
"StrongPerimetralTurning","6962","StrongPerimetralTurning.oneStepCoreTurning_toPublic","StrongPerimetralTurning.oneStepCoreTurning_toPublic","def","definition relocated; exact public statement retained"
"StrongPerimetralTurning","6980","StrongPerimetralTurning.perimetralCoreCoupledTurning","StrongPerimetralTurning.perimetralCoreCoupledTurning","def","definition relocated; exact public statement retained"
"StrongPerimetralTurning","6987","StrongPerimetralTurning.historicalCoupledTurningOfCircularPresentation","StrongPerimetralTurning.historicalCoupledTurningOfCircularPresentation","def","definition relocated; exact public statement retained"
"StrongPerimetralTurning","6993","StrongPerimetralTurning.coupledTurningOfCircularPresentation","StrongPerimetralTurning.coupledTurningOfCircularPresentation","def","definition relocated; exact public statement retained"
"StrongPerimetralTurning","7000","StrongPerimetralTurning.historicalAbstractTurningOfCircularPresentation","StrongPerimetralTurning.historicalAbstractTurningOfCircularPresentation","def","definition relocated; exact public statement retained"
"StrongPerimetralTurning","7011","StrongPerimetralTurning.abstractTurningOfCircularPresentation","StrongPerimetralTurning.abstractTurningOfCircularPresentation","def","definition relocated; exact public statement retained"
"StrongPerimetralTurning","7018","StrongPerimetralTurning.oneStepCoreResidualOccurrence_agrees_with_weak","StrongPerimetralTurning.oneStepCoreResidualOccurrence_agrees_with_weak","theorem","definition relocated; exact public statement retained"
"StrongPerimetralTurning","7024","StrongPerimetralTurning.oneStepCoreResidualOccurrence_agrees_with_consumedTurning","StrongPerimetralTurning.oneStepCoreResidualOccurrence_agrees_with_consumedTurning","theorem","definition relocated; exact public statement retained"
"StrongPerimetralTurning","7033","StrongPerimetralTurning.oneStepWeakResidualOccurrence_agrees_with_consumedTurning","StrongPerimetralTurning.oneStepWeakResidualOccurrence_agrees_with_consumedTurning","theorem","definition relocated; exact public statement retained"
"StrongPerimetralTurning","7040","StrongPerimetralTurning.noIntermediateRefinement","StrongPerimetralTurning.noIntermediateRefinement","theorem","definition relocated; exact public statement retained"
"StrongPerimetralTurning","7048","StrongPerimetralTurning.ExactCircularRefinementClassification","StrongPerimetralTurning.ExactCircularRefinementClassification","structure","definition relocated; exact public statement retained"
"StrongPerimetralTurning","7056","StrongPerimetralTurning.exactCircularRefinementClassification","StrongPerimetralTurning.exactCircularRefinementClassification","def","definition relocated; exact public statement retained"
"StrongPerimetralTurning","7067","StrongPerimetralTurning.oneStepAfterPerimeter_notCircularRefinement","StrongPerimetralTurning.oneStepAfterPerimeter_notCircularRefinement","theorem","definition relocated; exact public statement retained"
"StrongPerimetralTurning","7072","StrongPerimetralTurning.strictRefinementProducesFinalJunctionRealization","StrongPerimetralTurning.strictRefinementProducesFinalJunctionRealization","def","definition relocated; exact public statement retained"
"StrongPerimetralTurning","7082","StrongPerimetralTurning.strictRefinementProducesFinalLoopRealization","StrongPerimetralTurning.strictRefinementProducesFinalLoopRealization","def","definition relocated; exact public statement retained"
"StrongPerimetralTurning","7091","StrongPerimetralTurning.strictRefinementProducesFinalIdentification","StrongPerimetralTurning.strictRefinementProducesFinalIdentification","def","definition relocated; exact public statement retained"
"StrongPerimetralTurning","7099","StrongPerimetralTurning.strictRefinementProducesTotalLoop","StrongPerimetralTurning.strictRefinementProducesTotalLoop","def","definition relocated; exact public statement retained"
"StrongPerimetralTurning","7109","StrongPerimetralTurning.circularRefinement_soundSpecification","StrongPerimetralTurning.circularRefinement_soundSpecification","def","definition relocated; exact public statement retained"
"StrongPerimetralTurning","7120","StrongPerimetralTurning.noStrictSamePerimeterExtension","StrongPerimetralTurning.noStrictSamePerimeterExtension","theorem","definition relocated; exact public statement retained"
"StrongPerimetralTurning","7127","StrongPerimetralTurning.PerimetrallyAdmissible","StrongPerimetralTurning.PerimetrallyAdmissible","inductive","definition relocated; exact public statement retained"
"StrongPerimetralTurning","7136","StrongPerimetralTurning.admissible_is_prefix_of_perimeter","StrongPerimetralTurning.admissible_is_prefix_of_perimeter","def","definition relocated; exact public statement retained"
"StrongPerimetralTurning","7146","StrongPerimetralTurning.StrongPerimetralTurningCertificate","StrongPerimetralTurning.StrongPerimetralTurningCertificate","structure","definition relocated; exact public statement retained"
"StrongPerimetralTurning","7204","StrongPerimetralTurning.strongPerimetralTurning","StrongPerimetralTurning.strongPerimetralTurning","def","definition relocated; exact public statement retained"
"StrongPerimetralTurning","7240","StrongPerimetralTurning.History.length","StrongPerimetralTurning.History.length","def","definition relocated; exact public statement retained"
"StrongPerimetralTurning","7248","StrongPerimetralTurning.History.length_root","StrongPerimetralTurning.History.length_root","theorem","definition relocated; exact public statement retained"
"StrongPerimetralTurning","7254","StrongPerimetralTurning.History.length_extend","StrongPerimetralTurning.History.length_extend","theorem","definition relocated; exact public statement retained"
"StrongPerimetralTurning","7262","StrongPerimetralTurning.History.length_append_exact","StrongPerimetralTurning.History.length_append_exact","def","definition relocated; exact public statement retained"
"StrongPerimetralTurning","7277","StrongPerimetralTurning.History.length_append","StrongPerimetralTurning.History.length_append","theorem","definition relocated; exact public statement retained"
"StrongPerimetralTurning","7304","StrongPerimetralTurning.prefix_length_le","StrongPerimetralTurning.prefix_length_le","theorem","definition relocated; exact public statement retained"
"StrongPerimetralTurning","7318","StrongPerimetralTurning.strictPrefix_length_lt","StrongPerimetralTurning.strictPrefix_length_lt","theorem","definition relocated; exact public statement retained"
"StrongPerimetralTurning","7334","StrongPerimetralTurning.partial_length_le_perimeter","StrongPerimetralTurning.partial_length_le_perimeter","theorem","definition relocated; exact public statement retained"
"StrongPerimetralTurning","7341","StrongPerimetralTurning.admissible_length_le_perimeter","StrongPerimetralTurning.admissible_length_le_perimeter","theorem","definition relocated; exact public statement retained"
"StrongPerimetralTurning","7348","StrongPerimetralTurning.samePerimeter_length_eq","StrongPerimetralTurning.samePerimeter_length_eq","theorem","definition relocated; exact public statement retained"
"StrongPerimetralTurning","7356","StrongPerimetralTurning.no_longer_samePerimeter","StrongPerimetralTurning.no_longer_samePerimeter","theorem","definition relocated; exact public statement retained"
"StrongPerimetralTurning","7370","StrongPerimetralTurning.ConcreteContinuationAlgebra","StrongPerimetralTurning.ConcreteContinuationAlgebra","structure","definition relocated; exact public statement retained"
"StrongPerimetralTurning","7469","StrongPerimetralTurning.ConcreteContinuationAlgebra.formLayer","StrongPerimetralTurning.ConcreteContinuationAlgebra.formLayer","def","definition relocated; exact public statement retained"
"StrongPerimetralTurning","7481","StrongPerimetralTurning.ConcreteContinuationAlgebra.successor_fold_exact","StrongPerimetralTurning.ConcreteContinuationAlgebra.successor_fold_exact","theorem","definition relocated; exact public statement retained"
"StrongPerimetralTurning","7491","StrongPerimetralTurning.ConcreteStepAgreement","StrongPerimetralTurning.ConcreteStepAgreement","structure","definition relocated; exact public statement retained"
"StrongPerimetralTurning","7527","StrongPerimetralTurning.ConcreteContinuationAlgebra.stepAgreement","StrongPerimetralTurning.ConcreteContinuationAlgebra.stepAgreement","def","definition relocated; exact public statement retained"
"StrongPerimetralTurning","7542","StrongPerimetralTurning.ConcreteContinuationAlgebra.realizeHistory","StrongPerimetralTurning.ConcreteContinuationAlgebra.realizeHistory","def","definition relocated; exact public statement retained"
"StrongPerimetralTurning","7553","StrongPerimetralTurning.concreteForwardOccurrence","StrongPerimetralTurning.concreteForwardOccurrence","def","definition relocated; exact public statement retained"
"StrongPerimetralTurning","7570","StrongPerimetralTurning.concreteBackwardOccurrence","StrongPerimetralTurning.concreteBackwardOccurrence","def","definition relocated; exact public statement retained"
"StrongPerimetralTurning","7587","StrongPerimetralTurning.concreteBackwardForward","StrongPerimetralTurning.concreteBackwardForward","theorem","definition relocated; exact public statement retained"
"StrongPerimetralTurning","7605","StrongPerimetralTurning.concreteForwardBackward","StrongPerimetralTurning.concreteForwardBackward","theorem","definition relocated; exact public statement retained"
"StrongPerimetralTurning","7623","StrongPerimetralTurning.ConcreteOccurrenceAgreement","StrongPerimetralTurning.ConcreteOccurrenceAgreement","structure","definition relocated; exact public statement retained"
"StrongPerimetralTurning","7643","StrongPerimetralTurning.concreteOccurrenceAgreement","StrongPerimetralTurning.concreteOccurrenceAgreement","def","definition relocated; exact public statement retained"
"StrongPerimetralTurning","7669","StrongPerimetralTurning.ExactHistoryInterpretation","StrongPerimetralTurning.ExactHistoryInterpretation","structure","definition relocated; exact public statement retained"
"StrongPerimetralTurning","7695","StrongPerimetralTurning.ExactHistoryInterpretation.pullbackReadout","StrongPerimetralTurning.ExactHistoryInterpretation.pullbackReadout","def","definition relocated; exact public statement retained"
"StrongPerimetralTurning","7709","StrongPerimetralTurning.ExactHistoryInterpretation.pushforwardReadout","StrongPerimetralTurning.ExactHistoryInterpretation.pushforwardReadout","def","definition relocated; exact public statement retained"
"StrongPerimetralTurning","7723","StrongPerimetralTurning.ExactHistoryInterpretation.pullbackReadout_pushforwardReadout","StrongPerimetralTurning.ExactHistoryInterpretation.pullbackReadout_pushforwardReadout","theorem","definition relocated; exact public statement retained"
"StrongPerimetralTurning","7743","StrongPerimetralTurning.ExactHistoryInterpretation.pushforwardReadout_pullbackReadout","StrongPerimetralTurning.ExactHistoryInterpretation.pushforwardReadout_pullbackReadout","theorem","definition relocated; exact public statement retained"
"StrongPerimetralTurning","7763","StrongPerimetralTurning.ExactHistoryInterpretation.transportConcreteHistory","StrongPerimetralTurning.ExactHistoryInterpretation.transportConcreteHistory","def","definition relocated; exact public statement retained"
"StrongPerimetralTurning","7776","StrongPerimetralTurning.ExactHistoryInterpretation.forwardOccurrence_injective","StrongPerimetralTurning.ExactHistoryInterpretation.forwardOccurrence_injective","theorem","definition relocated; exact public statement retained"
"StrongPerimetralTurning","7792","StrongPerimetralTurning.ExactHistoryInterpretation.backwardOccurrence_injective","StrongPerimetralTurning.ExactHistoryInterpretation.backwardOccurrence_injective","theorem","definition relocated; exact public statement retained"
"StrongPerimetralTurning","7810","StrongPerimetralTurning.exactlyInterpretHistory","StrongPerimetralTurning.exactlyInterpretHistory","def","definition relocated; exact public statement retained"
"StrongPerimetralTurning","7829","StrongPerimetralTurning.ExactConcreteRealization","StrongPerimetralTurning.ExactConcreteRealization","def","definition relocated; exact public statement retained"
"StrongPerimetralTurning","7836","StrongPerimetralTurning.ConcreteRegimeExit","StrongPerimetralTurning.ConcreteRegimeExit","abbrev","definition relocated; exact public statement retained"
"StrongPerimetralTurning","7842","StrongPerimetralTurning.PerimetralRegimeExit","StrongPerimetralTurning.PerimetralRegimeExit","structure","definition relocated; exact public statement retained"
"StrongPerimetralTurning","7851","StrongPerimetralTurning.PerimetralRegimeExit.toRegimeExit","StrongPerimetralTurning.PerimetralRegimeExit.toRegimeExit","def","definition relocated; exact public statement retained"
"StrongPerimetralTurning","7862","StrongPerimetralTurning.UniformConcreteRegimeExit","StrongPerimetralTurning.UniformConcreteRegimeExit","abbrev","definition relocated; exact public statement retained"
"StrongPerimetralTurning","7874","StrongPerimetralTurning.UniformPerimetralRegimeExit","StrongPerimetralTurning.UniformPerimetralRegimeExit","structure","definition relocated; exact public statement retained"
"StrongPerimetralTurning","7883","StrongPerimetralTurning.UniformPerimetralRegimeExit.toUniformRegimeExit","StrongPerimetralTurning.UniformPerimetralRegimeExit.toUniformRegimeExit","def","definition relocated; exact public statement retained"
"StrongPerimetralTurning","7890","StrongPerimetralTurning.UniformPerimetralRegimeExit.atImplementation","StrongPerimetralTurning.UniformPerimetralRegimeExit.atImplementation","def","definition relocated; exact public statement retained"
"StrongPerimetralTurning","7902","StrongPerimetralTurning.UniformPerimetralRegimeExit.at_forget","StrongPerimetralTurning.UniformPerimetralRegimeExit.at_forget","theorem","definition relocated; exact public statement retained"
"StrongPerimetralTurning","7913","StrongPerimetralTurning.UniformPerimetralRegimeExit.at_forget_named","StrongPerimetralTurning.UniformPerimetralRegimeExit.at_forget_named","theorem","definition relocated; exact public statement retained"
"StrongPerimetralTurning","7926","StrongPerimetralTurning.oneStepUniformPerimetralRegimeExit","StrongPerimetralTurning.oneStepUniformPerimetralRegimeExit","def","definition relocated; exact public statement retained"
"StrongPerimetralTurning","7936","StrongPerimetralTurning.oneStepPerimetralRegimeExit","StrongPerimetralTurning.oneStepPerimetralRegimeExit","def","definition relocated; exact public statement retained"
"StrongPerimetralTurning","7944","StrongPerimetralTurning.oneStepConcreteRegimeExit","StrongPerimetralTurning.oneStepConcreteRegimeExit","def","definition relocated; exact public statement retained"
"StrongPerimetralTurning","7952","StrongPerimetralTurning.HistoryAlignmentSpec","StrongPerimetralTurning.HistoryAlignmentSpec","abbrev","definition relocated; exact public statement retained"
"StrongPerimetralTurning","7960","StrongPerimetralTurning.circularNormativeAdequacy","StrongPerimetralTurning.circularNormativeAdequacy","def","definition relocated; exact public statement retained"
"StrongPerimetralTurning","7970","StrongPerimetralTurning.circularRefinement_adequateAlong","StrongPerimetralTurning.circularRefinement_adequateAlong","def","definition relocated; exact public statement retained"
"StrongPerimetralTurning","7986","StrongPerimetralTurning.oneStepSpecRelativeHistoryExit","StrongPerimetralTurning.oneStepSpecRelativeHistoryExit","def","definition relocated; exact public statement retained"
"StrongPerimetralTurning","8000","StrongPerimetralTurning.oneStepSpecRelativeHistoryExit_notSpecification","StrongPerimetralTurning.oneStepSpecRelativeHistoryExit_notSpecification","theorem","definition relocated; exact public statement retained"
"StrongPerimetralTurning","8009","StrongPerimetralTurning.ConcreteFaithfulPartialPath","StrongPerimetralTurning.ConcreteFaithfulPartialPath","inductive","definition relocated; exact public statement retained"
"StrongPerimetralTurning","8048","StrongPerimetralTurning.ReconstructedFaithfulPartialPath","StrongPerimetralTurning.ReconstructedFaithfulPartialPath","structure","definition relocated; exact public statement retained"
"StrongPerimetralTurning","8066","StrongPerimetralTurning.ConcreteFaithfulPartialPath.reconstruct","StrongPerimetralTurning.ConcreteFaithfulPartialPath.reconstruct","def","definition relocated; exact public statement retained"
"StrongPerimetralTurning","8098","StrongPerimetralTurning.ConcreteFaithfulPartialRealization","StrongPerimetralTurning.ConcreteFaithfulPartialRealization","structure","definition relocated; exact public statement retained"
"StrongPerimetralTurning","8112","StrongPerimetralTurning.FaithfulPartialInterpretation","StrongPerimetralTurning.FaithfulPartialInterpretation","structure","definition relocated; exact public statement retained"
"StrongPerimetralTurning","8124","StrongPerimetralTurning.interpretEveryFaithfulPartialRealization","StrongPerimetralTurning.interpretEveryFaithfulPartialRealization","def","definition relocated; exact public statement retained"
"StrongPerimetralTurning","8145","StrongPerimetralTurning.Example.Explicit","StrongPerimetralTurning.Example.Explicit","inductive","definition relocated; exact public statement retained"
"StrongPerimetralTurning","8151","StrongPerimetralTurning.Example.Implicit","StrongPerimetralTurning.Example.Implicit","inductive","definition relocated; exact public statement retained"
"StrongPerimetralTurning","8157","StrongPerimetralTurning.Example.Difference","StrongPerimetralTurning.Example.Difference","inductive","definition relocated; exact public statement retained"
"StrongPerimetralTurning","8163","StrongPerimetralTurning.Example.Provenance","StrongPerimetralTurning.Example.Provenance","inductive","definition relocated; exact public statement retained"
"StrongPerimetralTurning","8169","StrongPerimetralTurning.Example.Compatible","StrongPerimetralTurning.Example.Compatible","inductive","definition relocated; exact public statement retained"
"StrongPerimetralTurning","8179","StrongPerimetralTurning.Example.firstNode","StrongPerimetralTurning.Example.firstNode","def","definition relocated; exact public statement retained"
"StrongPerimetralTurning","8187","StrongPerimetralTurning.Example.secondNode","StrongPerimetralTurning.Example.secondNode","def","definition relocated; exact public statement retained"
"StrongPerimetralTurning","8195","StrongPerimetralTurning.Example.thirdNode","StrongPerimetralTurning.Example.thirdNode","def","definition relocated; exact public statement retained"
"StrongPerimetralTurning","8203","StrongPerimetralTurning.Example.fourthNode","StrongPerimetralTurning.Example.fourthNode","def","definition relocated; exact public statement retained"
"StrongPerimetralTurning","8211","StrongPerimetralTurning.Example.examplePerimeter","StrongPerimetralTurning.Example.examplePerimeter","def","definition relocated; exact public statement retained"
"StrongPerimetralTurning","8220","StrongPerimetralTurning.Example.examplePerimeterPositive","StrongPerimetralTurning.Example.examplePerimeterPositive","def","definition relocated; exact public statement retained"
"StrongPerimetralTurning","8222","StrongPerimetralTurning.Example.leftPole","StrongPerimetralTurning.Example.leftPole","def","definition relocated; exact public statement retained"
"StrongPerimetralTurning","8224","StrongPerimetralTurning.Example.rightPole","StrongPerimetralTurning.Example.rightPole","def","definition relocated; exact public statement retained"
"StrongPerimetralTurning","8226","StrongPerimetralTurning.Example.rejectFalseEqualsTrue","StrongPerimetralTurning.Example.rejectFalseEqualsTrue","def","definition relocated; exact public statement retained"
"StrongPerimetralTurning","8230","StrongPerimetralTurning.Example.examplePresentation","StrongPerimetralTurning.Example.examplePresentation","def","definition relocated; exact public statement retained"
"StrongPerimetralTurning","8255","StrongPerimetralTurning.Example.exampleP1","StrongPerimetralTurning.Example.exampleP1","def","definition relocated; exact public statement retained"
"StrongPerimetralTurning","8259","StrongPerimetralTurning.Example.exampleP2","StrongPerimetralTurning.Example.exampleP2","def","definition relocated; exact public statement retained"
"StrongPerimetralTurning","8263","StrongPerimetralTurning.Example.exampleP3","StrongPerimetralTurning.Example.exampleP3","def","definition relocated; exact public statement retained"
"StrongPerimetralTurning","8269","StrongPerimetralTurning.Example.permutedExampleTrace","StrongPerimetralTurning.Example.permutedExampleTrace","def","definition relocated; exact public statement retained"
"StrongPerimetralTurning","8330","StrongPerimetralTurning.Example.permutedExampleRealization","StrongPerimetralTurning.Example.permutedExampleRealization","def","definition relocated; exact public statement retained"
"StrongPerimetralTurning","8337","StrongPerimetralTurning.Example.permutedExample_realizes_p1_at_one","StrongPerimetralTurning.Example.permutedExample_realizes_p1_at_one","theorem","definition relocated; exact public statement retained"
"StrongPerimetralTurning","8341","StrongPerimetralTurning.Example.permutedExample_realizes_p2_at_zero","StrongPerimetralTurning.Example.permutedExample_realizes_p2_at_zero","theorem","definition relocated; exact public statement retained"
"StrongPerimetralTurning","8345","StrongPerimetralTurning.Example.permutedExample_realizes_p3_at_two","StrongPerimetralTurning.Example.permutedExample_realizes_p3_at_two","theorem","definition relocated; exact public statement retained"
"StrongPerimetralTurning","8349","StrongPerimetralTurning.Example.permutedExample_reverses_first_two","StrongPerimetralTurning.Example.permutedExample_reverses_first_two","theorem","definition relocated; exact public statement retained"
"StrongPerimetralTurning","8355","StrongPerimetralTurning.Example.exampleP1_precedes_exampleP2","StrongPerimetralTurning.Example.exampleP1_precedes_exampleP2","def","definition relocated; exact public statement retained"
"StrongPerimetralTurning","8364","StrongPerimetralTurning.Example.permutedExample_not_order_preserved","StrongPerimetralTurning.Example.permutedExample_not_order_preserved","theorem","definition relocated; exact public statement retained"
"StrongPerimetralTurning","8380","StrongPerimetralTurning.Example.exampleExtra1Source","StrongPerimetralTurning.Example.exampleExtra1Source","def","definition relocated; exact public statement retained"
"StrongPerimetralTurning","8384","StrongPerimetralTurning.Example.exampleExtra1","StrongPerimetralTurning.Example.exampleExtra1","def","definition relocated; exact public statement retained"
"StrongPerimetralTurning","8390","StrongPerimetralTurning.Example.exampleExtra2Source","StrongPerimetralTurning.Example.exampleExtra2Source","def","definition relocated; exact public statement retained"
"StrongPerimetralTurning","8394","StrongPerimetralTurning.Example.exampleExtra2","StrongPerimetralTurning.Example.exampleExtra2","def","definition relocated; exact public statement retained"
"StrongPerimetralTurning","8402","StrongPerimetralTurning.Example.interleavedExampleTrace","StrongPerimetralTurning.Example.interleavedExampleTrace","def","definition relocated; exact public statement retained"
"StrongPerimetralTurning","8466","StrongPerimetralTurning.Example.interleavedExampleRealization","StrongPerimetralTurning.Example.interleavedExampleRealization","def","definition relocated; exact public statement retained"
"StrongPerimetralTurning","8473","StrongPerimetralTurning.Example.interleavedExample_realizes_p1_at_zero","StrongPerimetralTurning.Example.interleavedExample_realizes_p1_at_zero","theorem","definition relocated; exact public statement retained"
"StrongPerimetralTurning","8477","StrongPerimetralTurning.Example.interleavedExample_realizes_p2_at_two","StrongPerimetralTurning.Example.interleavedExample_realizes_p2_at_two","theorem","definition relocated; exact public statement retained"
"StrongPerimetralTurning","8481","StrongPerimetralTurning.Example.interleavedExample_realizes_p3_at_four","StrongPerimetralTurning.Example.interleavedExample_realizes_p3_at_four","theorem","definition relocated; exact public statement retained"
"StrongPerimetralTurning","8487","StrongPerimetralTurning.Example.interleavedExample_order_preserved","StrongPerimetralTurning.Example.interleavedExample_order_preserved","def","definition relocated; exact public statement retained"
"StrongPerimetralTurning","8517","StrongPerimetralTurning.Example.exampleP1_next_exampleP2","StrongPerimetralTurning.Example.exampleP1_next_exampleP2","def","definition relocated; exact public statement retained"
"StrongPerimetralTurning","8524","StrongPerimetralTurning.Example.exampleP2_next_exampleP3","StrongPerimetralTurning.Example.exampleP2_next_exampleP3","def","definition relocated; exact public statement retained"
"StrongPerimetralTurning","8533","StrongPerimetralTurning.Example.interleavedExample_extra1_between","StrongPerimetralTurning.Example.interleavedExample_extra1_between","def","definition relocated; exact public statement retained"
"StrongPerimetralTurning","8543","StrongPerimetralTurning.Example.interleavedExample_extra2_between","StrongPerimetralTurning.Example.interleavedExample_extra2_between","def","definition relocated; exact public statement retained"
"StrongPerimetralTurning","8559","StrongPerimetralTurning.Example.interleavedExample_no_effective_bridge_p1_p2","StrongPerimetralTurning.Example.interleavedExample_no_effective_bridge_p1_p2","theorem","definition relocated; exact public statement retained"
"StrongPerimetralTurning","8573","StrongPerimetralTurning.Example.interleavedExample_no_effective_bridge_p2_p3","StrongPerimetralTurning.Example.interleavedExample_no_effective_bridge_p2_p3","theorem","definition relocated; exact public statement retained"
"StrongPerimetralTurning","8586","StrongPerimetralTurning.Example.exampleCertificate","StrongPerimetralTurning.Example.exampleCertificate","def","definition relocated; exact public statement retained"
"StrongPerimetralTurning","8590","StrongPerimetralTurning.Example.exampleEndpointsSeparated","StrongPerimetralTurning.Example.exampleEndpointsSeparated","theorem","definition relocated; exact public statement retained"
"StrongPerimetralTurning","8593","StrongPerimetralTurning.Example.examplePerimeterHasPositiveHistory","StrongPerimetralTurning.Example.examplePerimeterHasPositiveHistory","def","definition relocated; exact public statement retained"
"StrongPerimetralTurning","8601","StrongPerimetralTurning.Example.exampleNoIntermediate","StrongPerimetralTurning.Example.exampleNoIntermediate","theorem","definition relocated; exact public statement retained"
"StrongPerimetralTurning","8607","StrongPerimetralTurning.Example.exampleGeneratorContinuesBeyond","StrongPerimetralTurning.Example.exampleGeneratorContinuesBeyond","def","definition relocated; exact public statement retained"
"StrongPerimetralTurning","8612","StrongPerimetralTurning.Example.exampleBeyondHistory","StrongPerimetralTurning.Example.exampleBeyondHistory","def","definition relocated; exact public statement retained"
"StrongPerimetralTurning","8615","StrongPerimetralTurning.Example.exampleBeyondStrict","StrongPerimetralTurning.Example.exampleBeyondStrict","def","definition relocated; exact public statement retained"
"StrongPerimetralTurning","8620","StrongPerimetralTurning.Example.exampleBeyondIsNotSamePerimeter","StrongPerimetralTurning.Example.exampleBeyondIsNotSamePerimeter","theorem","definition relocated; exact public statement retained"
"StrongPerimetralTurning","8624","StrongPerimetralTurning.Example.exampleLengthExact","StrongPerimetralTurning.Example.exampleLengthExact","theorem","definition relocated; exact public statement retained"
"StrongPerimetralTurning","8627","StrongPerimetralTurning.Example.exampleNoLongerSamePerimeter","StrongPerimetralTurning.Example.exampleNoLongerSamePerimeter","theorem","definition relocated; exact public statement retained"
"StrongPerimetralTurning","8634","StrongPerimetralTurning.Example.exampleAfterPerimeterCursorIsBeyond","StrongPerimetralTurning.Example.exampleAfterPerimeterCursorIsBeyond","def","definition relocated; exact public statement retained"
"StrongPerimetralTurning","8638","StrongPerimetralTurning.Example.canonicalPositiveStep","StrongPerimetralTurning.Example.canonicalPositiveStep","def","definition relocated; exact public statement retained"
"StrongPerimetralTurning","8644","StrongPerimetralTurning.Example.canonicalTarget_ne_source","StrongPerimetralTurning.Example.canonicalTarget_ne_source","theorem","definition relocated; exact public statement retained"
"StrongPerimetralTurning","8651","StrongPerimetralTurning.Example.exampleAfterFirst","StrongPerimetralTurning.Example.exampleAfterFirst","def","definition relocated; exact public statement retained"
"StrongPerimetralTurning","8654","StrongPerimetralTurning.Example.exampleInitialObstructionStored","StrongPerimetralTurning.Example.exampleInitialObstructionStored","theorem","definition relocated; exact public statement retained"
"StrongPerimetralTurning","8660","StrongPerimetralTurning.Example.exampleAfterFirstObstructionPreserved","StrongPerimetralTurning.Example.exampleAfterFirstObstructionPreserved","theorem","definition relocated; exact public statement retained"
"StrongPerimetralTurning","8668","StrongPerimetralTurning.Example.exampleFormationConsumesInitialObstruction","StrongPerimetralTurning.Example.exampleFormationConsumesInitialObstruction","theorem","definition relocated; exact public statement retained"
"StrongPerimetralTurning","8676","StrongPerimetralTurning.Example.exampleIntegratedProvenanceStored","StrongPerimetralTurning.Example.exampleIntegratedProvenanceStored","theorem","definition relocated; exact public statement retained"
"StrongPerimetralTurning","8684","StrongPerimetralTurning.Example.exampleHistoricalFirstProvenancePreserved","StrongPerimetralTurning.Example.exampleHistoricalFirstProvenancePreserved","def","definition relocated; exact public statement retained"
"StrongPerimetralTurning","8689","StrongPerimetralTurning.Example.exampleHistoricalRecordReadsFirst","StrongPerimetralTurning.Example.exampleHistoricalRecordReadsFirst","theorem","definition relocated; exact public statement retained"
"StrongPerimetralTurning","8694","StrongPerimetralTurning.Example.exampleCurrentTargetReadsSecond","StrongPerimetralTurning.Example.exampleCurrentTargetReadsSecond","theorem","definition relocated; exact public statement retained"
"StrongPerimetralTurning","8699","StrongPerimetralTurning.Example.exampleRecoveredAfterFirst","StrongPerimetralTurning.Example.exampleRecoveredAfterFirst","def","definition relocated; exact public statement retained"
"StrongPerimetralTurning","8705","StrongPerimetralTurning.Example.exampleRecoveredAfterFirstReadsStoredProvenance","StrongPerimetralTurning.Example.exampleRecoveredAfterFirstReadsStoredProvenance","theorem","definition relocated; exact public statement retained"
"StrongPerimetralTurning","8710","StrongPerimetralTurning.Example.exampleRawFinalJunctionCompatibility","StrongPerimetralTurning.Example.exampleRawFinalJunctionCompatibility","def","definition relocated; exact public statement retained"
"StrongPerimetralTurning","8714","StrongPerimetralTurning.Example.exampleRawJunctionWithSeparatedEndpoints","StrongPerimetralTurning.Example.exampleRawJunctionWithSeparatedEndpoints","def","definition relocated; exact public statement retained"
"StrongPerimetralTurning","8719","StrongPerimetralTurning.Example.exampleOneStepFaithfulLabelling","StrongPerimetralTurning.Example.exampleOneStepFaithfulLabelling","def","definition relocated; exact public statement retained"
"StrongPerimetralTurning","8724","StrongPerimetralTurning.Example.examplePositiveContinuation","StrongPerimetralTurning.Example.examplePositiveContinuation","def","definition relocated; exact public statement retained"
"StrongPerimetralTurning","8729","StrongPerimetralTurning.Example.exampleFinalBoundaryOccurrence","StrongPerimetralTurning.Example.exampleFinalBoundaryOccurrence","def","definition relocated; exact public statement retained"
"StrongPerimetralTurning","8735","StrongPerimetralTurning.Example.exampleFinalClosureInterpretation","StrongPerimetralTurning.Example.exampleFinalClosureInterpretation","def","definition relocated; exact public statement retained"
"StrongPerimetralTurning","8739","StrongPerimetralTurning.Example.exampleActualFreeStep_source_is_fourth","StrongPerimetralTurning.Example.exampleActualFreeStep_source_is_fourth","theorem","definition relocated; exact public statement retained"
"StrongPerimetralTurning","8744","StrongPerimetralTurning.Example.exampleActualFreeStep_target_is_beyondFirst","StrongPerimetralTurning.Example.exampleActualFreeStep_target_is_beyondFirst","theorem","definition relocated; exact public statement retained"
"StrongPerimetralTurning","8749","StrongPerimetralTurning.Example.exampleActualFreeStep_is_leaveBoundary","StrongPerimetralTurning.Example.exampleActualFreeStep_is_leaveBoundary","theorem","definition relocated; exact public statement retained"
"StrongPerimetralTurning","8755","StrongPerimetralTurning.Example.exampleInvokedJunction_is_fourthToFirst","StrongPerimetralTurning.Example.exampleInvokedJunction_is_fourthToFirst","theorem","definition relocated; exact public statement retained"
"StrongPerimetralTurning","8759","StrongPerimetralTurning.Example.exampleFinalObstruction_is_initial","StrongPerimetralTurning.Example.exampleFinalObstruction_is_initial","theorem","definition relocated; exact public statement retained"
"StrongPerimetralTurning","8764","StrongPerimetralTurning.Example.exampleFinalProvenance_is_origin","StrongPerimetralTurning.Example.exampleFinalProvenance_is_origin","theorem","definition relocated; exact public statement retained"
"StrongPerimetralTurning","8769","StrongPerimetralTurning.Example.exampleFinalFormationRecord_is_current","StrongPerimetralTurning.Example.exampleFinalFormationRecord_is_current","theorem","definition relocated; exact public statement retained"
"StrongPerimetralTurning","8777","StrongPerimetralTurning.Example.exampleNoBilateralClosureAttemptAt","StrongPerimetralTurning.Example.exampleNoBilateralClosureAttemptAt","theorem","definition relocated; exact public statement retained"
"StrongPerimetralTurning","8781","StrongPerimetralTurning.Example.exampleNoImplicitBilateralClosureAttemptAt","StrongPerimetralTurning.Example.exampleNoImplicitBilateralClosureAttemptAt","theorem","definition relocated; exact public statement retained"
"StrongPerimetralTurning","8785","StrongPerimetralTurning.Example.exampleHistoricalFirstProvenancePreservedAfterSecond","StrongPerimetralTurning.Example.exampleHistoricalFirstProvenancePreservedAfterSecond","def","definition relocated; exact public statement retained"
"StrongPerimetralTurning","8793","StrongPerimetralTurning.Example.exampleHistoricalRecordAfterSecondStillReadsFirst","StrongPerimetralTurning.Example.exampleHistoricalRecordAfterSecondStillReadsFirst","theorem","definition relocated; exact public statement retained"
"StrongPerimetralTurning","8798","StrongPerimetralTurning.Example.exampleSecondStepFreshFormation","StrongPerimetralTurning.Example.exampleSecondStepFreshFormation","def","definition relocated; exact public statement retained"
"StrongPerimetralTurning","8804","StrongPerimetralTurning.Example.exampleFreshFormationRejectsPreviousRecord","StrongPerimetralTurning.Example.exampleFreshFormationRejectsPreviousRecord","theorem","definition relocated; exact public statement retained"
"StrongPerimetralTurning","8812","StrongPerimetralTurning.Example.exampleConcreteAlgebra","StrongPerimetralTurning.Example.exampleConcreteAlgebra","def","definition relocated; exact public statement retained"
"StrongPerimetralTurning","8849","StrongPerimetralTurning.Example.exampleFirstTail","StrongPerimetralTurning.Example.exampleFirstTail","def","definition relocated; exact public statement retained"
"StrongPerimetralTurning","8856","StrongPerimetralTurning.Example.exampleConcreteFirstPath","StrongPerimetralTurning.Example.exampleConcreteFirstPath","def","definition relocated; exact public statement retained"
"StrongPerimetralTurning","8866","StrongPerimetralTurning.Example.exampleConcreteFirstRealization","StrongPerimetralTurning.Example.exampleConcreteFirstRealization","def","definition relocated; exact public statement retained"
"StrongPerimetralTurning","8879","StrongPerimetralTurning.Example.exampleConcreteInterpretation","StrongPerimetralTurning.Example.exampleConcreteInterpretation","def","definition relocated; exact public statement retained"
